// Code generated by gen/Generate.java from Unicode 18.0.0. DO NOT EDIT.

// Normalization's tables: the decompositions, the combining classes and the script-specific
// composition exclusions, checked against DerivedNormalizationProps.txt's
// Full_Composition_Exclusion when they were generated, as of Unicode 18.0.0.
//
// Regenerate on a Unicode version bump with java gen/Generate.java ucd/<version>.
// SHA-256 of each input as downloaded (https://www.unicode.org/Public/18.0.0/ucd/):
//
//   - UnicodeData.txt: 0736451de439ae7baf1425136617da495e09ee5afbe6e394374db7009ea08950
//   - CompositionExclusions.txt: c759b100e9ae8960ae6b50fc5765950a7581fd9f30d4ef95f68f25a6d97e818e
//   - DerivedNormalizationProps.txt: 98ac7f67d985fe781e317f6182e885e94cabb0c314769e6dd73e48b226931ccd

package notation199x

// canonicalDecomposition is the one-step canonical decomposition; a code point not here has none (2081 code points).
var canonicalDecomposition = mapping{
	{0x00C0, []rune{0x0041, 0x0300}},
	{0x00C1, []rune{0x0041, 0x0301}},
	{0x00C2, []rune{0x0041, 0x0302}},
	{0x00C3, []rune{0x0041, 0x0303}},
	{0x00C4, []rune{0x0041, 0x0308}},
	{0x00C5, []rune{0x0041, 0x030A}},
	{0x00C7, []rune{0x0043, 0x0327}},
	{0x00C8, []rune{0x0045, 0x0300}},
	{0x00C9, []rune{0x0045, 0x0301}},
	{0x00CA, []rune{0x0045, 0x0302}},
	{0x00CB, []rune{0x0045, 0x0308}},
	{0x00CC, []rune{0x0049, 0x0300}},
	{0x00CD, []rune{0x0049, 0x0301}},
	{0x00CE, []rune{0x0049, 0x0302}},
	{0x00CF, []rune{0x0049, 0x0308}},
	{0x00D1, []rune{0x004E, 0x0303}},
	{0x00D2, []rune{0x004F, 0x0300}},
	{0x00D3, []rune{0x004F, 0x0301}},
	{0x00D4, []rune{0x004F, 0x0302}},
	{0x00D5, []rune{0x004F, 0x0303}},
	{0x00D6, []rune{0x004F, 0x0308}},
	{0x00D9, []rune{0x0055, 0x0300}},
	{0x00DA, []rune{0x0055, 0x0301}},
	{0x00DB, []rune{0x0055, 0x0302}},
	{0x00DC, []rune{0x0055, 0x0308}},
	{0x00DD, []rune{0x0059, 0x0301}},
	{0x00E0, []rune{0x0061, 0x0300}},
	{0x00E1, []rune{0x0061, 0x0301}},
	{0x00E2, []rune{0x0061, 0x0302}},
	{0x00E3, []rune{0x0061, 0x0303}},
	{0x00E4, []rune{0x0061, 0x0308}},
	{0x00E5, []rune{0x0061, 0x030A}},
	{0x00E7, []rune{0x0063, 0x0327}},
	{0x00E8, []rune{0x0065, 0x0300}},
	{0x00E9, []rune{0x0065, 0x0301}},
	{0x00EA, []rune{0x0065, 0x0302}},
	{0x00EB, []rune{0x0065, 0x0308}},
	{0x00EC, []rune{0x0069, 0x0300}},
	{0x00ED, []rune{0x0069, 0x0301}},
	{0x00EE, []rune{0x0069, 0x0302}},
	{0x00EF, []rune{0x0069, 0x0308}},
	{0x00F1, []rune{0x006E, 0x0303}},
	{0x00F2, []rune{0x006F, 0x0300}},
	{0x00F3, []rune{0x006F, 0x0301}},
	{0x00F4, []rune{0x006F, 0x0302}},
	{0x00F5, []rune{0x006F, 0x0303}},
	{0x00F6, []rune{0x006F, 0x0308}},
	{0x00F9, []rune{0x0075, 0x0300}},
	{0x00FA, []rune{0x0075, 0x0301}},
	{0x00FB, []rune{0x0075, 0x0302}},
	{0x00FC, []rune{0x0075, 0x0308}},
	{0x00FD, []rune{0x0079, 0x0301}},
	{0x00FF, []rune{0x0079, 0x0308}},
	{0x0100, []rune{0x0041, 0x0304}},
	{0x0101, []rune{0x0061, 0x0304}},
	{0x0102, []rune{0x0041, 0x0306}},
	{0x0103, []rune{0x0061, 0x0306}},
	{0x0104, []rune{0x0041, 0x0328}},
	{0x0105, []rune{0x0061, 0x0328}},
	{0x0106, []rune{0x0043, 0x0301}},
	{0x0107, []rune{0x0063, 0x0301}},
	{0x0108, []rune{0x0043, 0x0302}},
	{0x0109, []rune{0x0063, 0x0302}},
	{0x010A, []rune{0x0043, 0x0307}},
	{0x010B, []rune{0x0063, 0x0307}},
	{0x010C, []rune{0x0043, 0x030C}},
	{0x010D, []rune{0x0063, 0x030C}},
	{0x010E, []rune{0x0044, 0x030C}},
	{0x010F, []rune{0x0064, 0x030C}},
	{0x0112, []rune{0x0045, 0x0304}},
	{0x0113, []rune{0x0065, 0x0304}},
	{0x0114, []rune{0x0045, 0x0306}},
	{0x0115, []rune{0x0065, 0x0306}},
	{0x0116, []rune{0x0045, 0x0307}},
	{0x0117, []rune{0x0065, 0x0307}},
	{0x0118, []rune{0x0045, 0x0328}},
	{0x0119, []rune{0x0065, 0x0328}},
	{0x011A, []rune{0x0045, 0x030C}},
	{0x011B, []rune{0x0065, 0x030C}},
	{0x011C, []rune{0x0047, 0x0302}},
	{0x011D, []rune{0x0067, 0x0302}},
	{0x011E, []rune{0x0047, 0x0306}},
	{0x011F, []rune{0x0067, 0x0306}},
	{0x0120, []rune{0x0047, 0x0307}},
	{0x0121, []rune{0x0067, 0x0307}},
	{0x0122, []rune{0x0047, 0x0327}},
	{0x0123, []rune{0x0067, 0x0327}},
	{0x0124, []rune{0x0048, 0x0302}},
	{0x0125, []rune{0x0068, 0x0302}},
	{0x0128, []rune{0x0049, 0x0303}},
	{0x0129, []rune{0x0069, 0x0303}},
	{0x012A, []rune{0x0049, 0x0304}},
	{0x012B, []rune{0x0069, 0x0304}},
	{0x012C, []rune{0x0049, 0x0306}},
	{0x012D, []rune{0x0069, 0x0306}},
	{0x012E, []rune{0x0049, 0x0328}},
	{0x012F, []rune{0x0069, 0x0328}},
	{0x0130, []rune{0x0049, 0x0307}},
	{0x0134, []rune{0x004A, 0x0302}},
	{0x0135, []rune{0x006A, 0x0302}},
	{0x0136, []rune{0x004B, 0x0327}},
	{0x0137, []rune{0x006B, 0x0327}},
	{0x0139, []rune{0x004C, 0x0301}},
	{0x013A, []rune{0x006C, 0x0301}},
	{0x013B, []rune{0x004C, 0x0327}},
	{0x013C, []rune{0x006C, 0x0327}},
	{0x013D, []rune{0x004C, 0x030C}},
	{0x013E, []rune{0x006C, 0x030C}},
	{0x0143, []rune{0x004E, 0x0301}},
	{0x0144, []rune{0x006E, 0x0301}},
	{0x0145, []rune{0x004E, 0x0327}},
	{0x0146, []rune{0x006E, 0x0327}},
	{0x0147, []rune{0x004E, 0x030C}},
	{0x0148, []rune{0x006E, 0x030C}},
	{0x014C, []rune{0x004F, 0x0304}},
	{0x014D, []rune{0x006F, 0x0304}},
	{0x014E, []rune{0x004F, 0x0306}},
	{0x014F, []rune{0x006F, 0x0306}},
	{0x0150, []rune{0x004F, 0x030B}},
	{0x0151, []rune{0x006F, 0x030B}},
	{0x0154, []rune{0x0052, 0x0301}},
	{0x0155, []rune{0x0072, 0x0301}},
	{0x0156, []rune{0x0052, 0x0327}},
	{0x0157, []rune{0x0072, 0x0327}},
	{0x0158, []rune{0x0052, 0x030C}},
	{0x0159, []rune{0x0072, 0x030C}},
	{0x015A, []rune{0x0053, 0x0301}},
	{0x015B, []rune{0x0073, 0x0301}},
	{0x015C, []rune{0x0053, 0x0302}},
	{0x015D, []rune{0x0073, 0x0302}},
	{0x015E, []rune{0x0053, 0x0327}},
	{0x015F, []rune{0x0073, 0x0327}},
	{0x0160, []rune{0x0053, 0x030C}},
	{0x0161, []rune{0x0073, 0x030C}},
	{0x0162, []rune{0x0054, 0x0327}},
	{0x0163, []rune{0x0074, 0x0327}},
	{0x0164, []rune{0x0054, 0x030C}},
	{0x0165, []rune{0x0074, 0x030C}},
	{0x0168, []rune{0x0055, 0x0303}},
	{0x0169, []rune{0x0075, 0x0303}},
	{0x016A, []rune{0x0055, 0x0304}},
	{0x016B, []rune{0x0075, 0x0304}},
	{0x016C, []rune{0x0055, 0x0306}},
	{0x016D, []rune{0x0075, 0x0306}},
	{0x016E, []rune{0x0055, 0x030A}},
	{0x016F, []rune{0x0075, 0x030A}},
	{0x0170, []rune{0x0055, 0x030B}},
	{0x0171, []rune{0x0075, 0x030B}},
	{0x0172, []rune{0x0055, 0x0328}},
	{0x0173, []rune{0x0075, 0x0328}},
	{0x0174, []rune{0x0057, 0x0302}},
	{0x0175, []rune{0x0077, 0x0302}},
	{0x0176, []rune{0x0059, 0x0302}},
	{0x0177, []rune{0x0079, 0x0302}},
	{0x0178, []rune{0x0059, 0x0308}},
	{0x0179, []rune{0x005A, 0x0301}},
	{0x017A, []rune{0x007A, 0x0301}},
	{0x017B, []rune{0x005A, 0x0307}},
	{0x017C, []rune{0x007A, 0x0307}},
	{0x017D, []rune{0x005A, 0x030C}},
	{0x017E, []rune{0x007A, 0x030C}},
	{0x01A0, []rune{0x004F, 0x031B}},
	{0x01A1, []rune{0x006F, 0x031B}},
	{0x01AF, []rune{0x0055, 0x031B}},
	{0x01B0, []rune{0x0075, 0x031B}},
	{0x01CD, []rune{0x0041, 0x030C}},
	{0x01CE, []rune{0x0061, 0x030C}},
	{0x01CF, []rune{0x0049, 0x030C}},
	{0x01D0, []rune{0x0069, 0x030C}},
	{0x01D1, []rune{0x004F, 0x030C}},
	{0x01D2, []rune{0x006F, 0x030C}},
	{0x01D3, []rune{0x0055, 0x030C}},
	{0x01D4, []rune{0x0075, 0x030C}},
	{0x01D5, []rune{0x00DC, 0x0304}},
	{0x01D6, []rune{0x00FC, 0x0304}},
	{0x01D7, []rune{0x00DC, 0x0301}},
	{0x01D8, []rune{0x00FC, 0x0301}},
	{0x01D9, []rune{0x00DC, 0x030C}},
	{0x01DA, []rune{0x00FC, 0x030C}},
	{0x01DB, []rune{0x00DC, 0x0300}},
	{0x01DC, []rune{0x00FC, 0x0300}},
	{0x01DE, []rune{0x00C4, 0x0304}},
	{0x01DF, []rune{0x00E4, 0x0304}},
	{0x01E0, []rune{0x0226, 0x0304}},
	{0x01E1, []rune{0x0227, 0x0304}},
	{0x01E2, []rune{0x00C6, 0x0304}},
	{0x01E3, []rune{0x00E6, 0x0304}},
	{0x01E6, []rune{0x0047, 0x030C}},
	{0x01E7, []rune{0x0067, 0x030C}},
	{0x01E8, []rune{0x004B, 0x030C}},
	{0x01E9, []rune{0x006B, 0x030C}},
	{0x01EA, []rune{0x004F, 0x0328}},
	{0x01EB, []rune{0x006F, 0x0328}},
	{0x01EC, []rune{0x01EA, 0x0304}},
	{0x01ED, []rune{0x01EB, 0x0304}},
	{0x01EE, []rune{0x01B7, 0x030C}},
	{0x01EF, []rune{0x0292, 0x030C}},
	{0x01F0, []rune{0x006A, 0x030C}},
	{0x01F4, []rune{0x0047, 0x0301}},
	{0x01F5, []rune{0x0067, 0x0301}},
	{0x01F8, []rune{0x004E, 0x0300}},
	{0x01F9, []rune{0x006E, 0x0300}},
	{0x01FA, []rune{0x00C5, 0x0301}},
	{0x01FB, []rune{0x00E5, 0x0301}},
	{0x01FC, []rune{0x00C6, 0x0301}},
	{0x01FD, []rune{0x00E6, 0x0301}},
	{0x01FE, []rune{0x00D8, 0x0301}},
	{0x01FF, []rune{0x00F8, 0x0301}},
	{0x0200, []rune{0x0041, 0x030F}},
	{0x0201, []rune{0x0061, 0x030F}},
	{0x0202, []rune{0x0041, 0x0311}},
	{0x0203, []rune{0x0061, 0x0311}},
	{0x0204, []rune{0x0045, 0x030F}},
	{0x0205, []rune{0x0065, 0x030F}},
	{0x0206, []rune{0x0045, 0x0311}},
	{0x0207, []rune{0x0065, 0x0311}},
	{0x0208, []rune{0x0049, 0x030F}},
	{0x0209, []rune{0x0069, 0x030F}},
	{0x020A, []rune{0x0049, 0x0311}},
	{0x020B, []rune{0x0069, 0x0311}},
	{0x020C, []rune{0x004F, 0x030F}},
	{0x020D, []rune{0x006F, 0x030F}},
	{0x020E, []rune{0x004F, 0x0311}},
	{0x020F, []rune{0x006F, 0x0311}},
	{0x0210, []rune{0x0052, 0x030F}},
	{0x0211, []rune{0x0072, 0x030F}},
	{0x0212, []rune{0x0052, 0x0311}},
	{0x0213, []rune{0x0072, 0x0311}},
	{0x0214, []rune{0x0055, 0x030F}},
	{0x0215, []rune{0x0075, 0x030F}},
	{0x0216, []rune{0x0055, 0x0311}},
	{0x0217, []rune{0x0075, 0x0311}},
	{0x0218, []rune{0x0053, 0x0326}},
	{0x0219, []rune{0x0073, 0x0326}},
	{0x021A, []rune{0x0054, 0x0326}},
	{0x021B, []rune{0x0074, 0x0326}},
	{0x021E, []rune{0x0048, 0x030C}},
	{0x021F, []rune{0x0068, 0x030C}},
	{0x0226, []rune{0x0041, 0x0307}},
	{0x0227, []rune{0x0061, 0x0307}},
	{0x0228, []rune{0x0045, 0x0327}},
	{0x0229, []rune{0x0065, 0x0327}},
	{0x022A, []rune{0x00D6, 0x0304}},
	{0x022B, []rune{0x00F6, 0x0304}},
	{0x022C, []rune{0x00D5, 0x0304}},
	{0x022D, []rune{0x00F5, 0x0304}},
	{0x022E, []rune{0x004F, 0x0307}},
	{0x022F, []rune{0x006F, 0x0307}},
	{0x0230, []rune{0x022E, 0x0304}},
	{0x0231, []rune{0x022F, 0x0304}},
	{0x0232, []rune{0x0059, 0x0304}},
	{0x0233, []rune{0x0079, 0x0304}},
	{0x0340, []rune{0x0300}},
	{0x0341, []rune{0x0301}},
	{0x0343, []rune{0x0313}},
	{0x0344, []rune{0x0308, 0x0301}},
	{0x0374, []rune{0x02B9}},
	{0x037E, []rune{0x003B}},
	{0x0385, []rune{0x00A8, 0x0301}},
	{0x0386, []rune{0x0391, 0x0301}},
	{0x0387, []rune{0x00B7}},
	{0x0388, []rune{0x0395, 0x0301}},
	{0x0389, []rune{0x0397, 0x0301}},
	{0x038A, []rune{0x0399, 0x0301}},
	{0x038C, []rune{0x039F, 0x0301}},
	{0x038E, []rune{0x03A5, 0x0301}},
	{0x038F, []rune{0x03A9, 0x0301}},
	{0x0390, []rune{0x03CA, 0x0301}},
	{0x03AA, []rune{0x0399, 0x0308}},
	{0x03AB, []rune{0x03A5, 0x0308}},
	{0x03AC, []rune{0x03B1, 0x0301}},
	{0x03AD, []rune{0x03B5, 0x0301}},
	{0x03AE, []rune{0x03B7, 0x0301}},
	{0x03AF, []rune{0x03B9, 0x0301}},
	{0x03B0, []rune{0x03CB, 0x0301}},
	{0x03CA, []rune{0x03B9, 0x0308}},
	{0x03CB, []rune{0x03C5, 0x0308}},
	{0x03CC, []rune{0x03BF, 0x0301}},
	{0x03CD, []rune{0x03C5, 0x0301}},
	{0x03CE, []rune{0x03C9, 0x0301}},
	{0x03D3, []rune{0x03D2, 0x0301}},
	{0x03D4, []rune{0x03D2, 0x0308}},
	{0x0400, []rune{0x0415, 0x0300}},
	{0x0401, []rune{0x0415, 0x0308}},
	{0x0403, []rune{0x0413, 0x0301}},
	{0x0407, []rune{0x0406, 0x0308}},
	{0x040C, []rune{0x041A, 0x0301}},
	{0x040D, []rune{0x0418, 0x0300}},
	{0x040E, []rune{0x0423, 0x0306}},
	{0x0419, []rune{0x0418, 0x0306}},
	{0x0439, []rune{0x0438, 0x0306}},
	{0x0450, []rune{0x0435, 0x0300}},
	{0x0451, []rune{0x0435, 0x0308}},
	{0x0453, []rune{0x0433, 0x0301}},
	{0x0457, []rune{0x0456, 0x0308}},
	{0x045C, []rune{0x043A, 0x0301}},
	{0x045D, []rune{0x0438, 0x0300}},
	{0x045E, []rune{0x0443, 0x0306}},
	{0x0476, []rune{0x0474, 0x030F}},
	{0x0477, []rune{0x0475, 0x030F}},
	{0x04C1, []rune{0x0416, 0x0306}},
	{0x04C2, []rune{0x0436, 0x0306}},
	{0x04D0, []rune{0x0410, 0x0306}},
	{0x04D1, []rune{0x0430, 0x0306}},
	{0x04D2, []rune{0x0410, 0x0308}},
	{0x04D3, []rune{0x0430, 0x0308}},
	{0x04D6, []rune{0x0415, 0x0306}},
	{0x04D7, []rune{0x0435, 0x0306}},
	{0x04DA, []rune{0x04D8, 0x0308}},
	{0x04DB, []rune{0x04D9, 0x0308}},
	{0x04DC, []rune{0x0416, 0x0308}},
	{0x04DD, []rune{0x0436, 0x0308}},
	{0x04DE, []rune{0x0417, 0x0308}},
	{0x04DF, []rune{0x0437, 0x0308}},
	{0x04E2, []rune{0x0418, 0x0304}},
	{0x04E3, []rune{0x0438, 0x0304}},
	{0x04E4, []rune{0x0418, 0x0308}},
	{0x04E5, []rune{0x0438, 0x0308}},
	{0x04E6, []rune{0x041E, 0x0308}},
	{0x04E7, []rune{0x043E, 0x0308}},
	{0x04EA, []rune{0x04E8, 0x0308}},
	{0x04EB, []rune{0x04E9, 0x0308}},
	{0x04EC, []rune{0x042D, 0x0308}},
	{0x04ED, []rune{0x044D, 0x0308}},
	{0x04EE, []rune{0x0423, 0x0304}},
	{0x04EF, []rune{0x0443, 0x0304}},
	{0x04F0, []rune{0x0423, 0x0308}},
	{0x04F1, []rune{0x0443, 0x0308}},
	{0x04F2, []rune{0x0423, 0x030B}},
	{0x04F3, []rune{0x0443, 0x030B}},
	{0x04F4, []rune{0x0427, 0x0308}},
	{0x04F5, []rune{0x0447, 0x0308}},
	{0x04F8, []rune{0x042B, 0x0308}},
	{0x04F9, []rune{0x044B, 0x0308}},
	{0x0622, []rune{0x0627, 0x0653}},
	{0x0623, []rune{0x0627, 0x0654}},
	{0x0624, []rune{0x0648, 0x0654}},
	{0x0625, []rune{0x0627, 0x0655}},
	{0x0626, []rune{0x064A, 0x0654}},
	{0x06C0, []rune{0x06D5, 0x0654}},
	{0x06C2, []rune{0x06C1, 0x0654}},
	{0x06D3, []rune{0x06D2, 0x0654}},
	{0x0929, []rune{0x0928, 0x093C}},
	{0x0931, []rune{0x0930, 0x093C}},
	{0x0934, []rune{0x0933, 0x093C}},
	{0x0958, []rune{0x0915, 0x093C}},
	{0x0959, []rune{0x0916, 0x093C}},
	{0x095A, []rune{0x0917, 0x093C}},
	{0x095B, []rune{0x091C, 0x093C}},
	{0x095C, []rune{0x0921, 0x093C}},
	{0x095D, []rune{0x0922, 0x093C}},
	{0x095E, []rune{0x092B, 0x093C}},
	{0x095F, []rune{0x092F, 0x093C}},
	{0x09CB, []rune{0x09C7, 0x09BE}},
	{0x09CC, []rune{0x09C7, 0x09D7}},
	{0x09DC, []rune{0x09A1, 0x09BC}},
	{0x09DD, []rune{0x09A2, 0x09BC}},
	{0x09DF, []rune{0x09AF, 0x09BC}},
	{0x0A33, []rune{0x0A32, 0x0A3C}},
	{0x0A36, []rune{0x0A38, 0x0A3C}},
	{0x0A59, []rune{0x0A16, 0x0A3C}},
	{0x0A5A, []rune{0x0A17, 0x0A3C}},
	{0x0A5B, []rune{0x0A1C, 0x0A3C}},
	{0x0A5E, []rune{0x0A2B, 0x0A3C}},
	{0x0B48, []rune{0x0B47, 0x0B56}},
	{0x0B4B, []rune{0x0B47, 0x0B3E}},
	{0x0B4C, []rune{0x0B47, 0x0B57}},
	{0x0B5C, []rune{0x0B21, 0x0B3C}},
	{0x0B5D, []rune{0x0B22, 0x0B3C}},
	{0x0B94, []rune{0x0B92, 0x0BD7}},
	{0x0BCA, []rune{0x0BC6, 0x0BBE}},
	{0x0BCB, []rune{0x0BC7, 0x0BBE}},
	{0x0BCC, []rune{0x0BC6, 0x0BD7}},
	{0x0C48, []rune{0x0C46, 0x0C56}},
	{0x0CC0, []rune{0x0CBF, 0x0CD5}},
	{0x0CC7, []rune{0x0CC6, 0x0CD5}},
	{0x0CC8, []rune{0x0CC6, 0x0CD6}},
	{0x0CCA, []rune{0x0CC6, 0x0CC2}},
	{0x0CCB, []rune{0x0CCA, 0x0CD5}},
	{0x0D4A, []rune{0x0D46, 0x0D3E}},
	{0x0D4B, []rune{0x0D47, 0x0D3E}},
	{0x0D4C, []rune{0x0D46, 0x0D57}},
	{0x0DDA, []rune{0x0DD9, 0x0DCA}},
	{0x0DDC, []rune{0x0DD9, 0x0DCF}},
	{0x0DDD, []rune{0x0DDC, 0x0DCA}},
	{0x0DDE, []rune{0x0DD9, 0x0DDF}},
	{0x0F43, []rune{0x0F42, 0x0FB7}},
	{0x0F4D, []rune{0x0F4C, 0x0FB7}},
	{0x0F52, []rune{0x0F51, 0x0FB7}},
	{0x0F57, []rune{0x0F56, 0x0FB7}},
	{0x0F5C, []rune{0x0F5B, 0x0FB7}},
	{0x0F69, []rune{0x0F40, 0x0FB5}},
	{0x0F73, []rune{0x0F71, 0x0F72}},
	{0x0F75, []rune{0x0F71, 0x0F74}},
	{0x0F76, []rune{0x0FB2, 0x0F80}},
	{0x0F78, []rune{0x0FB3, 0x0F80}},
	{0x0F81, []rune{0x0F71, 0x0F80}},
	{0x0F93, []rune{0x0F92, 0x0FB7}},
	{0x0F9D, []rune{0x0F9C, 0x0FB7}},
	{0x0FA2, []rune{0x0FA1, 0x0FB7}},
	{0x0FA7, []rune{0x0FA6, 0x0FB7}},
	{0x0FAC, []rune{0x0FAB, 0x0FB7}},
	{0x0FB9, []rune{0x0F90, 0x0FB5}},
	{0x1026, []rune{0x1025, 0x102E}},
	{0x1B06, []rune{0x1B05, 0x1B35}},
	{0x1B08, []rune{0x1B07, 0x1B35}},
	{0x1B0A, []rune{0x1B09, 0x1B35}},
	{0x1B0C, []rune{0x1B0B, 0x1B35}},
	{0x1B0E, []rune{0x1B0D, 0x1B35}},
	{0x1B12, []rune{0x1B11, 0x1B35}},
	{0x1B3B, []rune{0x1B3A, 0x1B35}},
	{0x1B3D, []rune{0x1B3C, 0x1B35}},
	{0x1B40, []rune{0x1B3E, 0x1B35}},
	{0x1B41, []rune{0x1B3F, 0x1B35}},
	{0x1B43, []rune{0x1B42, 0x1B35}},
	{0x1E00, []rune{0x0041, 0x0325}},
	{0x1E01, []rune{0x0061, 0x0325}},
	{0x1E02, []rune{0x0042, 0x0307}},
	{0x1E03, []rune{0x0062, 0x0307}},
	{0x1E04, []rune{0x0042, 0x0323}},
	{0x1E05, []rune{0x0062, 0x0323}},
	{0x1E06, []rune{0x0042, 0x0331}},
	{0x1E07, []rune{0x0062, 0x0331}},
	{0x1E08, []rune{0x00C7, 0x0301}},
	{0x1E09, []rune{0x00E7, 0x0301}},
	{0x1E0A, []rune{0x0044, 0x0307}},
	{0x1E0B, []rune{0x0064, 0x0307}},
	{0x1E0C, []rune{0x0044, 0x0323}},
	{0x1E0D, []rune{0x0064, 0x0323}},
	{0x1E0E, []rune{0x0044, 0x0331}},
	{0x1E0F, []rune{0x0064, 0x0331}},
	{0x1E10, []rune{0x0044, 0x0327}},
	{0x1E11, []rune{0x0064, 0x0327}},
	{0x1E12, []rune{0x0044, 0x032D}},
	{0x1E13, []rune{0x0064, 0x032D}},
	{0x1E14, []rune{0x0112, 0x0300}},
	{0x1E15, []rune{0x0113, 0x0300}},
	{0x1E16, []rune{0x0112, 0x0301}},
	{0x1E17, []rune{0x0113, 0x0301}},
	{0x1E18, []rune{0x0045, 0x032D}},
	{0x1E19, []rune{0x0065, 0x032D}},
	{0x1E1A, []rune{0x0045, 0x0330}},
	{0x1E1B, []rune{0x0065, 0x0330}},
	{0x1E1C, []rune{0x0228, 0x0306}},
	{0x1E1D, []rune{0x0229, 0x0306}},
	{0x1E1E, []rune{0x0046, 0x0307}},
	{0x1E1F, []rune{0x0066, 0x0307}},
	{0x1E20, []rune{0x0047, 0x0304}},
	{0x1E21, []rune{0x0067, 0x0304}},
	{0x1E22, []rune{0x0048, 0x0307}},
	{0x1E23, []rune{0x0068, 0x0307}},
	{0x1E24, []rune{0x0048, 0x0323}},
	{0x1E25, []rune{0x0068, 0x0323}},
	{0x1E26, []rune{0x0048, 0x0308}},
	{0x1E27, []rune{0x0068, 0x0308}},
	{0x1E28, []rune{0x0048, 0x0327}},
	{0x1E29, []rune{0x0068, 0x0327}},
	{0x1E2A, []rune{0x0048, 0x032E}},
	{0x1E2B, []rune{0x0068, 0x032E}},
	{0x1E2C, []rune{0x0049, 0x0330}},
	{0x1E2D, []rune{0x0069, 0x0330}},
	{0x1E2E, []rune{0x00CF, 0x0301}},
	{0x1E2F, []rune{0x00EF, 0x0301}},
	{0x1E30, []rune{0x004B, 0x0301}},
	{0x1E31, []rune{0x006B, 0x0301}},
	{0x1E32, []rune{0x004B, 0x0323}},
	{0x1E33, []rune{0x006B, 0x0323}},
	{0x1E34, []rune{0x004B, 0x0331}},
	{0x1E35, []rune{0x006B, 0x0331}},
	{0x1E36, []rune{0x004C, 0x0323}},
	{0x1E37, []rune{0x006C, 0x0323}},
	{0x1E38, []rune{0x1E36, 0x0304}},
	{0x1E39, []rune{0x1E37, 0x0304}},
	{0x1E3A, []rune{0x004C, 0x0331}},
	{0x1E3B, []rune{0x006C, 0x0331}},
	{0x1E3C, []rune{0x004C, 0x032D}},
	{0x1E3D, []rune{0x006C, 0x032D}},
	{0x1E3E, []rune{0x004D, 0x0301}},
	{0x1E3F, []rune{0x006D, 0x0301}},
	{0x1E40, []rune{0x004D, 0x0307}},
	{0x1E41, []rune{0x006D, 0x0307}},
	{0x1E42, []rune{0x004D, 0x0323}},
	{0x1E43, []rune{0x006D, 0x0323}},
	{0x1E44, []rune{0x004E, 0x0307}},
	{0x1E45, []rune{0x006E, 0x0307}},
	{0x1E46, []rune{0x004E, 0x0323}},
	{0x1E47, []rune{0x006E, 0x0323}},
	{0x1E48, []rune{0x004E, 0x0331}},
	{0x1E49, []rune{0x006E, 0x0331}},
	{0x1E4A, []rune{0x004E, 0x032D}},
	{0x1E4B, []rune{0x006E, 0x032D}},
	{0x1E4C, []rune{0x00D5, 0x0301}},
	{0x1E4D, []rune{0x00F5, 0x0301}},
	{0x1E4E, []rune{0x00D5, 0x0308}},
	{0x1E4F, []rune{0x00F5, 0x0308}},
	{0x1E50, []rune{0x014C, 0x0300}},
	{0x1E51, []rune{0x014D, 0x0300}},
	{0x1E52, []rune{0x014C, 0x0301}},
	{0x1E53, []rune{0x014D, 0x0301}},
	{0x1E54, []rune{0x0050, 0x0301}},
	{0x1E55, []rune{0x0070, 0x0301}},
	{0x1E56, []rune{0x0050, 0x0307}},
	{0x1E57, []rune{0x0070, 0x0307}},
	{0x1E58, []rune{0x0052, 0x0307}},
	{0x1E59, []rune{0x0072, 0x0307}},
	{0x1E5A, []rune{0x0052, 0x0323}},
	{0x1E5B, []rune{0x0072, 0x0323}},
	{0x1E5C, []rune{0x1E5A, 0x0304}},
	{0x1E5D, []rune{0x1E5B, 0x0304}},
	{0x1E5E, []rune{0x0052, 0x0331}},
	{0x1E5F, []rune{0x0072, 0x0331}},
	{0x1E60, []rune{0x0053, 0x0307}},
	{0x1E61, []rune{0x0073, 0x0307}},
	{0x1E62, []rune{0x0053, 0x0323}},
	{0x1E63, []rune{0x0073, 0x0323}},
	{0x1E64, []rune{0x015A, 0x0307}},
	{0x1E65, []rune{0x015B, 0x0307}},
	{0x1E66, []rune{0x0160, 0x0307}},
	{0x1E67, []rune{0x0161, 0x0307}},
	{0x1E68, []rune{0x1E62, 0x0307}},
	{0x1E69, []rune{0x1E63, 0x0307}},
	{0x1E6A, []rune{0x0054, 0x0307}},
	{0x1E6B, []rune{0x0074, 0x0307}},
	{0x1E6C, []rune{0x0054, 0x0323}},
	{0x1E6D, []rune{0x0074, 0x0323}},
	{0x1E6E, []rune{0x0054, 0x0331}},
	{0x1E6F, []rune{0x0074, 0x0331}},
	{0x1E70, []rune{0x0054, 0x032D}},
	{0x1E71, []rune{0x0074, 0x032D}},
	{0x1E72, []rune{0x0055, 0x0324}},
	{0x1E73, []rune{0x0075, 0x0324}},
	{0x1E74, []rune{0x0055, 0x0330}},
	{0x1E75, []rune{0x0075, 0x0330}},
	{0x1E76, []rune{0x0055, 0x032D}},
	{0x1E77, []rune{0x0075, 0x032D}},
	{0x1E78, []rune{0x0168, 0x0301}},
	{0x1E79, []rune{0x0169, 0x0301}},
	{0x1E7A, []rune{0x016A, 0x0308}},
	{0x1E7B, []rune{0x016B, 0x0308}},
	{0x1E7C, []rune{0x0056, 0x0303}},
	{0x1E7D, []rune{0x0076, 0x0303}},
	{0x1E7E, []rune{0x0056, 0x0323}},
	{0x1E7F, []rune{0x0076, 0x0323}},
	{0x1E80, []rune{0x0057, 0x0300}},
	{0x1E81, []rune{0x0077, 0x0300}},
	{0x1E82, []rune{0x0057, 0x0301}},
	{0x1E83, []rune{0x0077, 0x0301}},
	{0x1E84, []rune{0x0057, 0x0308}},
	{0x1E85, []rune{0x0077, 0x0308}},
	{0x1E86, []rune{0x0057, 0x0307}},
	{0x1E87, []rune{0x0077, 0x0307}},
	{0x1E88, []rune{0x0057, 0x0323}},
	{0x1E89, []rune{0x0077, 0x0323}},
	{0x1E8A, []rune{0x0058, 0x0307}},
	{0x1E8B, []rune{0x0078, 0x0307}},
	{0x1E8C, []rune{0x0058, 0x0308}},
	{0x1E8D, []rune{0x0078, 0x0308}},
	{0x1E8E, []rune{0x0059, 0x0307}},
	{0x1E8F, []rune{0x0079, 0x0307}},
	{0x1E90, []rune{0x005A, 0x0302}},
	{0x1E91, []rune{0x007A, 0x0302}},
	{0x1E92, []rune{0x005A, 0x0323}},
	{0x1E93, []rune{0x007A, 0x0323}},
	{0x1E94, []rune{0x005A, 0x0331}},
	{0x1E95, []rune{0x007A, 0x0331}},
	{0x1E96, []rune{0x0068, 0x0331}},
	{0x1E97, []rune{0x0074, 0x0308}},
	{0x1E98, []rune{0x0077, 0x030A}},
	{0x1E99, []rune{0x0079, 0x030A}},
	{0x1E9B, []rune{0x017F, 0x0307}},
	{0x1EA0, []rune{0x0041, 0x0323}},
	{0x1EA1, []rune{0x0061, 0x0323}},
	{0x1EA2, []rune{0x0041, 0x0309}},
	{0x1EA3, []rune{0x0061, 0x0309}},
	{0x1EA4, []rune{0x00C2, 0x0301}},
	{0x1EA5, []rune{0x00E2, 0x0301}},
	{0x1EA6, []rune{0x00C2, 0x0300}},
	{0x1EA7, []rune{0x00E2, 0x0300}},
	{0x1EA8, []rune{0x00C2, 0x0309}},
	{0x1EA9, []rune{0x00E2, 0x0309}},
	{0x1EAA, []rune{0x00C2, 0x0303}},
	{0x1EAB, []rune{0x00E2, 0x0303}},
	{0x1EAC, []rune{0x1EA0, 0x0302}},
	{0x1EAD, []rune{0x1EA1, 0x0302}},
	{0x1EAE, []rune{0x0102, 0x0301}},
	{0x1EAF, []rune{0x0103, 0x0301}},
	{0x1EB0, []rune{0x0102, 0x0300}},
	{0x1EB1, []rune{0x0103, 0x0300}},
	{0x1EB2, []rune{0x0102, 0x0309}},
	{0x1EB3, []rune{0x0103, 0x0309}},
	{0x1EB4, []rune{0x0102, 0x0303}},
	{0x1EB5, []rune{0x0103, 0x0303}},
	{0x1EB6, []rune{0x1EA0, 0x0306}},
	{0x1EB7, []rune{0x1EA1, 0x0306}},
	{0x1EB8, []rune{0x0045, 0x0323}},
	{0x1EB9, []rune{0x0065, 0x0323}},
	{0x1EBA, []rune{0x0045, 0x0309}},
	{0x1EBB, []rune{0x0065, 0x0309}},
	{0x1EBC, []rune{0x0045, 0x0303}},
	{0x1EBD, []rune{0x0065, 0x0303}},
	{0x1EBE, []rune{0x00CA, 0x0301}},
	{0x1EBF, []rune{0x00EA, 0x0301}},
	{0x1EC0, []rune{0x00CA, 0x0300}},
	{0x1EC1, []rune{0x00EA, 0x0300}},
	{0x1EC2, []rune{0x00CA, 0x0309}},
	{0x1EC3, []rune{0x00EA, 0x0309}},
	{0x1EC4, []rune{0x00CA, 0x0303}},
	{0x1EC5, []rune{0x00EA, 0x0303}},
	{0x1EC6, []rune{0x1EB8, 0x0302}},
	{0x1EC7, []rune{0x1EB9, 0x0302}},
	{0x1EC8, []rune{0x0049, 0x0309}},
	{0x1EC9, []rune{0x0069, 0x0309}},
	{0x1ECA, []rune{0x0049, 0x0323}},
	{0x1ECB, []rune{0x0069, 0x0323}},
	{0x1ECC, []rune{0x004F, 0x0323}},
	{0x1ECD, []rune{0x006F, 0x0323}},
	{0x1ECE, []rune{0x004F, 0x0309}},
	{0x1ECF, []rune{0x006F, 0x0309}},
	{0x1ED0, []rune{0x00D4, 0x0301}},
	{0x1ED1, []rune{0x00F4, 0x0301}},
	{0x1ED2, []rune{0x00D4, 0x0300}},
	{0x1ED3, []rune{0x00F4, 0x0300}},
	{0x1ED4, []rune{0x00D4, 0x0309}},
	{0x1ED5, []rune{0x00F4, 0x0309}},
	{0x1ED6, []rune{0x00D4, 0x0303}},
	{0x1ED7, []rune{0x00F4, 0x0303}},
	{0x1ED8, []rune{0x1ECC, 0x0302}},
	{0x1ED9, []rune{0x1ECD, 0x0302}},
	{0x1EDA, []rune{0x01A0, 0x0301}},
	{0x1EDB, []rune{0x01A1, 0x0301}},
	{0x1EDC, []rune{0x01A0, 0x0300}},
	{0x1EDD, []rune{0x01A1, 0x0300}},
	{0x1EDE, []rune{0x01A0, 0x0309}},
	{0x1EDF, []rune{0x01A1, 0x0309}},
	{0x1EE0, []rune{0x01A0, 0x0303}},
	{0x1EE1, []rune{0x01A1, 0x0303}},
	{0x1EE2, []rune{0x01A0, 0x0323}},
	{0x1EE3, []rune{0x01A1, 0x0323}},
	{0x1EE4, []rune{0x0055, 0x0323}},
	{0x1EE5, []rune{0x0075, 0x0323}},
	{0x1EE6, []rune{0x0055, 0x0309}},
	{0x1EE7, []rune{0x0075, 0x0309}},
	{0x1EE8, []rune{0x01AF, 0x0301}},
	{0x1EE9, []rune{0x01B0, 0x0301}},
	{0x1EEA, []rune{0x01AF, 0x0300}},
	{0x1EEB, []rune{0x01B0, 0x0300}},
	{0x1EEC, []rune{0x01AF, 0x0309}},
	{0x1EED, []rune{0x01B0, 0x0309}},
	{0x1EEE, []rune{0x01AF, 0x0303}},
	{0x1EEF, []rune{0x01B0, 0x0303}},
	{0x1EF0, []rune{0x01AF, 0x0323}},
	{0x1EF1, []rune{0x01B0, 0x0323}},
	{0x1EF2, []rune{0x0059, 0x0300}},
	{0x1EF3, []rune{0x0079, 0x0300}},
	{0x1EF4, []rune{0x0059, 0x0323}},
	{0x1EF5, []rune{0x0079, 0x0323}},
	{0x1EF6, []rune{0x0059, 0x0309}},
	{0x1EF7, []rune{0x0079, 0x0309}},
	{0x1EF8, []rune{0x0059, 0x0303}},
	{0x1EF9, []rune{0x0079, 0x0303}},
	{0x1F00, []rune{0x03B1, 0x0313}},
	{0x1F01, []rune{0x03B1, 0x0314}},
	{0x1F02, []rune{0x1F00, 0x0300}},
	{0x1F03, []rune{0x1F01, 0x0300}},
	{0x1F04, []rune{0x1F00, 0x0301}},
	{0x1F05, []rune{0x1F01, 0x0301}},
	{0x1F06, []rune{0x1F00, 0x0342}},
	{0x1F07, []rune{0x1F01, 0x0342}},
	{0x1F08, []rune{0x0391, 0x0313}},
	{0x1F09, []rune{0x0391, 0x0314}},
	{0x1F0A, []rune{0x1F08, 0x0300}},
	{0x1F0B, []rune{0x1F09, 0x0300}},
	{0x1F0C, []rune{0x1F08, 0x0301}},
	{0x1F0D, []rune{0x1F09, 0x0301}},
	{0x1F0E, []rune{0x1F08, 0x0342}},
	{0x1F0F, []rune{0x1F09, 0x0342}},
	{0x1F10, []rune{0x03B5, 0x0313}},
	{0x1F11, []rune{0x03B5, 0x0314}},
	{0x1F12, []rune{0x1F10, 0x0300}},
	{0x1F13, []rune{0x1F11, 0x0300}},
	{0x1F14, []rune{0x1F10, 0x0301}},
	{0x1F15, []rune{0x1F11, 0x0301}},
	{0x1F18, []rune{0x0395, 0x0313}},
	{0x1F19, []rune{0x0395, 0x0314}},
	{0x1F1A, []rune{0x1F18, 0x0300}},
	{0x1F1B, []rune{0x1F19, 0x0300}},
	{0x1F1C, []rune{0x1F18, 0x0301}},
	{0x1F1D, []rune{0x1F19, 0x0301}},
	{0x1F20, []rune{0x03B7, 0x0313}},
	{0x1F21, []rune{0x03B7, 0x0314}},
	{0x1F22, []rune{0x1F20, 0x0300}},
	{0x1F23, []rune{0x1F21, 0x0300}},
	{0x1F24, []rune{0x1F20, 0x0301}},
	{0x1F25, []rune{0x1F21, 0x0301}},
	{0x1F26, []rune{0x1F20, 0x0342}},
	{0x1F27, []rune{0x1F21, 0x0342}},
	{0x1F28, []rune{0x0397, 0x0313}},
	{0x1F29, []rune{0x0397, 0x0314}},
	{0x1F2A, []rune{0x1F28, 0x0300}},
	{0x1F2B, []rune{0x1F29, 0x0300}},
	{0x1F2C, []rune{0x1F28, 0x0301}},
	{0x1F2D, []rune{0x1F29, 0x0301}},
	{0x1F2E, []rune{0x1F28, 0x0342}},
	{0x1F2F, []rune{0x1F29, 0x0342}},
	{0x1F30, []rune{0x03B9, 0x0313}},
	{0x1F31, []rune{0x03B9, 0x0314}},
	{0x1F32, []rune{0x1F30, 0x0300}},
	{0x1F33, []rune{0x1F31, 0x0300}},
	{0x1F34, []rune{0x1F30, 0x0301}},
	{0x1F35, []rune{0x1F31, 0x0301}},
	{0x1F36, []rune{0x1F30, 0x0342}},
	{0x1F37, []rune{0x1F31, 0x0342}},
	{0x1F38, []rune{0x0399, 0x0313}},
	{0x1F39, []rune{0x0399, 0x0314}},
	{0x1F3A, []rune{0x1F38, 0x0300}},
	{0x1F3B, []rune{0x1F39, 0x0300}},
	{0x1F3C, []rune{0x1F38, 0x0301}},
	{0x1F3D, []rune{0x1F39, 0x0301}},
	{0x1F3E, []rune{0x1F38, 0x0342}},
	{0x1F3F, []rune{0x1F39, 0x0342}},
	{0x1F40, []rune{0x03BF, 0x0313}},
	{0x1F41, []rune{0x03BF, 0x0314}},
	{0x1F42, []rune{0x1F40, 0x0300}},
	{0x1F43, []rune{0x1F41, 0x0300}},
	{0x1F44, []rune{0x1F40, 0x0301}},
	{0x1F45, []rune{0x1F41, 0x0301}},
	{0x1F48, []rune{0x039F, 0x0313}},
	{0x1F49, []rune{0x039F, 0x0314}},
	{0x1F4A, []rune{0x1F48, 0x0300}},
	{0x1F4B, []rune{0x1F49, 0x0300}},
	{0x1F4C, []rune{0x1F48, 0x0301}},
	{0x1F4D, []rune{0x1F49, 0x0301}},
	{0x1F50, []rune{0x03C5, 0x0313}},
	{0x1F51, []rune{0x03C5, 0x0314}},
	{0x1F52, []rune{0x1F50, 0x0300}},
	{0x1F53, []rune{0x1F51, 0x0300}},
	{0x1F54, []rune{0x1F50, 0x0301}},
	{0x1F55, []rune{0x1F51, 0x0301}},
	{0x1F56, []rune{0x1F50, 0x0342}},
	{0x1F57, []rune{0x1F51, 0x0342}},
	{0x1F59, []rune{0x03A5, 0x0314}},
	{0x1F5B, []rune{0x1F59, 0x0300}},
	{0x1F5D, []rune{0x1F59, 0x0301}},
	{0x1F5F, []rune{0x1F59, 0x0342}},
	{0x1F60, []rune{0x03C9, 0x0313}},
	{0x1F61, []rune{0x03C9, 0x0314}},
	{0x1F62, []rune{0x1F60, 0x0300}},
	{0x1F63, []rune{0x1F61, 0x0300}},
	{0x1F64, []rune{0x1F60, 0x0301}},
	{0x1F65, []rune{0x1F61, 0x0301}},
	{0x1F66, []rune{0x1F60, 0x0342}},
	{0x1F67, []rune{0x1F61, 0x0342}},
	{0x1F68, []rune{0x03A9, 0x0313}},
	{0x1F69, []rune{0x03A9, 0x0314}},
	{0x1F6A, []rune{0x1F68, 0x0300}},
	{0x1F6B, []rune{0x1F69, 0x0300}},
	{0x1F6C, []rune{0x1F68, 0x0301}},
	{0x1F6D, []rune{0x1F69, 0x0301}},
	{0x1F6E, []rune{0x1F68, 0x0342}},
	{0x1F6F, []rune{0x1F69, 0x0342}},
	{0x1F70, []rune{0x03B1, 0x0300}},
	{0x1F71, []rune{0x03AC}},
	{0x1F72, []rune{0x03B5, 0x0300}},
	{0x1F73, []rune{0x03AD}},
	{0x1F74, []rune{0x03B7, 0x0300}},
	{0x1F75, []rune{0x03AE}},
	{0x1F76, []rune{0x03B9, 0x0300}},
	{0x1F77, []rune{0x03AF}},
	{0x1F78, []rune{0x03BF, 0x0300}},
	{0x1F79, []rune{0x03CC}},
	{0x1F7A, []rune{0x03C5, 0x0300}},
	{0x1F7B, []rune{0x03CD}},
	{0x1F7C, []rune{0x03C9, 0x0300}},
	{0x1F7D, []rune{0x03CE}},
	{0x1F80, []rune{0x1F00, 0x0345}},
	{0x1F81, []rune{0x1F01, 0x0345}},
	{0x1F82, []rune{0x1F02, 0x0345}},
	{0x1F83, []rune{0x1F03, 0x0345}},
	{0x1F84, []rune{0x1F04, 0x0345}},
	{0x1F85, []rune{0x1F05, 0x0345}},
	{0x1F86, []rune{0x1F06, 0x0345}},
	{0x1F87, []rune{0x1F07, 0x0345}},
	{0x1F88, []rune{0x1F08, 0x0345}},
	{0x1F89, []rune{0x1F09, 0x0345}},
	{0x1F8A, []rune{0x1F0A, 0x0345}},
	{0x1F8B, []rune{0x1F0B, 0x0345}},
	{0x1F8C, []rune{0x1F0C, 0x0345}},
	{0x1F8D, []rune{0x1F0D, 0x0345}},
	{0x1F8E, []rune{0x1F0E, 0x0345}},
	{0x1F8F, []rune{0x1F0F, 0x0345}},
	{0x1F90, []rune{0x1F20, 0x0345}},
	{0x1F91, []rune{0x1F21, 0x0345}},
	{0x1F92, []rune{0x1F22, 0x0345}},
	{0x1F93, []rune{0x1F23, 0x0345}},
	{0x1F94, []rune{0x1F24, 0x0345}},
	{0x1F95, []rune{0x1F25, 0x0345}},
	{0x1F96, []rune{0x1F26, 0x0345}},
	{0x1F97, []rune{0x1F27, 0x0345}},
	{0x1F98, []rune{0x1F28, 0x0345}},
	{0x1F99, []rune{0x1F29, 0x0345}},
	{0x1F9A, []rune{0x1F2A, 0x0345}},
	{0x1F9B, []rune{0x1F2B, 0x0345}},
	{0x1F9C, []rune{0x1F2C, 0x0345}},
	{0x1F9D, []rune{0x1F2D, 0x0345}},
	{0x1F9E, []rune{0x1F2E, 0x0345}},
	{0x1F9F, []rune{0x1F2F, 0x0345}},
	{0x1FA0, []rune{0x1F60, 0x0345}},
	{0x1FA1, []rune{0x1F61, 0x0345}},
	{0x1FA2, []rune{0x1F62, 0x0345}},
	{0x1FA3, []rune{0x1F63, 0x0345}},
	{0x1FA4, []rune{0x1F64, 0x0345}},
	{0x1FA5, []rune{0x1F65, 0x0345}},
	{0x1FA6, []rune{0x1F66, 0x0345}},
	{0x1FA7, []rune{0x1F67, 0x0345}},
	{0x1FA8, []rune{0x1F68, 0x0345}},
	{0x1FA9, []rune{0x1F69, 0x0345}},
	{0x1FAA, []rune{0x1F6A, 0x0345}},
	{0x1FAB, []rune{0x1F6B, 0x0345}},
	{0x1FAC, []rune{0x1F6C, 0x0345}},
	{0x1FAD, []rune{0x1F6D, 0x0345}},
	{0x1FAE, []rune{0x1F6E, 0x0345}},
	{0x1FAF, []rune{0x1F6F, 0x0345}},
	{0x1FB0, []rune{0x03B1, 0x0306}},
	{0x1FB1, []rune{0x03B1, 0x0304}},
	{0x1FB2, []rune{0x1F70, 0x0345}},
	{0x1FB3, []rune{0x03B1, 0x0345}},
	{0x1FB4, []rune{0x03AC, 0x0345}},
	{0x1FB6, []rune{0x03B1, 0x0342}},
	{0x1FB7, []rune{0x1FB6, 0x0345}},
	{0x1FB8, []rune{0x0391, 0x0306}},
	{0x1FB9, []rune{0x0391, 0x0304}},
	{0x1FBA, []rune{0x0391, 0x0300}},
	{0x1FBB, []rune{0x0386}},
	{0x1FBC, []rune{0x0391, 0x0345}},
	{0x1FBE, []rune{0x03B9}},
	{0x1FC1, []rune{0x00A8, 0x0342}},
	{0x1FC2, []rune{0x1F74, 0x0345}},
	{0x1FC3, []rune{0x03B7, 0x0345}},
	{0x1FC4, []rune{0x03AE, 0x0345}},
	{0x1FC6, []rune{0x03B7, 0x0342}},
	{0x1FC7, []rune{0x1FC6, 0x0345}},
	{0x1FC8, []rune{0x0395, 0x0300}},
	{0x1FC9, []rune{0x0388}},
	{0x1FCA, []rune{0x0397, 0x0300}},
	{0x1FCB, []rune{0x0389}},
	{0x1FCC, []rune{0x0397, 0x0345}},
	{0x1FCD, []rune{0x1FBF, 0x0300}},
	{0x1FCE, []rune{0x1FBF, 0x0301}},
	{0x1FCF, []rune{0x1FBF, 0x0342}},
	{0x1FD0, []rune{0x03B9, 0x0306}},
	{0x1FD1, []rune{0x03B9, 0x0304}},
	{0x1FD2, []rune{0x03CA, 0x0300}},
	{0x1FD3, []rune{0x0390}},
	{0x1FD6, []rune{0x03B9, 0x0342}},
	{0x1FD7, []rune{0x03CA, 0x0342}},
	{0x1FD8, []rune{0x0399, 0x0306}},
	{0x1FD9, []rune{0x0399, 0x0304}},
	{0x1FDA, []rune{0x0399, 0x0300}},
	{0x1FDB, []rune{0x038A}},
	{0x1FDD, []rune{0x1FFE, 0x0300}},
	{0x1FDE, []rune{0x1FFE, 0x0301}},
	{0x1FDF, []rune{0x1FFE, 0x0342}},
	{0x1FE0, []rune{0x03C5, 0x0306}},
	{0x1FE1, []rune{0x03C5, 0x0304}},
	{0x1FE2, []rune{0x03CB, 0x0300}},
	{0x1FE3, []rune{0x03B0}},
	{0x1FE4, []rune{0x03C1, 0x0313}},
	{0x1FE5, []rune{0x03C1, 0x0314}},
	{0x1FE6, []rune{0x03C5, 0x0342}},
	{0x1FE7, []rune{0x03CB, 0x0342}},
	{0x1FE8, []rune{0x03A5, 0x0306}},
	{0x1FE9, []rune{0x03A5, 0x0304}},
	{0x1FEA, []rune{0x03A5, 0x0300}},
	{0x1FEB, []rune{0x038E}},
	{0x1FEC, []rune{0x03A1, 0x0314}},
	{0x1FED, []rune{0x00A8, 0x0300}},
	{0x1FEE, []rune{0x0385}},
	{0x1FEF, []rune{0x0060}},
	{0x1FF2, []rune{0x1F7C, 0x0345}},
	{0x1FF3, []rune{0x03C9, 0x0345}},
	{0x1FF4, []rune{0x03CE, 0x0345}},
	{0x1FF6, []rune{0x03C9, 0x0342}},
	{0x1FF7, []rune{0x1FF6, 0x0345}},
	{0x1FF8, []rune{0x039F, 0x0300}},
	{0x1FF9, []rune{0x038C}},
	{0x1FFA, []rune{0x03A9, 0x0300}},
	{0x1FFB, []rune{0x038F}},
	{0x1FFC, []rune{0x03A9, 0x0345}},
	{0x1FFD, []rune{0x00B4}},
	{0x2000, []rune{0x2002}},
	{0x2001, []rune{0x2003}},
	{0x2126, []rune{0x03A9}},
	{0x212A, []rune{0x004B}},
	{0x212B, []rune{0x00C5}},
	{0x219A, []rune{0x2190, 0x0338}},
	{0x219B, []rune{0x2192, 0x0338}},
	{0x21AE, []rune{0x2194, 0x0338}},
	{0x21CD, []rune{0x21D0, 0x0338}},
	{0x21CE, []rune{0x21D4, 0x0338}},
	{0x21CF, []rune{0x21D2, 0x0338}},
	{0x2204, []rune{0x2203, 0x0338}},
	{0x2209, []rune{0x2208, 0x0338}},
	{0x220C, []rune{0x220B, 0x0338}},
	{0x2224, []rune{0x2223, 0x0338}},
	{0x2226, []rune{0x2225, 0x0338}},
	{0x2241, []rune{0x223C, 0x0338}},
	{0x2244, []rune{0x2243, 0x0338}},
	{0x2247, []rune{0x2245, 0x0338}},
	{0x2249, []rune{0x2248, 0x0338}},
	{0x2260, []rune{0x003D, 0x0338}},
	{0x2262, []rune{0x2261, 0x0338}},
	{0x226D, []rune{0x224D, 0x0338}},
	{0x226E, []rune{0x003C, 0x0338}},
	{0x226F, []rune{0x003E, 0x0338}},
	{0x2270, []rune{0x2264, 0x0338}},
	{0x2271, []rune{0x2265, 0x0338}},
	{0x2274, []rune{0x2272, 0x0338}},
	{0x2275, []rune{0x2273, 0x0338}},
	{0x2278, []rune{0x2276, 0x0338}},
	{0x2279, []rune{0x2277, 0x0338}},
	{0x2280, []rune{0x227A, 0x0338}},
	{0x2281, []rune{0x227B, 0x0338}},
	{0x2284, []rune{0x2282, 0x0338}},
	{0x2285, []rune{0x2283, 0x0338}},
	{0x2288, []rune{0x2286, 0x0338}},
	{0x2289, []rune{0x2287, 0x0338}},
	{0x22AC, []rune{0x22A2, 0x0338}},
	{0x22AD, []rune{0x22A8, 0x0338}},
	{0x22AE, []rune{0x22A9, 0x0338}},
	{0x22AF, []rune{0x22AB, 0x0338}},
	{0x22E0, []rune{0x227C, 0x0338}},
	{0x22E1, []rune{0x227D, 0x0338}},
	{0x22E2, []rune{0x2291, 0x0338}},
	{0x22E3, []rune{0x2292, 0x0338}},
	{0x22EA, []rune{0x22B2, 0x0338}},
	{0x22EB, []rune{0x22B3, 0x0338}},
	{0x22EC, []rune{0x22B4, 0x0338}},
	{0x22ED, []rune{0x22B5, 0x0338}},
	{0x2329, []rune{0x3008}},
	{0x232A, []rune{0x3009}},
	{0x2ADC, []rune{0x2ADD, 0x0338}},
	{0x304C, []rune{0x304B, 0x3099}},
	{0x304E, []rune{0x304D, 0x3099}},
	{0x3050, []rune{0x304F, 0x3099}},
	{0x3052, []rune{0x3051, 0x3099}},
	{0x3054, []rune{0x3053, 0x3099}},
	{0x3056, []rune{0x3055, 0x3099}},
	{0x3058, []rune{0x3057, 0x3099}},
	{0x305A, []rune{0x3059, 0x3099}},
	{0x305C, []rune{0x305B, 0x3099}},
	{0x305E, []rune{0x305D, 0x3099}},
	{0x3060, []rune{0x305F, 0x3099}},
	{0x3062, []rune{0x3061, 0x3099}},
	{0x3065, []rune{0x3064, 0x3099}},
	{0x3067, []rune{0x3066, 0x3099}},
	{0x3069, []rune{0x3068, 0x3099}},
	{0x3070, []rune{0x306F, 0x3099}},
	{0x3071, []rune{0x306F, 0x309A}},
	{0x3073, []rune{0x3072, 0x3099}},
	{0x3074, []rune{0x3072, 0x309A}},
	{0x3076, []rune{0x3075, 0x3099}},
	{0x3077, []rune{0x3075, 0x309A}},
	{0x3079, []rune{0x3078, 0x3099}},
	{0x307A, []rune{0x3078, 0x309A}},
	{0x307C, []rune{0x307B, 0x3099}},
	{0x307D, []rune{0x307B, 0x309A}},
	{0x3094, []rune{0x3046, 0x3099}},
	{0x309E, []rune{0x309D, 0x3099}},
	{0x30AC, []rune{0x30AB, 0x3099}},
	{0x30AE, []rune{0x30AD, 0x3099}},
	{0x30B0, []rune{0x30AF, 0x3099}},
	{0x30B2, []rune{0x30B1, 0x3099}},
	{0x30B4, []rune{0x30B3, 0x3099}},
	{0x30B6, []rune{0x30B5, 0x3099}},
	{0x30B8, []rune{0x30B7, 0x3099}},
	{0x30BA, []rune{0x30B9, 0x3099}},
	{0x30BC, []rune{0x30BB, 0x3099}},
	{0x30BE, []rune{0x30BD, 0x3099}},
	{0x30C0, []rune{0x30BF, 0x3099}},
	{0x30C2, []rune{0x30C1, 0x3099}},
	{0x30C5, []rune{0x30C4, 0x3099}},
	{0x30C7, []rune{0x30C6, 0x3099}},
	{0x30C9, []rune{0x30C8, 0x3099}},
	{0x30D0, []rune{0x30CF, 0x3099}},
	{0x30D1, []rune{0x30CF, 0x309A}},
	{0x30D3, []rune{0x30D2, 0x3099}},
	{0x30D4, []rune{0x30D2, 0x309A}},
	{0x30D6, []rune{0x30D5, 0x3099}},
	{0x30D7, []rune{0x30D5, 0x309A}},
	{0x30D9, []rune{0x30D8, 0x3099}},
	{0x30DA, []rune{0x30D8, 0x309A}},
	{0x30DC, []rune{0x30DB, 0x3099}},
	{0x30DD, []rune{0x30DB, 0x309A}},
	{0x30F4, []rune{0x30A6, 0x3099}},
	{0x30F7, []rune{0x30EF, 0x3099}},
	{0x30F8, []rune{0x30F0, 0x3099}},
	{0x30F9, []rune{0x30F1, 0x3099}},
	{0x30FA, []rune{0x30F2, 0x3099}},
	{0x30FE, []rune{0x30FD, 0x3099}},
	{0xF900, []rune{0x8C48}},
	{0xF901, []rune{0x66F4}},
	{0xF902, []rune{0x8ECA}},
	{0xF903, []rune{0x8CC8}},
	{0xF904, []rune{0x6ED1}},
	{0xF905, []rune{0x4E32}},
	{0xF906, []rune{0x53E5}},
	{0xF907, []rune{0x9F9C}},
	{0xF908, []rune{0x9F9C}},
	{0xF909, []rune{0x5951}},
	{0xF90A, []rune{0x91D1}},
	{0xF90B, []rune{0x5587}},
	{0xF90C, []rune{0x5948}},
	{0xF90D, []rune{0x61F6}},
	{0xF90E, []rune{0x7669}},
	{0xF90F, []rune{0x7F85}},
	{0xF910, []rune{0x863F}},
	{0xF911, []rune{0x87BA}},
	{0xF912, []rune{0x88F8}},
	{0xF913, []rune{0x908F}},
	{0xF914, []rune{0x6A02}},
	{0xF915, []rune{0x6D1B}},
	{0xF916, []rune{0x70D9}},
	{0xF917, []rune{0x73DE}},
	{0xF918, []rune{0x843D}},
	{0xF919, []rune{0x916A}},
	{0xF91A, []rune{0x99F1}},
	{0xF91B, []rune{0x4E82}},
	{0xF91C, []rune{0x5375}},
	{0xF91D, []rune{0x6B04}},
	{0xF91E, []rune{0x721B}},
	{0xF91F, []rune{0x862D}},
	{0xF920, []rune{0x9E1E}},
	{0xF921, []rune{0x5D50}},
	{0xF922, []rune{0x6FEB}},
	{0xF923, []rune{0x85CD}},
	{0xF924, []rune{0x8964}},
	{0xF925, []rune{0x62C9}},
	{0xF926, []rune{0x81D8}},
	{0xF927, []rune{0x881F}},
	{0xF928, []rune{0x5ECA}},
	{0xF929, []rune{0x6717}},
	{0xF92A, []rune{0x6D6A}},
	{0xF92B, []rune{0x72FC}},
	{0xF92C, []rune{0x90CE}},
	{0xF92D, []rune{0x4F86}},
	{0xF92E, []rune{0x51B7}},
	{0xF92F, []rune{0x52DE}},
	{0xF930, []rune{0x64C4}},
	{0xF931, []rune{0x6AD3}},
	{0xF932, []rune{0x7210}},
	{0xF933, []rune{0x76E7}},
	{0xF934, []rune{0x8001}},
	{0xF935, []rune{0x8606}},
	{0xF936, []rune{0x865C}},
	{0xF937, []rune{0x8DEF}},
	{0xF938, []rune{0x9732}},
	{0xF939, []rune{0x9B6F}},
	{0xF93A, []rune{0x9DFA}},
	{0xF93B, []rune{0x788C}},
	{0xF93C, []rune{0x797F}},
	{0xF93D, []rune{0x7DA0}},
	{0xF93E, []rune{0x83C9}},
	{0xF93F, []rune{0x9304}},
	{0xF940, []rune{0x9E7F}},
	{0xF941, []rune{0x8AD6}},
	{0xF942, []rune{0x58DF}},
	{0xF943, []rune{0x5F04}},
	{0xF944, []rune{0x7C60}},
	{0xF945, []rune{0x807E}},
	{0xF946, []rune{0x7262}},
	{0xF947, []rune{0x78CA}},
	{0xF948, []rune{0x8CC2}},
	{0xF949, []rune{0x96F7}},
	{0xF94A, []rune{0x58D8}},
	{0xF94B, []rune{0x5C62}},
	{0xF94C, []rune{0x6A13}},
	{0xF94D, []rune{0x6DDA}},
	{0xF94E, []rune{0x6F0F}},
	{0xF94F, []rune{0x7D2F}},
	{0xF950, []rune{0x7E37}},
	{0xF951, []rune{0x964B}},
	{0xF952, []rune{0x52D2}},
	{0xF953, []rune{0x808B}},
	{0xF954, []rune{0x51DC}},
	{0xF955, []rune{0x51CC}},
	{0xF956, []rune{0x7A1C}},
	{0xF957, []rune{0x7DBE}},
	{0xF958, []rune{0x83F1}},
	{0xF959, []rune{0x9675}},
	{0xF95A, []rune{0x8B80}},
	{0xF95B, []rune{0x62CF}},
	{0xF95C, []rune{0x6A02}},
	{0xF95D, []rune{0x8AFE}},
	{0xF95E, []rune{0x4E39}},
	{0xF95F, []rune{0x5BE7}},
	{0xF960, []rune{0x6012}},
	{0xF961, []rune{0x7387}},
	{0xF962, []rune{0x7570}},
	{0xF963, []rune{0x5317}},
	{0xF964, []rune{0x78FB}},
	{0xF965, []rune{0x4FBF}},
	{0xF966, []rune{0x5FA9}},
	{0xF967, []rune{0x4E0D}},
	{0xF968, []rune{0x6CCC}},
	{0xF969, []rune{0x6578}},
	{0xF96A, []rune{0x7D22}},
	{0xF96B, []rune{0x53C3}},
	{0xF96C, []rune{0x585E}},
	{0xF96D, []rune{0x7701}},
	{0xF96E, []rune{0x8449}},
	{0xF96F, []rune{0x8AAA}},
	{0xF970, []rune{0x6BBA}},
	{0xF971, []rune{0x8FB0}},
	{0xF972, []rune{0x6C88}},
	{0xF973, []rune{0x62FE}},
	{0xF974, []rune{0x82E5}},
	{0xF975, []rune{0x63A0}},
	{0xF976, []rune{0x7565}},
	{0xF977, []rune{0x4EAE}},
	{0xF978, []rune{0x5169}},
	{0xF979, []rune{0x51C9}},
	{0xF97A, []rune{0x6881}},
	{0xF97B, []rune{0x7CE7}},
	{0xF97C, []rune{0x826F}},
	{0xF97D, []rune{0x8AD2}},
	{0xF97E, []rune{0x91CF}},
	{0xF97F, []rune{0x52F5}},
	{0xF980, []rune{0x5442}},
	{0xF981, []rune{0x5973}},
	{0xF982, []rune{0x5EEC}},
	{0xF983, []rune{0x65C5}},
	{0xF984, []rune{0x6FFE}},
	{0xF985, []rune{0x792A}},
	{0xF986, []rune{0x95AD}},
	{0xF987, []rune{0x9A6A}},
	{0xF988, []rune{0x9E97}},
	{0xF989, []rune{0x9ECE}},
	{0xF98A, []rune{0x529B}},
	{0xF98B, []rune{0x66C6}},
	{0xF98C, []rune{0x6B77}},
	{0xF98D, []rune{0x8F62}},
	{0xF98E, []rune{0x5E74}},
	{0xF98F, []rune{0x6190}},
	{0xF990, []rune{0x6200}},
	{0xF991, []rune{0x649A}},
	{0xF992, []rune{0x6F23}},
	{0xF993, []rune{0x7149}},
	{0xF994, []rune{0x7489}},
	{0xF995, []rune{0x79CA}},
	{0xF996, []rune{0x7DF4}},
	{0xF997, []rune{0x806F}},
	{0xF998, []rune{0x8F26}},
	{0xF999, []rune{0x84EE}},
	{0xF99A, []rune{0x9023}},
	{0xF99B, []rune{0x934A}},
	{0xF99C, []rune{0x5217}},
	{0xF99D, []rune{0x52A3}},
	{0xF99E, []rune{0x54BD}},
	{0xF99F, []rune{0x70C8}},
	{0xF9A0, []rune{0x88C2}},
	{0xF9A1, []rune{0x8AAA}},
	{0xF9A2, []rune{0x5EC9}},
	{0xF9A3, []rune{0x5FF5}},
	{0xF9A4, []rune{0x637B}},
	{0xF9A5, []rune{0x6BAE}},
	{0xF9A6, []rune{0x7C3E}},
	{0xF9A7, []rune{0x7375}},
	{0xF9A8, []rune{0x4EE4}},
	{0xF9A9, []rune{0x56F9}},
	{0xF9AA, []rune{0x5BE7}},
	{0xF9AB, []rune{0x5DBA}},
	{0xF9AC, []rune{0x601C}},
	{0xF9AD, []rune{0x73B2}},
	{0xF9AE, []rune{0x7469}},
	{0xF9AF, []rune{0x7F9A}},
	{0xF9B0, []rune{0x8046}},
	{0xF9B1, []rune{0x9234}},
	{0xF9B2, []rune{0x96F6}},
	{0xF9B3, []rune{0x9748}},
	{0xF9B4, []rune{0x9818}},
	{0xF9B5, []rune{0x4F8B}},
	{0xF9B6, []rune{0x79AE}},
	{0xF9B7, []rune{0x91B4}},
	{0xF9B8, []rune{0x96B8}},
	{0xF9B9, []rune{0x60E1}},
	{0xF9BA, []rune{0x4E86}},
	{0xF9BB, []rune{0x50DA}},
	{0xF9BC, []rune{0x5BEE}},
	{0xF9BD, []rune{0x5C3F}},
	{0xF9BE, []rune{0x6599}},
	{0xF9BF, []rune{0x6A02}},
	{0xF9C0, []rune{0x71CE}},
	{0xF9C1, []rune{0x7642}},
	{0xF9C2, []rune{0x84FC}},
	{0xF9C3, []rune{0x907C}},
	{0xF9C4, []rune{0x9F8D}},
	{0xF9C5, []rune{0x6688}},
	{0xF9C6, []rune{0x962E}},
	{0xF9C7, []rune{0x5289}},
	{0xF9C8, []rune{0x677B}},
	{0xF9C9, []rune{0x67F3}},
	{0xF9CA, []rune{0x6D41}},
	{0xF9CB, []rune{0x6E9C}},
	{0xF9CC, []rune{0x7409}},
	{0xF9CD, []rune{0x7559}},
	{0xF9CE, []rune{0x786B}},
	{0xF9CF, []rune{0x7D10}},
	{0xF9D0, []rune{0x985E}},
	{0xF9D1, []rune{0x516D}},
	{0xF9D2, []rune{0x622E}},
	{0xF9D3, []rune{0x9678}},
	{0xF9D4, []rune{0x502B}},
	{0xF9D5, []rune{0x5D19}},
	{0xF9D6, []rune{0x6DEA}},
	{0xF9D7, []rune{0x8F2A}},
	{0xF9D8, []rune{0x5F8B}},
	{0xF9D9, []rune{0x6144}},
	{0xF9DA, []rune{0x6817}},
	{0xF9DB, []rune{0x7387}},
	{0xF9DC, []rune{0x9686}},
	{0xF9DD, []rune{0x5229}},
	{0xF9DE, []rune{0x540F}},
	{0xF9DF, []rune{0x5C65}},
	{0xF9E0, []rune{0x6613}},
	{0xF9E1, []rune{0x674E}},
	{0xF9E2, []rune{0x68A8}},
	{0xF9E3, []rune{0x6CE5}},
	{0xF9E4, []rune{0x7406}},
	{0xF9E5, []rune{0x75E2}},
	{0xF9E6, []rune{0x7F79}},
	{0xF9E7, []rune{0x88CF}},
	{0xF9E8, []rune{0x88E1}},
	{0xF9E9, []rune{0x91CC}},
	{0xF9EA, []rune{0x96E2}},
	{0xF9EB, []rune{0x533F}},
	{0xF9EC, []rune{0x6EBA}},
	{0xF9ED, []rune{0x541D}},
	{0xF9EE, []rune{0x71D0}},
	{0xF9EF, []rune{0x7498}},
	{0xF9F0, []rune{0x85FA}},
	{0xF9F1, []rune{0x96A3}},
	{0xF9F2, []rune{0x9C57}},
	{0xF9F3, []rune{0x9E9F}},
	{0xF9F4, []rune{0x6797}},
	{0xF9F5, []rune{0x6DCB}},
	{0xF9F6, []rune{0x81E8}},
	{0xF9F7, []rune{0x7ACB}},
	{0xF9F8, []rune{0x7B20}},
	{0xF9F9, []rune{0x7C92}},
	{0xF9FA, []rune{0x72C0}},
	{0xF9FB, []rune{0x7099}},
	{0xF9FC, []rune{0x8B58}},
	{0xF9FD, []rune{0x4EC0}},
	{0xF9FE, []rune{0x8336}},
	{0xF9FF, []rune{0x523A}},
	{0xFA00, []rune{0x5207}},
	{0xFA01, []rune{0x5EA6}},
	{0xFA02, []rune{0x62D3}},
	{0xFA03, []rune{0x7CD6}},
	{0xFA04, []rune{0x5B85}},
	{0xFA05, []rune{0x6D1E}},
	{0xFA06, []rune{0x66B4}},
	{0xFA07, []rune{0x8F3B}},
	{0xFA08, []rune{0x884C}},
	{0xFA09, []rune{0x964D}},
	{0xFA0A, []rune{0x898B}},
	{0xFA0B, []rune{0x5ED3}},
	{0xFA0C, []rune{0x5140}},
	{0xFA0D, []rune{0x55C0}},
	{0xFA10, []rune{0x585A}},
	{0xFA12, []rune{0x6674}},
	{0xFA15, []rune{0x51DE}},
	{0xFA16, []rune{0x732A}},
	{0xFA17, []rune{0x76CA}},
	{0xFA18, []rune{0x793C}},
	{0xFA19, []rune{0x795E}},
	{0xFA1A, []rune{0x7965}},
	{0xFA1B, []rune{0x798F}},
	{0xFA1C, []rune{0x9756}},
	{0xFA1D, []rune{0x7CBE}},
	{0xFA1E, []rune{0x7FBD}},
	{0xFA20, []rune{0x8612}},
	{0xFA22, []rune{0x8AF8}},
	{0xFA25, []rune{0x9038}},
	{0xFA26, []rune{0x90FD}},
	{0xFA2A, []rune{0x98EF}},
	{0xFA2B, []rune{0x98FC}},
	{0xFA2C, []rune{0x9928}},
	{0xFA2D, []rune{0x9DB4}},
	{0xFA2E, []rune{0x90DE}},
	{0xFA2F, []rune{0x96B7}},
	{0xFA30, []rune{0x4FAE}},
	{0xFA31, []rune{0x50E7}},
	{0xFA32, []rune{0x514D}},
	{0xFA33, []rune{0x52C9}},
	{0xFA34, []rune{0x52E4}},
	{0xFA35, []rune{0x5351}},
	{0xFA36, []rune{0x559D}},
	{0xFA37, []rune{0x5606}},
	{0xFA38, []rune{0x5668}},
	{0xFA39, []rune{0x5840}},
	{0xFA3A, []rune{0x58A8}},
	{0xFA3B, []rune{0x5C64}},
	{0xFA3C, []rune{0x5C6E}},
	{0xFA3D, []rune{0x6094}},
	{0xFA3E, []rune{0x6168}},
	{0xFA3F, []rune{0x618E}},
	{0xFA40, []rune{0x61F2}},
	{0xFA41, []rune{0x654F}},
	{0xFA42, []rune{0x65E2}},
	{0xFA43, []rune{0x6691}},
	{0xFA44, []rune{0x6885}},
	{0xFA45, []rune{0x6D77}},
	{0xFA46, []rune{0x6E1A}},
	{0xFA47, []rune{0x6F22}},
	{0xFA48, []rune{0x716E}},
	{0xFA49, []rune{0x722B}},
	{0xFA4A, []rune{0x7422}},
	{0xFA4B, []rune{0x7891}},
	{0xFA4C, []rune{0x793E}},
	{0xFA4D, []rune{0x7949}},
	{0xFA4E, []rune{0x7948}},
	{0xFA4F, []rune{0x7950}},
	{0xFA50, []rune{0x7956}},
	{0xFA51, []rune{0x795D}},
	{0xFA52, []rune{0x798D}},
	{0xFA53, []rune{0x798E}},
	{0xFA54, []rune{0x7A40}},
	{0xFA55, []rune{0x7A81}},
	{0xFA56, []rune{0x7BC0}},
	{0xFA57, []rune{0x7DF4}},
	{0xFA58, []rune{0x7E09}},
	{0xFA59, []rune{0x7E41}},
	{0xFA5A, []rune{0x7F72}},
	{0xFA5B, []rune{0x8005}},
	{0xFA5C, []rune{0x81ED}},
	{0xFA5D, []rune{0x8279}},
	{0xFA5E, []rune{0x8279}},
	{0xFA5F, []rune{0x8457}},
	{0xFA60, []rune{0x8910}},
	{0xFA61, []rune{0x8996}},
	{0xFA62, []rune{0x8B01}},
	{0xFA63, []rune{0x8B39}},
	{0xFA64, []rune{0x8CD3}},
	{0xFA65, []rune{0x8D08}},
	{0xFA66, []rune{0x8FB6}},
	{0xFA67, []rune{0x9038}},
	{0xFA68, []rune{0x96E3}},
	{0xFA69, []rune{0x97FF}},
	{0xFA6A, []rune{0x983B}},
	{0xFA6B, []rune{0x6075}},
	{0xFA6C, []rune{0x242EE}},
	{0xFA6D, []rune{0x8218}},
	{0xFA70, []rune{0x4E26}},
	{0xFA71, []rune{0x51B5}},
	{0xFA72, []rune{0x5168}},
	{0xFA73, []rune{0x4F80}},
	{0xFA74, []rune{0x5145}},
	{0xFA75, []rune{0x5180}},
	{0xFA76, []rune{0x52C7}},
	{0xFA77, []rune{0x52FA}},
	{0xFA78, []rune{0x559D}},
	{0xFA79, []rune{0x5555}},
	{0xFA7A, []rune{0x5599}},
	{0xFA7B, []rune{0x55E2}},
	{0xFA7C, []rune{0x585A}},
	{0xFA7D, []rune{0x58B3}},
	{0xFA7E, []rune{0x5944}},
	{0xFA7F, []rune{0x5954}},
	{0xFA80, []rune{0x5A62}},
	{0xFA81, []rune{0x5B28}},
	{0xFA82, []rune{0x5ED2}},
	{0xFA83, []rune{0x5ED9}},
	{0xFA84, []rune{0x5F69}},
	{0xFA85, []rune{0x5FAD}},
	{0xFA86, []rune{0x60D8}},
	{0xFA87, []rune{0x614E}},
	{0xFA88, []rune{0x6108}},
	{0xFA89, []rune{0x618E}},
	{0xFA8A, []rune{0x6160}},
	{0xFA8B, []rune{0x61F2}},
	{0xFA8C, []rune{0x6234}},
	{0xFA8D, []rune{0x63C4}},
	{0xFA8E, []rune{0x641C}},
	{0xFA8F, []rune{0x6452}},
	{0xFA90, []rune{0x6556}},
	{0xFA91, []rune{0x6674}},
	{0xFA92, []rune{0x6717}},
	{0xFA93, []rune{0x671B}},
	{0xFA94, []rune{0x6756}},
	{0xFA95, []rune{0x6B79}},
	{0xFA96, []rune{0x6BBA}},
	{0xFA97, []rune{0x6D41}},
	{0xFA98, []rune{0x6EDB}},
	{0xFA99, []rune{0x6ECB}},
	{0xFA9A, []rune{0x6F22}},
	{0xFA9B, []rune{0x701E}},
	{0xFA9C, []rune{0x716E}},
	{0xFA9D, []rune{0x77A7}},
	{0xFA9E, []rune{0x7235}},
	{0xFA9F, []rune{0x72AF}},
	{0xFAA0, []rune{0x732A}},
	{0xFAA1, []rune{0x7471}},
	{0xFAA2, []rune{0x7506}},
	{0xFAA3, []rune{0x753B}},
	{0xFAA4, []rune{0x761D}},
	{0xFAA5, []rune{0x761F}},
	{0xFAA6, []rune{0x76CA}},
	{0xFAA7, []rune{0x76DB}},
	{0xFAA8, []rune{0x76F4}},
	{0xFAA9, []rune{0x774A}},
	{0xFAAA, []rune{0x7740}},
	{0xFAAB, []rune{0x78CC}},
	{0xFAAC, []rune{0x7AB1}},
	{0xFAAD, []rune{0x7BC0}},
	{0xFAAE, []rune{0x7C7B}},
	{0xFAAF, []rune{0x7D5B}},
	{0xFAB0, []rune{0x7DF4}},
	{0xFAB1, []rune{0x7F3E}},
	{0xFAB2, []rune{0x8005}},
	{0xFAB3, []rune{0x8352}},
	{0xFAB4, []rune{0x83EF}},
	{0xFAB5, []rune{0x8779}},
	{0xFAB6, []rune{0x8941}},
	{0xFAB7, []rune{0x8986}},
	{0xFAB8, []rune{0x8996}},
	{0xFAB9, []rune{0x8ABF}},
	{0xFABA, []rune{0x8AF8}},
	{0xFABB, []rune{0x8ACB}},
	{0xFABC, []rune{0x8B01}},
	{0xFABD, []rune{0x8AFE}},
	{0xFABE, []rune{0x8AED}},
	{0xFABF, []rune{0x8B39}},
	{0xFAC0, []rune{0x8B8A}},
	{0xFAC1, []rune{0x8D08}},
	{0xFAC2, []rune{0x8F38}},
	{0xFAC3, []rune{0x9072}},
	{0xFAC4, []rune{0x9199}},
	{0xFAC5, []rune{0x9276}},
	{0xFAC6, []rune{0x967C}},
	{0xFAC7, []rune{0x96E3}},
	{0xFAC8, []rune{0x9756}},
	{0xFAC9, []rune{0x97DB}},
	{0xFACA, []rune{0x97FF}},
	{0xFACB, []rune{0x980B}},
	{0xFACC, []rune{0x983B}},
	{0xFACD, []rune{0x9B12}},
	{0xFACE, []rune{0x9F9C}},
	{0xFACF, []rune{0x2284A}},
	{0xFAD0, []rune{0x22844}},
	{0xFAD1, []rune{0x233D5}},
	{0xFAD2, []rune{0x3B9D}},
	{0xFAD3, []rune{0x4018}},
	{0xFAD4, []rune{0x4039}},
	{0xFAD5, []rune{0x25249}},
	{0xFAD6, []rune{0x25CD0}},
	{0xFAD7, []rune{0x27ED3}},
	{0xFAD8, []rune{0x9F43}},
	{0xFAD9, []rune{0x9F8E}},
	{0xFB1D, []rune{0x05D9, 0x05B4}},
	{0xFB1F, []rune{0x05F2, 0x05B7}},
	{0xFB2A, []rune{0x05E9, 0x05C1}},
	{0xFB2B, []rune{0x05E9, 0x05C2}},
	{0xFB2C, []rune{0xFB49, 0x05C1}},
	{0xFB2D, []rune{0xFB49, 0x05C2}},
	{0xFB2E, []rune{0x05D0, 0x05B7}},
	{0xFB2F, []rune{0x05D0, 0x05B8}},
	{0xFB30, []rune{0x05D0, 0x05BC}},
	{0xFB31, []rune{0x05D1, 0x05BC}},
	{0xFB32, []rune{0x05D2, 0x05BC}},
	{0xFB33, []rune{0x05D3, 0x05BC}},
	{0xFB34, []rune{0x05D4, 0x05BC}},
	{0xFB35, []rune{0x05D5, 0x05BC}},
	{0xFB36, []rune{0x05D6, 0x05BC}},
	{0xFB38, []rune{0x05D8, 0x05BC}},
	{0xFB39, []rune{0x05D9, 0x05BC}},
	{0xFB3A, []rune{0x05DA, 0x05BC}},
	{0xFB3B, []rune{0x05DB, 0x05BC}},
	{0xFB3C, []rune{0x05DC, 0x05BC}},
	{0xFB3E, []rune{0x05DE, 0x05BC}},
	{0xFB40, []rune{0x05E0, 0x05BC}},
	{0xFB41, []rune{0x05E1, 0x05BC}},
	{0xFB43, []rune{0x05E3, 0x05BC}},
	{0xFB44, []rune{0x05E4, 0x05BC}},
	{0xFB46, []rune{0x05E6, 0x05BC}},
	{0xFB47, []rune{0x05E7, 0x05BC}},
	{0xFB48, []rune{0x05E8, 0x05BC}},
	{0xFB49, []rune{0x05E9, 0x05BC}},
	{0xFB4A, []rune{0x05EA, 0x05BC}},
	{0xFB4B, []rune{0x05D5, 0x05B9}},
	{0xFB4C, []rune{0x05D1, 0x05BF}},
	{0xFB4D, []rune{0x05DB, 0x05BF}},
	{0xFB4E, []rune{0x05E4, 0x05BF}},
	{0x105C9, []rune{0x105D2, 0x0307}},
	{0x105E4, []rune{0x105DA, 0x0307}},
	{0x1109A, []rune{0x11099, 0x110BA}},
	{0x1109C, []rune{0x1109B, 0x110BA}},
	{0x110AB, []rune{0x110A5, 0x110BA}},
	{0x1112E, []rune{0x11131, 0x11127}},
	{0x1112F, []rune{0x11132, 0x11127}},
	{0x1134B, []rune{0x11347, 0x1133E}},
	{0x1134C, []rune{0x11347, 0x11357}},
	{0x11383, []rune{0x11382, 0x113C9}},
	{0x11385, []rune{0x11384, 0x113BB}},
	{0x1138E, []rune{0x1138B, 0x113C2}},
	{0x11391, []rune{0x11390, 0x113C9}},
	{0x113C5, []rune{0x113C2, 0x113C2}},
	{0x113C7, []rune{0x113C2, 0x113B8}},
	{0x113C8, []rune{0x113C2, 0x113C9}},
	{0x114BB, []rune{0x114B9, 0x114BA}},
	{0x114BC, []rune{0x114B9, 0x114B0}},
	{0x114BE, []rune{0x114B9, 0x114BD}},
	{0x115BA, []rune{0x115B8, 0x115AF}},
	{0x115BB, []rune{0x115B9, 0x115AF}},
	{0x11938, []rune{0x11935, 0x11930}},
	{0x16121, []rune{0x1611E, 0x1611E}},
	{0x16122, []rune{0x1611E, 0x16129}},
	{0x16123, []rune{0x1611E, 0x1611F}},
	{0x16124, []rune{0x16129, 0x1611F}},
	{0x16125, []rune{0x1611E, 0x16120}},
	{0x16126, []rune{0x16121, 0x1611F}},
	{0x16127, []rune{0x16122, 0x1611F}},
	{0x16128, []rune{0x16121, 0x16120}},
	{0x16D68, []rune{0x16D67, 0x16D67}},
	{0x16D69, []rune{0x16D63, 0x16D67}},
	{0x16D6A, []rune{0x16D69, 0x16D67}},
	{0x1D15E, []rune{0x1D157, 0x1D165}},
	{0x1D15F, []rune{0x1D158, 0x1D165}},
	{0x1D160, []rune{0x1D15F, 0x1D16E}},
	{0x1D161, []rune{0x1D15F, 0x1D16F}},
	{0x1D162, []rune{0x1D15F, 0x1D170}},
	{0x1D163, []rune{0x1D15F, 0x1D171}},
	{0x1D164, []rune{0x1D15F, 0x1D172}},
	{0x1D1BB, []rune{0x1D1B9, 0x1D165}},
	{0x1D1BC, []rune{0x1D1BA, 0x1D165}},
	{0x1D1BD, []rune{0x1D1BB, 0x1D16E}},
	{0x1D1BE, []rune{0x1D1BC, 0x1D16E}},
	{0x1D1BF, []rune{0x1D1BB, 0x1D16F}},
	{0x1D1C0, []rune{0x1D1BC, 0x1D16F}},
	{0x2F800, []rune{0x4E3D}},
	{0x2F801, []rune{0x4E38}},
	{0x2F802, []rune{0x4E41}},
	{0x2F803, []rune{0x20122}},
	{0x2F804, []rune{0x4F60}},
	{0x2F805, []rune{0x4FAE}},
	{0x2F806, []rune{0x4FBB}},
	{0x2F807, []rune{0x5002}},
	{0x2F808, []rune{0x507A}},
	{0x2F809, []rune{0x5099}},
	{0x2F80A, []rune{0x50E7}},
	{0x2F80B, []rune{0x50CF}},
	{0x2F80C, []rune{0x349E}},
	{0x2F80D, []rune{0x2063A}},
	{0x2F80E, []rune{0x514D}},
	{0x2F80F, []rune{0x5154}},
	{0x2F810, []rune{0x5164}},
	{0x2F811, []rune{0x5177}},
	{0x2F812, []rune{0x2051C}},
	{0x2F813, []rune{0x34B9}},
	{0x2F814, []rune{0x5167}},
	{0x2F815, []rune{0x518D}},
	{0x2F816, []rune{0x2054B}},
	{0x2F817, []rune{0x5197}},
	{0x2F818, []rune{0x51A4}},
	{0x2F819, []rune{0x4ECC}},
	{0x2F81A, []rune{0x51AC}},
	{0x2F81B, []rune{0x51B5}},
	{0x2F81C, []rune{0x291DF}},
	{0x2F81D, []rune{0x51F5}},
	{0x2F81E, []rune{0x5203}},
	{0x2F81F, []rune{0x34DF}},
	{0x2F820, []rune{0x523B}},
	{0x2F821, []rune{0x5246}},
	{0x2F822, []rune{0x5272}},
	{0x2F823, []rune{0x5277}},
	{0x2F824, []rune{0x3515}},
	{0x2F825, []rune{0x52C7}},
	{0x2F826, []rune{0x52C9}},
	{0x2F827, []rune{0x52E4}},
	{0x2F828, []rune{0x52FA}},
	{0x2F829, []rune{0x5305}},
	{0x2F82A, []rune{0x5306}},
	{0x2F82B, []rune{0x5317}},
	{0x2F82C, []rune{0x5349}},
	{0x2F82D, []rune{0x5351}},
	{0x2F82E, []rune{0x535A}},
	{0x2F82F, []rune{0x5373}},
	{0x2F830, []rune{0x537D}},
	{0x2F831, []rune{0x537F}},
	{0x2F832, []rune{0x537F}},
	{0x2F833, []rune{0x537F}},
	{0x2F834, []rune{0x20A2C}},
	{0x2F835, []rune{0x7070}},
	{0x2F836, []rune{0x53CA}},
	{0x2F837, []rune{0x53DF}},
	{0x2F838, []rune{0x20B63}},
	{0x2F839, []rune{0x53EB}},
	{0x2F83A, []rune{0x53F1}},
	{0x2F83B, []rune{0x5406}},
	{0x2F83C, []rune{0x549E}},
	{0x2F83D, []rune{0x5438}},
	{0x2F83E, []rune{0x5448}},
	{0x2F83F, []rune{0x5468}},
	{0x2F840, []rune{0x54A2}},
	{0x2F841, []rune{0x54F6}},
	{0x2F842, []rune{0x5510}},
	{0x2F843, []rune{0x5553}},
	{0x2F844, []rune{0x5563}},
	{0x2F845, []rune{0x5584}},
	{0x2F846, []rune{0x5584}},
	{0x2F847, []rune{0x5599}},
	{0x2F848, []rune{0x55AB}},
	{0x2F849, []rune{0x55B3}},
	{0x2F84A, []rune{0x55C2}},
	{0x2F84B, []rune{0x5716}},
	{0x2F84C, []rune{0x5606}},
	{0x2F84D, []rune{0x5717}},
	{0x2F84E, []rune{0x5651}},
	{0x2F84F, []rune{0x5674}},
	{0x2F850, []rune{0x5207}},
	{0x2F851, []rune{0x58EE}},
	{0x2F852, []rune{0x57CE}},
	{0x2F853, []rune{0x57F4}},
	{0x2F854, []rune{0x580D}},
	{0x2F855, []rune{0x578B}},
	{0x2F856, []rune{0x5832}},
	{0x2F857, []rune{0x5831}},
	{0x2F858, []rune{0x58AC}},
	{0x2F859, []rune{0x214E4}},
	{0x2F85A, []rune{0x58F2}},
	{0x2F85B, []rune{0x58F7}},
	{0x2F85C, []rune{0x5906}},
	{0x2F85D, []rune{0x591A}},
	{0x2F85E, []rune{0x5922}},
	{0x2F85F, []rune{0x5962}},
	{0x2F860, []rune{0x216A8}},
	{0x2F861, []rune{0x216EA}},
	{0x2F862, []rune{0x59EC}},
	{0x2F863, []rune{0x5A1B}},
	{0x2F864, []rune{0x5A27}},
	{0x2F865, []rune{0x59D8}},
	{0x2F866, []rune{0x5A66}},
	{0x2F867, []rune{0x36EE}},
	{0x2F868, []rune{0x36FC}},
	{0x2F869, []rune{0x5B08}},
	{0x2F86A, []rune{0x5B3E}},
	{0x2F86B, []rune{0x5B3E}},
	{0x2F86C, []rune{0x219C8}},
	{0x2F86D, []rune{0x5BC3}},
	{0x2F86E, []rune{0x5BD8}},
	{0x2F86F, []rune{0x5BE7}},
	{0x2F870, []rune{0x5BF3}},
	{0x2F871, []rune{0x21B18}},
	{0x2F872, []rune{0x5BFF}},
	{0x2F873, []rune{0x5C06}},
	{0x2F874, []rune{0x5F53}},
	{0x2F875, []rune{0x5C22}},
	{0x2F876, []rune{0x3781}},
	{0x2F877, []rune{0x5C60}},
	{0x2F878, []rune{0x5C6E}},
	{0x2F879, []rune{0x5CC0}},
	{0x2F87A, []rune{0x5C8D}},
	{0x2F87B, []rune{0x21DE4}},
	{0x2F87C, []rune{0x5D43}},
	{0x2F87D, []rune{0x21DE6}},
	{0x2F87E, []rune{0x5D6E}},
	{0x2F87F, []rune{0x5D6B}},
	{0x2F880, []rune{0x5D7C}},
	{0x2F881, []rune{0x5DE1}},
	{0x2F882, []rune{0x5DE2}},
	{0x2F883, []rune{0x382F}},
	{0x2F884, []rune{0x5DFD}},
	{0x2F885, []rune{0x5E28}},
	{0x2F886, []rune{0x5E3D}},
	{0x2F887, []rune{0x5E69}},
	{0x2F888, []rune{0x3862}},
	{0x2F889, []rune{0x22183}},
	{0x2F88A, []rune{0x387C}},
	{0x2F88B, []rune{0x5EB0}},
	{0x2F88C, []rune{0x5EB3}},
	{0x2F88D, []rune{0x5EB6}},
	{0x2F88E, []rune{0x5ECA}},
	{0x2F88F, []rune{0x2A392}},
	{0x2F890, []rune{0x5EFE}},
	{0x2F891, []rune{0x22331}},
	{0x2F892, []rune{0x22331}},
	{0x2F893, []rune{0x8201}},
	{0x2F894, []rune{0x5F22}},
	{0x2F895, []rune{0x5F22}},
	{0x2F896, []rune{0x38C7}},
	{0x2F897, []rune{0x232B8}},
	{0x2F898, []rune{0x261DA}},
	{0x2F899, []rune{0x5F62}},
	{0x2F89A, []rune{0x5F6B}},
	{0x2F89B, []rune{0x38E3}},
	{0x2F89C, []rune{0x5F9A}},
	{0x2F89D, []rune{0x5FCD}},
	{0x2F89E, []rune{0x5FD7}},
	{0x2F89F, []rune{0x5FF9}},
	{0x2F8A0, []rune{0x6081}},
	{0x2F8A1, []rune{0x393A}},
	{0x2F8A2, []rune{0x391C}},
	{0x2F8A3, []rune{0x6094}},
	{0x2F8A4, []rune{0x226D4}},
	{0x2F8A5, []rune{0x60C7}},
	{0x2F8A6, []rune{0x6148}},
	{0x2F8A7, []rune{0x614C}},
	{0x2F8A8, []rune{0x614E}},
	{0x2F8A9, []rune{0x614C}},
	{0x2F8AA, []rune{0x617A}},
	{0x2F8AB, []rune{0x618E}},
	{0x2F8AC, []rune{0x61B2}},
	{0x2F8AD, []rune{0x61A4}},
	{0x2F8AE, []rune{0x61AF}},
	{0x2F8AF, []rune{0x61DE}},
	{0x2F8B0, []rune{0x61F2}},
	{0x2F8B1, []rune{0x61F6}},
	{0x2F8B2, []rune{0x6210}},
	{0x2F8B3, []rune{0x621B}},
	{0x2F8B4, []rune{0x625D}},
	{0x2F8B5, []rune{0x62B1}},
	{0x2F8B6, []rune{0x62D4}},
	{0x2F8B7, []rune{0x6350}},
	{0x2F8B8, []rune{0x22B0C}},
	{0x2F8B9, []rune{0x633D}},
	{0x2F8BA, []rune{0x62FC}},
	{0x2F8BB, []rune{0x6368}},
	{0x2F8BC, []rune{0x6383}},
	{0x2F8BD, []rune{0x63E4}},
	{0x2F8BE, []rune{0x22BF1}},
	{0x2F8BF, []rune{0x6422}},
	{0x2F8C0, []rune{0x63C5}},
	{0x2F8C1, []rune{0x63A9}},
	{0x2F8C2, []rune{0x3A2E}},
	{0x2F8C3, []rune{0x6469}},
	{0x2F8C4, []rune{0x647E}},
	{0x2F8C5, []rune{0x649D}},
	{0x2F8C6, []rune{0x6477}},
	{0x2F8C7, []rune{0x3A6C}},
	{0x2F8C8, []rune{0x654F}},
	{0x2F8C9, []rune{0x656C}},
	{0x2F8CA, []rune{0x2300A}},
	{0x2F8CB, []rune{0x65E3}},
	{0x2F8CC, []rune{0x66F8}},
	{0x2F8CD, []rune{0x6649}},
	{0x2F8CE, []rune{0x3B19}},
	{0x2F8CF, []rune{0x6691}},
	{0x2F8D0, []rune{0x3B08}},
	{0x2F8D1, []rune{0x3AE4}},
	{0x2F8D2, []rune{0x5192}},
	{0x2F8D3, []rune{0x5195}},
	{0x2F8D4, []rune{0x6700}},
	{0x2F8D5, []rune{0x669C}},
	{0x2F8D6, []rune{0x80AD}},
	{0x2F8D7, []rune{0x43D9}},
	{0x2F8D8, []rune{0x6717}},
	{0x2F8D9, []rune{0x671B}},
	{0x2F8DA, []rune{0x6721}},
	{0x2F8DB, []rune{0x675E}},
	{0x2F8DC, []rune{0x6753}},
	{0x2F8DD, []rune{0x233C3}},
	{0x2F8DE, []rune{0x3B49}},
	{0x2F8DF, []rune{0x67FA}},
	{0x2F8E0, []rune{0x6785}},
	{0x2F8E1, []rune{0x6852}},
	{0x2F8E2, []rune{0x6885}},
	{0x2F8E3, []rune{0x2346D}},
	{0x2F8E4, []rune{0x688E}},
	{0x2F8E5, []rune{0x681F}},
	{0x2F8E6, []rune{0x6914}},
	{0x2F8E7, []rune{0x3B9D}},
	{0x2F8E8, []rune{0x6942}},
	{0x2F8E9, []rune{0x69A3}},
	{0x2F8EA, []rune{0x69EA}},
	{0x2F8EB, []rune{0x6AA8}},
	{0x2F8EC, []rune{0x236A3}},
	{0x2F8ED, []rune{0x6ADB}},
	{0x2F8EE, []rune{0x3C18}},
	{0x2F8EF, []rune{0x6B21}},
	{0x2F8F0, []rune{0x238A7}},
	{0x2F8F1, []rune{0x6B54}},
	{0x2F8F2, []rune{0x3C4E}},
	{0x2F8F3, []rune{0x6B72}},
	{0x2F8F4, []rune{0x6B9F}},
	{0x2F8F5, []rune{0x6BBA}},
	{0x2F8F6, []rune{0x6BBB}},
	{0x2F8F7, []rune{0x23A8D}},
	{0x2F8F8, []rune{0x21D0B}},
	{0x2F8F9, []rune{0x23AFA}},
	{0x2F8FA, []rune{0x6C4E}},
	{0x2F8FB, []rune{0x23CBC}},
	{0x2F8FC, []rune{0x6CBF}},
	{0x2F8FD, []rune{0x6CCD}},
	{0x2F8FE, []rune{0x6C67}},
	{0x2F8FF, []rune{0x6D16}},
	{0x2F900, []rune{0x6D3E}},
	{0x2F901, []rune{0x6D77}},
	{0x2F902, []rune{0x6D41}},
	{0x2F903, []rune{0x6D69}},
	{0x2F904, []rune{0x6D78}},
	{0x2F905, []rune{0x6D85}},
	{0x2F906, []rune{0x23D1E}},
	{0x2F907, []rune{0x6D34}},
	{0x2F908, []rune{0x6E2F}},
	{0x2F909, []rune{0x6E6E}},
	{0x2F90A, []rune{0x3D33}},
	{0x2F90B, []rune{0x6ECB}},
	{0x2F90C, []rune{0x6EC7}},
	{0x2F90D, []rune{0x23ED1}},
	{0x2F90E, []rune{0x6DF9}},
	{0x2F90F, []rune{0x6F6E}},
	{0x2F910, []rune{0x23F5E}},
	{0x2F911, []rune{0x23F8E}},
	{0x2F912, []rune{0x6FC6}},
	{0x2F913, []rune{0x7039}},
	{0x2F914, []rune{0x701E}},
	{0x2F915, []rune{0x701B}},
	{0x2F916, []rune{0x3D96}},
	{0x2F917, []rune{0x704A}},
	{0x2F918, []rune{0x707D}},
	{0x2F919, []rune{0x7077}},
	{0x2F91A, []rune{0x70AD}},
	{0x2F91B, []rune{0x20525}},
	{0x2F91C, []rune{0x7145}},
	{0x2F91D, []rune{0x24263}},
	{0x2F91E, []rune{0x719C}},
	{0x2F91F, []rune{0x243AB}},
	{0x2F920, []rune{0x7228}},
	{0x2F921, []rune{0x7235}},
	{0x2F922, []rune{0x7250}},
	{0x2F923, []rune{0x24608}},
	{0x2F924, []rune{0x7280}},
	{0x2F925, []rune{0x7295}},
	{0x2F926, []rune{0x24735}},
	{0x2F927, []rune{0x24814}},
	{0x2F928, []rune{0x737A}},
	{0x2F929, []rune{0x738B}},
	{0x2F92A, []rune{0x3EAC}},
	{0x2F92B, []rune{0x73A5}},
	{0x2F92C, []rune{0x3EB8}},
	{0x2F92D, []rune{0x3EB8}},
	{0x2F92E, []rune{0x7447}},
	{0x2F92F, []rune{0x745C}},
	{0x2F930, []rune{0x7471}},
	{0x2F931, []rune{0x7485}},
	{0x2F932, []rune{0x74CA}},
	{0x2F933, []rune{0x3F1B}},
	{0x2F934, []rune{0x7524}},
	{0x2F935, []rune{0x24C36}},
	{0x2F936, []rune{0x753E}},
	{0x2F937, []rune{0x24C92}},
	{0x2F938, []rune{0x7570}},
	{0x2F939, []rune{0x2219F}},
	{0x2F93A, []rune{0x7610}},
	{0x2F93B, []rune{0x24FA1}},
	{0x2F93C, []rune{0x24FB8}},
	{0x2F93D, []rune{0x25044}},
	{0x2F93E, []rune{0x3FFC}},
	{0x2F93F, []rune{0x4008}},
	{0x2F940, []rune{0x76F4}},
	{0x2F941, []rune{0x250F3}},
	{0x2F942, []rune{0x250F2}},
	{0x2F943, []rune{0x25119}},
	{0x2F944, []rune{0x25133}},
	{0x2F945, []rune{0x771E}},
	{0x2F946, []rune{0x771F}},
	{0x2F947, []rune{0x771F}},
	{0x2F948, []rune{0x774A}},
	{0x2F949, []rune{0x4039}},
	{0x2F94A, []rune{0x778B}},
	{0x2F94B, []rune{0x4046}},
	{0x2F94C, []rune{0x4096}},
	{0x2F94D, []rune{0x2541D}},
	{0x2F94E, []rune{0x784E}},
	{0x2F94F, []rune{0x788C}},
	{0x2F950, []rune{0x78CC}},
	{0x2F951, []rune{0x40E3}},
	{0x2F952, []rune{0x25626}},
	{0x2F953, []rune{0x7956}},
	{0x2F954, []rune{0x2569A}},
	{0x2F955, []rune{0x256C5}},
	{0x2F956, []rune{0x798F}},
	{0x2F957, []rune{0x79EB}},
	{0x2F958, []rune{0x412F}},
	{0x2F959, []rune{0x7A40}},
	{0x2F95A, []rune{0x7A4A}},
	{0x2F95B, []rune{0x7A4F}},
	{0x2F95C, []rune{0x2597C}},
	{0x2F95D, []rune{0x25AA7}},
	{0x2F95E, []rune{0x25AA7}},
	{0x2F95F, []rune{0x7AEE}},
	{0x2F960, []rune{0x4202}},
	{0x2F961, []rune{0x25BAB}},
	{0x2F962, []rune{0x7BC6}},
	{0x2F963, []rune{0x7BC9}},
	{0x2F964, []rune{0x4227}},
	{0x2F965, []rune{0x25C80}},
	{0x2F966, []rune{0x7CD2}},
	{0x2F967, []rune{0x42A0}},
	{0x2F968, []rune{0x7CE8}},
	{0x2F969, []rune{0x7CE3}},
	{0x2F96A, []rune{0x7D00}},
	{0x2F96B, []rune{0x25F86}},
	{0x2F96C, []rune{0x7D63}},
	{0x2F96D, []rune{0x4301}},
	{0x2F96E, []rune{0x7DC7}},
	{0x2F96F, []rune{0x7E02}},
	{0x2F970, []rune{0x7E45}},
	{0x2F971, []rune{0x4334}},
	{0x2F972, []rune{0x26228}},
	{0x2F973, []rune{0x26247}},
	{0x2F974, []rune{0x4359}},
	{0x2F975, []rune{0x262D9}},
	{0x2F976, []rune{0x7F7A}},
	{0x2F977, []rune{0x2633E}},
	{0x2F978, []rune{0x7F95}},
	{0x2F979, []rune{0x7FFA}},
	{0x2F97A, []rune{0x8005}},
	{0x2F97B, []rune{0x264DA}},
	{0x2F97C, []rune{0x26523}},
	{0x2F97D, []rune{0x8060}},
	{0x2F97E, []rune{0x265A8}},
	{0x2F97F, []rune{0x8070}},
	{0x2F980, []rune{0x2335F}},
	{0x2F981, []rune{0x43D5}},
	{0x2F982, []rune{0x80B2}},
	{0x2F983, []rune{0x8103}},
	{0x2F984, []rune{0x440B}},
	{0x2F985, []rune{0x813E}},
	{0x2F986, []rune{0x5AB5}},
	{0x2F987, []rune{0x267A7}},
	{0x2F988, []rune{0x267B5}},
	{0x2F989, []rune{0x23393}},
	{0x2F98A, []rune{0x2339C}},
	{0x2F98B, []rune{0x8201}},
	{0x2F98C, []rune{0x8204}},
	{0x2F98D, []rune{0x8F9E}},
	{0x2F98E, []rune{0x446B}},
	{0x2F98F, []rune{0x8291}},
	{0x2F990, []rune{0x828B}},
	{0x2F991, []rune{0x829D}},
	{0x2F992, []rune{0x52B3}},
	{0x2F993, []rune{0x82B1}},
	{0x2F994, []rune{0x82B3}},
	{0x2F995, []rune{0x82BD}},
	{0x2F996, []rune{0x82E6}},
	{0x2F997, []rune{0x26B3C}},
	{0x2F998, []rune{0x82E5}},
	{0x2F999, []rune{0x831D}},
	{0x2F99A, []rune{0x8363}},
	{0x2F99B, []rune{0x83AD}},
	{0x2F99C, []rune{0x8323}},
	{0x2F99D, []rune{0x83BD}},
	{0x2F99E, []rune{0x83E7}},
	{0x2F99F, []rune{0x8457}},
	{0x2F9A0, []rune{0x8353}},
	{0x2F9A1, []rune{0x83CA}},
	{0x2F9A2, []rune{0x83CC}},
	{0x2F9A3, []rune{0x83DC}},
	{0x2F9A4, []rune{0x26C36}},
	{0x2F9A5, []rune{0x26D6B}},
	{0x2F9A6, []rune{0x26CD5}},
	{0x2F9A7, []rune{0x452B}},
	{0x2F9A8, []rune{0x84F1}},
	{0x2F9A9, []rune{0x84F3}},
	{0x2F9AA, []rune{0x8516}},
	{0x2F9AB, []rune{0x273CA}},
	{0x2F9AC, []rune{0x8564}},
	{0x2F9AD, []rune{0x26F2C}},
	{0x2F9AE, []rune{0x455D}},
	{0x2F9AF, []rune{0x4561}},
	{0x2F9B0, []rune{0x26FB1}},
	{0x2F9B1, []rune{0x270D2}},
	{0x2F9B2, []rune{0x456B}},
	{0x2F9B3, []rune{0x8650}},
	{0x2F9B4, []rune{0x865C}},
	{0x2F9B5, []rune{0x8667}},
	{0x2F9B6, []rune{0x8669}},
	{0x2F9B7, []rune{0x86A9}},
	{0x2F9B8, []rune{0x8688}},
	{0x2F9B9, []rune{0x870E}},
	{0x2F9BA, []rune{0x86E2}},
	{0x2F9BB, []rune{0x8779}},
	{0x2F9BC, []rune{0x8728}},
	{0x2F9BD, []rune{0x876B}},
	{0x2F9BE, []rune{0x8786}},
	{0x2F9BF, []rune{0x45D7}},
	{0x2F9C0, []rune{0x87E1}},
	{0x2F9C1, []rune{0x8801}},
	{0x2F9C2, []rune{0x45F9}},
	{0x2F9C3, []rune{0x8860}},
	{0x2F9C4, []rune{0x8863}},
	{0x2F9C5, []rune{0x27667}},
	{0x2F9C6, []rune{0x88D7}},
	{0x2F9C7, []rune{0x88DE}},
	{0x2F9C8, []rune{0x4635}},
	{0x2F9C9, []rune{0x88FA}},
	{0x2F9CA, []rune{0x34BB}},
	{0x2F9CB, []rune{0x278AE}},
	{0x2F9CC, []rune{0x27966}},
	{0x2F9CD, []rune{0x46BE}},
	{0x2F9CE, []rune{0x46C7}},
	{0x2F9CF, []rune{0x8AA0}},
	{0x2F9D0, []rune{0x8AED}},
	{0x2F9D1, []rune{0x8B8A}},
	{0x2F9D2, []rune{0x8C55}},
	{0x2F9D3, []rune{0x27CA8}},
	{0x2F9D4, []rune{0x8CAB}},
	{0x2F9D5, []rune{0x8CC1}},
	{0x2F9D6, []rune{0x8D1B}},
	{0x2F9D7, []rune{0x8D77}},
	{0x2F9D8, []rune{0x27F2F}},
	{0x2F9D9, []rune{0x20804}},
	{0x2F9DA, []rune{0x8DCB}},
	{0x2F9DB, []rune{0x8DBC}},
	{0x2F9DC, []rune{0x8DF0}},
	{0x2F9DD, []rune{0x208DE}},
	{0x2F9DE, []rune{0x8ED4}},
	{0x2F9DF, []rune{0x8F38}},
	{0x2F9E0, []rune{0x285D2}},
	{0x2F9E1, []rune{0x285ED}},
	{0x2F9E2, []rune{0x9094}},
	{0x2F9E3, []rune{0x90F1}},
	{0x2F9E4, []rune{0x9111}},
	{0x2F9E5, []rune{0x2872E}},
	{0x2F9E6, []rune{0x911B}},
	{0x2F9E7, []rune{0x9238}},
	{0x2F9E8, []rune{0x92D7}},
	{0x2F9E9, []rune{0x92D8}},
	{0x2F9EA, []rune{0x927C}},
	{0x2F9EB, []rune{0x93F9}},
	{0x2F9EC, []rune{0x9415}},
	{0x2F9ED, []rune{0x28BFA}},
	{0x2F9EE, []rune{0x958B}},
	{0x2F9EF, []rune{0x4995}},
	{0x2F9F0, []rune{0x95B7}},
	{0x2F9F1, []rune{0x28D77}},
	{0x2F9F2, []rune{0x49E6}},
	{0x2F9F3, []rune{0x96C3}},
	{0x2F9F4, []rune{0x5DB2}},
	{0x2F9F5, []rune{0x9723}},
	{0x2F9F6, []rune{0x29145}},
	{0x2F9F7, []rune{0x2921A}},
	{0x2F9F8, []rune{0x4A6E}},
	{0x2F9F9, []rune{0x4A76}},
	{0x2F9FA, []rune{0x97E0}},
	{0x2F9FB, []rune{0x2940A}},
	{0x2F9FC, []rune{0x4AB2}},
	{0x2F9FD, []rune{0x29496}},
	{0x2F9FE, []rune{0x980B}},
	{0x2F9FF, []rune{0x980B}},
	{0x2FA00, []rune{0x9829}},
	{0x2FA01, []rune{0x295B6}},
	{0x2FA02, []rune{0x98E2}},
	{0x2FA03, []rune{0x4B33}},
	{0x2FA04, []rune{0x9929}},
	{0x2FA05, []rune{0x99A7}},
	{0x2FA06, []rune{0x99C2}},
	{0x2FA07, []rune{0x99FE}},
	{0x2FA08, []rune{0x4BCE}},
	{0x2FA09, []rune{0x29B30}},
	{0x2FA0A, []rune{0x9B12}},
	{0x2FA0B, []rune{0x9C40}},
	{0x2FA0C, []rune{0x9CFD}},
	{0x2FA0D, []rune{0x4CCE}},
	{0x2FA0E, []rune{0x4CED}},
	{0x2FA0F, []rune{0x9D67}},
	{0x2FA10, []rune{0x2A0CE}},
	{0x2FA11, []rune{0x4CF8}},
	{0x2FA12, []rune{0x2A105}},
	{0x2FA13, []rune{0x2A20E}},
	{0x2FA14, []rune{0x2A291}},
	{0x2FA15, []rune{0x9EBB}},
	{0x2FA16, []rune{0x4D56}},
	{0x2FA17, []rune{0x9EF9}},
	{0x2FA18, []rune{0x9EFE}},
	{0x2FA19, []rune{0x9F05}},
	{0x2FA1A, []rune{0x9F0F}},
	{0x2FA1B, []rune{0x9F16}},
	{0x2FA1C, []rune{0x9F3B}},
	{0x2FA1D, []rune{0x2A600}},
}

// compatibilityDecomposition is the one-step compatibility decomposition, its <tag> dropped; a code point is in this, in canonicalDecomposition or in neither (3901 code points).
var compatibilityDecomposition = mapping{
	{0x00A0, []rune{0x0020}},
	{0x00A8, []rune{0x0020, 0x0308}},
	{0x00AA, []rune{0x0061}},
	{0x00AF, []rune{0x0020, 0x0304}},
	{0x00B2, []rune{0x0032}},
	{0x00B3, []rune{0x0033}},
	{0x00B4, []rune{0x0020, 0x0301}},
	{0x00B5, []rune{0x03BC}},
	{0x00B8, []rune{0x0020, 0x0327}},
	{0x00B9, []rune{0x0031}},
	{0x00BA, []rune{0x006F}},
	{0x00BC, []rune{0x0031, 0x2044, 0x0034}},
	{0x00BD, []rune{0x0031, 0x2044, 0x0032}},
	{0x00BE, []rune{0x0033, 0x2044, 0x0034}},
	{0x0132, []rune{0x0049, 0x004A}},
	{0x0133, []rune{0x0069, 0x006A}},
	{0x013F, []rune{0x004C, 0x00B7}},
	{0x0140, []rune{0x006C, 0x00B7}},
	{0x0149, []rune{0x02BC, 0x006E}},
	{0x017F, []rune{0x0073}},
	{0x01C4, []rune{0x0044, 0x017D}},
	{0x01C5, []rune{0x0044, 0x017E}},
	{0x01C6, []rune{0x0064, 0x017E}},
	{0x01C7, []rune{0x004C, 0x004A}},
	{0x01C8, []rune{0x004C, 0x006A}},
	{0x01C9, []rune{0x006C, 0x006A}},
	{0x01CA, []rune{0x004E, 0x004A}},
	{0x01CB, []rune{0x004E, 0x006A}},
	{0x01CC, []rune{0x006E, 0x006A}},
	{0x01F1, []rune{0x0044, 0x005A}},
	{0x01F2, []rune{0x0044, 0x007A}},
	{0x01F3, []rune{0x0064, 0x007A}},
	{0x02B0, []rune{0x0068}},
	{0x02B1, []rune{0x0266}},
	{0x02B2, []rune{0x006A}},
	{0x02B3, []rune{0x0072}},
	{0x02B4, []rune{0x0279}},
	{0x02B5, []rune{0x027B}},
	{0x02B6, []rune{0x0281}},
	{0x02B7, []rune{0x0077}},
	{0x02B8, []rune{0x0079}},
	{0x02D8, []rune{0x0020, 0x0306}},
	{0x02D9, []rune{0x0020, 0x0307}},
	{0x02DA, []rune{0x0020, 0x030A}},
	{0x02DB, []rune{0x0020, 0x0328}},
	{0x02DC, []rune{0x0020, 0x0303}},
	{0x02DD, []rune{0x0020, 0x030B}},
	{0x02E0, []rune{0x0263}},
	{0x02E1, []rune{0x006C}},
	{0x02E2, []rune{0x0073}},
	{0x02E3, []rune{0x0078}},
	{0x02E4, []rune{0x0295}},
	{0x037A, []rune{0x0020, 0x0345}},
	{0x0384, []rune{0x0020, 0x0301}},
	{0x03D0, []rune{0x03B2}},
	{0x03D1, []rune{0x03B8}},
	{0x03D2, []rune{0x03A5}},
	{0x03D5, []rune{0x03C6}},
	{0x03D6, []rune{0x03C0}},
	{0x03F0, []rune{0x03BA}},
	{0x03F1, []rune{0x03C1}},
	{0x03F2, []rune{0x03C2}},
	{0x03F4, []rune{0x0398}},
	{0x03F5, []rune{0x03B5}},
	{0x03F9, []rune{0x03A3}},
	{0x0558, []rune{0x0567}},
	{0x0587, []rune{0x0565, 0x0582}},
	{0x058B, []rune{0x056B}},
	{0x058C, []rune{0x0575}},
	{0x0675, []rune{0x0627, 0x0674}},
	{0x0676, []rune{0x0648, 0x0674}},
	{0x0677, []rune{0x06C7, 0x0674}},
	{0x0678, []rune{0x064A, 0x0674}},
	{0x0E33, []rune{0x0E4D, 0x0E32}},
	{0x0EB3, []rune{0x0ECD, 0x0EB2}},
	{0x0EDC, []rune{0x0EAB, 0x0E99}},
	{0x0EDD, []rune{0x0EAB, 0x0EA1}},
	{0x0F0C, []rune{0x0F0B}},
	{0x0F77, []rune{0x0FB2, 0x0F81}},
	{0x0F79, []rune{0x0FB3, 0x0F81}},
	{0x10FC, []rune{0x10DC}},
	{0x1D2C, []rune{0x0041}},
	{0x1D2D, []rune{0x00C6}},
	{0x1D2E, []rune{0x0042}},
	{0x1D30, []rune{0x0044}},
	{0x1D31, []rune{0x0045}},
	{0x1D32, []rune{0x018E}},
	{0x1D33, []rune{0x0047}},
	{0x1D34, []rune{0x0048}},
	{0x1D35, []rune{0x0049}},
	{0x1D36, []rune{0x004A}},
	{0x1D37, []rune{0x004B}},
	{0x1D38, []rune{0x004C}},
	{0x1D39, []rune{0x004D}},
	{0x1D3A, []rune{0x004E}},
	{0x1D3C, []rune{0x004F}},
	{0x1D3D, []rune{0x0222}},
	{0x1D3E, []rune{0x0050}},
	{0x1D3F, []rune{0x0052}},
	{0x1D40, []rune{0x0054}},
	{0x1D41, []rune{0x0055}},
	{0x1D42, []rune{0x0057}},
	{0x1D43, []rune{0x0061}},
	{0x1D44, []rune{0x0250}},
	{0x1D45, []rune{0x0251}},
	{0x1D46, []rune{0x1D02}},
	{0x1D47, []rune{0x0062}},
	{0x1D48, []rune{0x0064}},
	{0x1D49, []rune{0x0065}},
	{0x1D4A, []rune{0x0259}},
	{0x1D4B, []rune{0x025B}},
	{0x1D4C, []rune{0x025C}},
	{0x1D4D, []rune{0x0067}},
	{0x1D4F, []rune{0x006B}},
	{0x1D50, []rune{0x006D}},
	{0x1D51, []rune{0x014B}},
	{0x1D52, []rune{0x006F}},
	{0x1D53, []rune{0x0254}},
	{0x1D54, []rune{0x1D16}},
	{0x1D55, []rune{0x1D17}},
	{0x1D56, []rune{0x0070}},
	{0x1D57, []rune{0x0074}},
	{0x1D58, []rune{0x0075}},
	{0x1D59, []rune{0x1D1D}},
	{0x1D5A, []rune{0x026F}},
	{0x1D5B, []rune{0x0076}},
	{0x1D5C, []rune{0x1D25}},
	{0x1D5D, []rune{0x03B2}},
	{0x1D5E, []rune{0x03B3}},
	{0x1D5F, []rune{0x03B4}},
	{0x1D60, []rune{0x03C6}},
	{0x1D61, []rune{0x03C7}},
	{0x1D62, []rune{0x0069}},
	{0x1D63, []rune{0x0072}},
	{0x1D64, []rune{0x0075}},
	{0x1D65, []rune{0x0076}},
	{0x1D66, []rune{0x03B2}},
	{0x1D67, []rune{0x03B3}},
	{0x1D68, []rune{0x03C1}},
	{0x1D69, []rune{0x03C6}},
	{0x1D6A, []rune{0x03C7}},
	{0x1D78, []rune{0x043D}},
	{0x1D9B, []rune{0x0252}},
	{0x1D9C, []rune{0x0063}},
	{0x1D9D, []rune{0x0255}},
	{0x1D9E, []rune{0x00F0}},
	{0x1D9F, []rune{0x025C}},
	{0x1DA0, []rune{0x0066}},
	{0x1DA1, []rune{0x025F}},
	{0x1DA2, []rune{0x0261}},
	{0x1DA3, []rune{0x0265}},
	{0x1DA4, []rune{0x0268}},
	{0x1DA5, []rune{0x0269}},
	{0x1DA6, []rune{0x026A}},
	{0x1DA7, []rune{0x1D7B}},
	{0x1DA8, []rune{0x029D}},
	{0x1DA9, []rune{0x026D}},
	{0x1DAA, []rune{0x1D85}},
	{0x1DAB, []rune{0x029F}},
	{0x1DAC, []rune{0x0271}},
	{0x1DAD, []rune{0x0270}},
	{0x1DAE, []rune{0x0272}},
	{0x1DAF, []rune{0x0273}},
	{0x1DB0, []rune{0x0274}},
	{0x1DB1, []rune{0x0275}},
	{0x1DB2, []rune{0x0278}},
	{0x1DB3, []rune{0x0282}},
	{0x1DB4, []rune{0x0283}},
	{0x1DB5, []rune{0x01AB}},
	{0x1DB6, []rune{0x0289}},
	{0x1DB7, []rune{0x028A}},
	{0x1DB8, []rune{0x1D1C}},
	{0x1DB9, []rune{0x028B}},
	{0x1DBA, []rune{0x028C}},
	{0x1DBB, []rune{0x007A}},
	{0x1DBC, []rune{0x0290}},
	{0x1DBD, []rune{0x0291}},
	{0x1DBE, []rune{0x0292}},
	{0x1DBF, []rune{0x03B8}},
	{0x1E9A, []rune{0x0061, 0x02BE}},
	{0x1FBD, []rune{0x0020, 0x0313}},
	{0x1FBF, []rune{0x0020, 0x0313}},
	{0x1FC0, []rune{0x0020, 0x0342}},
	{0x1FFE, []rune{0x0020, 0x0314}},
	{0x2002, []rune{0x0020}},
	{0x2003, []rune{0x0020}},
	{0x2004, []rune{0x0020}},
	{0x2005, []rune{0x0020}},
	{0x2006, []rune{0x0020}},
	{0x2007, []rune{0x0020}},
	{0x2008, []rune{0x0020}},
	{0x2009, []rune{0x0020}},
	{0x200A, []rune{0x0020}},
	{0x2011, []rune{0x2010}},
	{0x2017, []rune{0x0020, 0x0333}},
	{0x2024, []rune{0x002E}},
	{0x2025, []rune{0x002E, 0x002E}},
	{0x2026, []rune{0x002E, 0x002E, 0x002E}},
	{0x202F, []rune{0x0020}},
	{0x2033, []rune{0x2032, 0x2032}},
	{0x2034, []rune{0x2032, 0x2032, 0x2032}},
	{0x2036, []rune{0x2035, 0x2035}},
	{0x2037, []rune{0x2035, 0x2035, 0x2035}},
	{0x203C, []rune{0x0021, 0x0021}},
	{0x203E, []rune{0x0020, 0x0305}},
	{0x2047, []rune{0x003F, 0x003F}},
	{0x2048, []rune{0x003F, 0x0021}},
	{0x2049, []rune{0x0021, 0x003F}},
	{0x2057, []rune{0x2032, 0x2032, 0x2032, 0x2032}},
	{0x205F, []rune{0x0020}},
	{0x2070, []rune{0x0030}},
	{0x2071, []rune{0x0069}},
	{0x2074, []rune{0x0034}},
	{0x2075, []rune{0x0035}},
	{0x2076, []rune{0x0036}},
	{0x2077, []rune{0x0037}},
	{0x2078, []rune{0x0038}},
	{0x2079, []rune{0x0039}},
	{0x207A, []rune{0x002B}},
	{0x207B, []rune{0x2212}},
	{0x207C, []rune{0x003D}},
	{0x207D, []rune{0x0028}},
	{0x207E, []rune{0x0029}},
	{0x207F, []rune{0x006E}},
	{0x2080, []rune{0x0030}},
	{0x2081, []rune{0x0031}},
	{0x2082, []rune{0x0032}},
	{0x2083, []rune{0x0033}},
	{0x2084, []rune{0x0034}},
	{0x2085, []rune{0x0035}},
	{0x2086, []rune{0x0036}},
	{0x2087, []rune{0x0037}},
	{0x2088, []rune{0x0038}},
	{0x2089, []rune{0x0039}},
	{0x208A, []rune{0x002B}},
	{0x208B, []rune{0x2212}},
	{0x208C, []rune{0x003D}},
	{0x208D, []rune{0x0028}},
	{0x208E, []rune{0x0029}},
	{0x2090, []rune{0x0061}},
	{0x2091, []rune{0x0065}},
	{0x2092, []rune{0x006F}},
	{0x2093, []rune{0x0078}},
	{0x2094, []rune{0x0259}},
	{0x2095, []rune{0x0068}},
	{0x2096, []rune{0x006B}},
	{0x2097, []rune{0x006C}},
	{0x2098, []rune{0x006D}},
	{0x2099, []rune{0x006E}},
	{0x209A, []rune{0x0070}},
	{0x209B, []rune{0x0073}},
	{0x209C, []rune{0x0074}},
	{0x209D, []rune{0x0077}},
	{0x209E, []rune{0x0079}},
	{0x209F, []rune{0x007A}},
	{0x20A8, []rune{0x0052, 0x0073}},
	{0x2100, []rune{0x0061, 0x002F, 0x0063}},
	{0x2101, []rune{0x0061, 0x002F, 0x0073}},
	{0x2102, []rune{0x0043}},
	{0x2103, []rune{0x00B0, 0x0043}},
	{0x2105, []rune{0x0063, 0x002F, 0x006F}},
	{0x2106, []rune{0x0063, 0x002F, 0x0075}},
	{0x2107, []rune{0x0190}},
	{0x2109, []rune{0x00B0, 0x0046}},
	{0x210A, []rune{0x0067}},
	{0x210B, []rune{0x0048}},
	{0x210C, []rune{0x0048}},
	{0x210D, []rune{0x0048}},
	{0x210E, []rune{0x0068}},
	{0x210F, []rune{0x0127}},
	{0x2110, []rune{0x0049}},
	{0x2111, []rune{0x0049}},
	{0x2112, []rune{0x004C}},
	{0x2113, []rune{0x006C}},
	{0x2115, []rune{0x004E}},
	{0x2116, []rune{0x004E, 0x006F}},
	{0x2119, []rune{0x0050}},
	{0x211A, []rune{0x0051}},
	{0x211B, []rune{0x0052}},
	{0x211C, []rune{0x0052}},
	{0x211D, []rune{0x0052}},
	{0x2120, []rune{0x0053, 0x004D}},
	{0x2121, []rune{0x0054, 0x0045, 0x004C}},
	{0x2122, []rune{0x0054, 0x004D}},
	{0x2124, []rune{0x005A}},
	{0x2128, []rune{0x005A}},
	{0x212C, []rune{0x0042}},
	{0x212D, []rune{0x0043}},
	{0x212F, []rune{0x0065}},
	{0x2130, []rune{0x0045}},
	{0x2131, []rune{0x0046}},
	{0x2133, []rune{0x004D}},
	{0x2134, []rune{0x006F}},
	{0x2135, []rune{0x05D0}},
	{0x2136, []rune{0x05D1}},
	{0x2137, []rune{0x05D2}},
	{0x2138, []rune{0x05D3}},
	{0x2139, []rune{0x0069}},
	{0x213B, []rune{0x0046, 0x0041, 0x0058}},
	{0x213C, []rune{0x03C0}},
	{0x213D, []rune{0x03B3}},
	{0x213E, []rune{0x0393}},
	{0x213F, []rune{0x03A0}},
	{0x2140, []rune{0x2211}},
	{0x2145, []rune{0x0044}},
	{0x2146, []rune{0x0064}},
	{0x2147, []rune{0x0065}},
	{0x2148, []rune{0x0069}},
	{0x2149, []rune{0x006A}},
	{0x2150, []rune{0x0031, 0x2044, 0x0037}},
	{0x2151, []rune{0x0031, 0x2044, 0x0039}},
	{0x2152, []rune{0x0031, 0x2044, 0x0031, 0x0030}},
	{0x2153, []rune{0x0031, 0x2044, 0x0033}},
	{0x2154, []rune{0x0032, 0x2044, 0x0033}},
	{0x2155, []rune{0x0031, 0x2044, 0x0035}},
	{0x2156, []rune{0x0032, 0x2044, 0x0035}},
	{0x2157, []rune{0x0033, 0x2044, 0x0035}},
	{0x2158, []rune{0x0034, 0x2044, 0x0035}},
	{0x2159, []rune{0x0031, 0x2044, 0x0036}},
	{0x215A, []rune{0x0035, 0x2044, 0x0036}},
	{0x215B, []rune{0x0031, 0x2044, 0x0038}},
	{0x215C, []rune{0x0033, 0x2044, 0x0038}},
	{0x215D, []rune{0x0035, 0x2044, 0x0038}},
	{0x215E, []rune{0x0037, 0x2044, 0x0038}},
	{0x215F, []rune{0x0031, 0x2044}},
	{0x2160, []rune{0x0049}},
	{0x2161, []rune{0x0049, 0x0049}},
	{0x2162, []rune{0x0049, 0x0049, 0x0049}},
	{0x2163, []rune{0x0049, 0x0056}},
	{0x2164, []rune{0x0056}},
	{0x2165, []rune{0x0056, 0x0049}},
	{0x2166, []rune{0x0056, 0x0049, 0x0049}},
	{0x2167, []rune{0x0056, 0x0049, 0x0049, 0x0049}},
	{0x2168, []rune{0x0049, 0x0058}},
	{0x2169, []rune{0x0058}},
	{0x216A, []rune{0x0058, 0x0049}},
	{0x216B, []rune{0x0058, 0x0049, 0x0049}},
	{0x216C, []rune{0x004C}},
	{0x216D, []rune{0x0043}},
	{0x216E, []rune{0x0044}},
	{0x216F, []rune{0x004D}},
	{0x2170, []rune{0x0069}},
	{0x2171, []rune{0x0069, 0x0069}},
	{0x2172, []rune{0x0069, 0x0069, 0x0069}},
	{0x2173, []rune{0x0069, 0x0076}},
	{0x2174, []rune{0x0076}},
	{0x2175, []rune{0x0076, 0x0069}},
	{0x2176, []rune{0x0076, 0x0069, 0x0069}},
	{0x2177, []rune{0x0076, 0x0069, 0x0069, 0x0069}},
	{0x2178, []rune{0x0069, 0x0078}},
	{0x2179, []rune{0x0078}},
	{0x217A, []rune{0x0078, 0x0069}},
	{0x217B, []rune{0x0078, 0x0069, 0x0069}},
	{0x217C, []rune{0x006C}},
	{0x217D, []rune{0x0063}},
	{0x217E, []rune{0x0064}},
	{0x217F, []rune{0x006D}},
	{0x2189, []rune{0x0030, 0x2044, 0x0033}},
	{0x222C, []rune{0x222B, 0x222B}},
	{0x222D, []rune{0x222B, 0x222B, 0x222B}},
	{0x222F, []rune{0x222E, 0x222E}},
	{0x2230, []rune{0x222E, 0x222E, 0x222E}},
	{0x2460, []rune{0x0031}},
	{0x2461, []rune{0x0032}},
	{0x2462, []rune{0x0033}},
	{0x2463, []rune{0x0034}},
	{0x2464, []rune{0x0035}},
	{0x2465, []rune{0x0036}},
	{0x2466, []rune{0x0037}},
	{0x2467, []rune{0x0038}},
	{0x2468, []rune{0x0039}},
	{0x2469, []rune{0x0031, 0x0030}},
	{0x246A, []rune{0x0031, 0x0031}},
	{0x246B, []rune{0x0031, 0x0032}},
	{0x246C, []rune{0x0031, 0x0033}},
	{0x246D, []rune{0x0031, 0x0034}},
	{0x246E, []rune{0x0031, 0x0035}},
	{0x246F, []rune{0x0031, 0x0036}},
	{0x2470, []rune{0x0031, 0x0037}},
	{0x2471, []rune{0x0031, 0x0038}},
	{0x2472, []rune{0x0031, 0x0039}},
	{0x2473, []rune{0x0032, 0x0030}},
	{0x2474, []rune{0x0028, 0x0031, 0x0029}},
	{0x2475, []rune{0x0028, 0x0032, 0x0029}},
	{0x2476, []rune{0x0028, 0x0033, 0x0029}},
	{0x2477, []rune{0x0028, 0x0034, 0x0029}},
	{0x2478, []rune{0x0028, 0x0035, 0x0029}},
	{0x2479, []rune{0x0028, 0x0036, 0x0029}},
	{0x247A, []rune{0x0028, 0x0037, 0x0029}},
	{0x247B, []rune{0x0028, 0x0038, 0x0029}},
	{0x247C, []rune{0x0028, 0x0039, 0x0029}},
	{0x247D, []rune{0x0028, 0x0031, 0x0030, 0x0029}},
	{0x247E, []rune{0x0028, 0x0031, 0x0031, 0x0029}},
	{0x247F, []rune{0x0028, 0x0031, 0x0032, 0x0029}},
	{0x2480, []rune{0x0028, 0x0031, 0x0033, 0x0029}},
	{0x2481, []rune{0x0028, 0x0031, 0x0034, 0x0029}},
	{0x2482, []rune{0x0028, 0x0031, 0x0035, 0x0029}},
	{0x2483, []rune{0x0028, 0x0031, 0x0036, 0x0029}},
	{0x2484, []rune{0x0028, 0x0031, 0x0037, 0x0029}},
	{0x2485, []rune{0x0028, 0x0031, 0x0038, 0x0029}},
	{0x2486, []rune{0x0028, 0x0031, 0x0039, 0x0029}},
	{0x2487, []rune{0x0028, 0x0032, 0x0030, 0x0029}},
	{0x2488, []rune{0x0031, 0x002E}},
	{0x2489, []rune{0x0032, 0x002E}},
	{0x248A, []rune{0x0033, 0x002E}},
	{0x248B, []rune{0x0034, 0x002E}},
	{0x248C, []rune{0x0035, 0x002E}},
	{0x248D, []rune{0x0036, 0x002E}},
	{0x248E, []rune{0x0037, 0x002E}},
	{0x248F, []rune{0x0038, 0x002E}},
	{0x2490, []rune{0x0039, 0x002E}},
	{0x2491, []rune{0x0031, 0x0030, 0x002E}},
	{0x2492, []rune{0x0031, 0x0031, 0x002E}},
	{0x2493, []rune{0x0031, 0x0032, 0x002E}},
	{0x2494, []rune{0x0031, 0x0033, 0x002E}},
	{0x2495, []rune{0x0031, 0x0034, 0x002E}},
	{0x2496, []rune{0x0031, 0x0035, 0x002E}},
	{0x2497, []rune{0x0031, 0x0036, 0x002E}},
	{0x2498, []rune{0x0031, 0x0037, 0x002E}},
	{0x2499, []rune{0x0031, 0x0038, 0x002E}},
	{0x249A, []rune{0x0031, 0x0039, 0x002E}},
	{0x249B, []rune{0x0032, 0x0030, 0x002E}},
	{0x249C, []rune{0x0028, 0x0061, 0x0029}},
	{0x249D, []rune{0x0028, 0x0062, 0x0029}},
	{0x249E, []rune{0x0028, 0x0063, 0x0029}},
	{0x249F, []rune{0x0028, 0x0064, 0x0029}},
	{0x24A0, []rune{0x0028, 0x0065, 0x0029}},
	{0x24A1, []rune{0x0028, 0x0066, 0x0029}},
	{0x24A2, []rune{0x0028, 0x0067, 0x0029}},
	{0x24A3, []rune{0x0028, 0x0068, 0x0029}},
	{0x24A4, []rune{0x0028, 0x0069, 0x0029}},
	{0x24A5, []rune{0x0028, 0x006A, 0x0029}},
	{0x24A6, []rune{0x0028, 0x006B, 0x0029}},
	{0x24A7, []rune{0x0028, 0x006C, 0x0029}},
	{0x24A8, []rune{0x0028, 0x006D, 0x0029}},
	{0x24A9, []rune{0x0028, 0x006E, 0x0029}},
	{0x24AA, []rune{0x0028, 0x006F, 0x0029}},
	{0x24AB, []rune{0x0028, 0x0070, 0x0029}},
	{0x24AC, []rune{0x0028, 0x0071, 0x0029}},
	{0x24AD, []rune{0x0028, 0x0072, 0x0029}},
	{0x24AE, []rune{0x0028, 0x0073, 0x0029}},
	{0x24AF, []rune{0x0028, 0x0074, 0x0029}},
	{0x24B0, []rune{0x0028, 0x0075, 0x0029}},
	{0x24B1, []rune{0x0028, 0x0076, 0x0029}},
	{0x24B2, []rune{0x0028, 0x0077, 0x0029}},
	{0x24B3, []rune{0x0028, 0x0078, 0x0029}},
	{0x24B4, []rune{0x0028, 0x0079, 0x0029}},
	{0x24B5, []rune{0x0028, 0x007A, 0x0029}},
	{0x24B6, []rune{0x0041}},
	{0x24B7, []rune{0x0042}},
	{0x24B8, []rune{0x0043}},
	{0x24B9, []rune{0x0044}},
	{0x24BA, []rune{0x0045}},
	{0x24BB, []rune{0x0046}},
	{0x24BC, []rune{0x0047}},
	{0x24BD, []rune{0x0048}},
	{0x24BE, []rune{0x0049}},
	{0x24BF, []rune{0x004A}},
	{0x24C0, []rune{0x004B}},
	{0x24C1, []rune{0x004C}},
	{0x24C2, []rune{0x004D}},
	{0x24C3, []rune{0x004E}},
	{0x24C4, []rune{0x004F}},
	{0x24C5, []rune{0x0050}},
	{0x24C6, []rune{0x0051}},
	{0x24C7, []rune{0x0052}},
	{0x24C8, []rune{0x0053}},
	{0x24C9, []rune{0x0054}},
	{0x24CA, []rune{0x0055}},
	{0x24CB, []rune{0x0056}},
	{0x24CC, []rune{0x0057}},
	{0x24CD, []rune{0x0058}},
	{0x24CE, []rune{0x0059}},
	{0x24CF, []rune{0x005A}},
	{0x24D0, []rune{0x0061}},
	{0x24D1, []rune{0x0062}},
	{0x24D2, []rune{0x0063}},
	{0x24D3, []rune{0x0064}},
	{0x24D4, []rune{0x0065}},
	{0x24D5, []rune{0x0066}},
	{0x24D6, []rune{0x0067}},
	{0x24D7, []rune{0x0068}},
	{0x24D8, []rune{0x0069}},
	{0x24D9, []rune{0x006A}},
	{0x24DA, []rune{0x006B}},
	{0x24DB, []rune{0x006C}},
	{0x24DC, []rune{0x006D}},
	{0x24DD, []rune{0x006E}},
	{0x24DE, []rune{0x006F}},
	{0x24DF, []rune{0x0070}},
	{0x24E0, []rune{0x0071}},
	{0x24E1, []rune{0x0072}},
	{0x24E2, []rune{0x0073}},
	{0x24E3, []rune{0x0074}},
	{0x24E4, []rune{0x0075}},
	{0x24E5, []rune{0x0076}},
	{0x24E6, []rune{0x0077}},
	{0x24E7, []rune{0x0078}},
	{0x24E8, []rune{0x0079}},
	{0x24E9, []rune{0x007A}},
	{0x24EA, []rune{0x0030}},
	{0x2A0C, []rune{0x222B, 0x222B, 0x222B, 0x222B}},
	{0x2A74, []rune{0x003A, 0x003A, 0x003D}},
	{0x2A75, []rune{0x003D, 0x003D}},
	{0x2A76, []rune{0x003D, 0x003D, 0x003D}},
	{0x2C7C, []rune{0x006A}},
	{0x2C7D, []rune{0x0056}},
	{0x2D6F, []rune{0x2D61}},
	{0x2E9F, []rune{0x6BCD}},
	{0x2EF3, []rune{0x9F9F}},
	{0x2F00, []rune{0x4E00}},
	{0x2F01, []rune{0x4E28}},
	{0x2F02, []rune{0x4E36}},
	{0x2F03, []rune{0x4E3F}},
	{0x2F04, []rune{0x4E59}},
	{0x2F05, []rune{0x4E85}},
	{0x2F06, []rune{0x4E8C}},
	{0x2F07, []rune{0x4EA0}},
	{0x2F08, []rune{0x4EBA}},
	{0x2F09, []rune{0x513F}},
	{0x2F0A, []rune{0x5165}},
	{0x2F0B, []rune{0x516B}},
	{0x2F0C, []rune{0x5182}},
	{0x2F0D, []rune{0x5196}},
	{0x2F0E, []rune{0x51AB}},
	{0x2F0F, []rune{0x51E0}},
	{0x2F10, []rune{0x51F5}},
	{0x2F11, []rune{0x5200}},
	{0x2F12, []rune{0x529B}},
	{0x2F13, []rune{0x52F9}},
	{0x2F14, []rune{0x5315}},
	{0x2F15, []rune{0x531A}},
	{0x2F16, []rune{0x5338}},
	{0x2F17, []rune{0x5341}},
	{0x2F18, []rune{0x535C}},
	{0x2F19, []rune{0x5369}},
	{0x2F1A, []rune{0x5382}},
	{0x2F1B, []rune{0x53B6}},
	{0x2F1C, []rune{0x53C8}},
	{0x2F1D, []rune{0x53E3}},
	{0x2F1E, []rune{0x56D7}},
	{0x2F1F, []rune{0x571F}},
	{0x2F20, []rune{0x58EB}},
	{0x2F21, []rune{0x5902}},
	{0x2F22, []rune{0x590A}},
	{0x2F23, []rune{0x5915}},
	{0x2F24, []rune{0x5927}},
	{0x2F25, []rune{0x5973}},
	{0x2F26, []rune{0x5B50}},
	{0x2F27, []rune{0x5B80}},
	{0x2F28, []rune{0x5BF8}},
	{0x2F29, []rune{0x5C0F}},
	{0x2F2A, []rune{0x5C22}},
	{0x2F2B, []rune{0x5C38}},
	{0x2F2C, []rune{0x5C6E}},
	{0x2F2D, []rune{0x5C71}},
	{0x2F2E, []rune{0x5DDB}},
	{0x2F2F, []rune{0x5DE5}},
	{0x2F30, []rune{0x5DF1}},
	{0x2F31, []rune{0x5DFE}},
	{0x2F32, []rune{0x5E72}},
	{0x2F33, []rune{0x5E7A}},
	{0x2F34, []rune{0x5E7F}},
	{0x2F35, []rune{0x5EF4}},
	{0x2F36, []rune{0x5EFE}},
	{0x2F37, []rune{0x5F0B}},
	{0x2F38, []rune{0x5F13}},
	{0x2F39, []rune{0x5F50}},
	{0x2F3A, []rune{0x5F61}},
	{0x2F3B, []rune{0x5F73}},
	{0x2F3C, []rune{0x5FC3}},
	{0x2F3D, []rune{0x6208}},
	{0x2F3E, []rune{0x6236}},
	{0x2F3F, []rune{0x624B}},
	{0x2F40, []rune{0x652F}},
	{0x2F41, []rune{0x6534}},
	{0x2F42, []rune{0x6587}},
	{0x2F43, []rune{0x6597}},
	{0x2F44, []rune{0x65A4}},
	{0x2F45, []rune{0x65B9}},
	{0x2F46, []rune{0x65E0}},
	{0x2F47, []rune{0x65E5}},
	{0x2F48, []rune{0x66F0}},
	{0x2F49, []rune{0x6708}},
	{0x2F4A, []rune{0x6728}},
	{0x2F4B, []rune{0x6B20}},
	{0x2F4C, []rune{0x6B62}},
	{0x2F4D, []rune{0x6B79}},
	{0x2F4E, []rune{0x6BB3}},
	{0x2F4F, []rune{0x6BCB}},
	{0x2F50, []rune{0x6BD4}},
	{0x2F51, []rune{0x6BDB}},
	{0x2F52, []rune{0x6C0F}},
	{0x2F53, []rune{0x6C14}},
	{0x2F54, []rune{0x6C34}},
	{0x2F55, []rune{0x706B}},
	{0x2F56, []rune{0x722A}},
	{0x2F57, []rune{0x7236}},
	{0x2F58, []rune{0x723B}},
	{0x2F59, []rune{0x723F}},
	{0x2F5A, []rune{0x7247}},
	{0x2F5B, []rune{0x7259}},
	{0x2F5C, []rune{0x725B}},
	{0x2F5D, []rune{0x72AC}},
	{0x2F5E, []rune{0x7384}},
	{0x2F5F, []rune{0x7389}},
	{0x2F60, []rune{0x74DC}},
	{0x2F61, []rune{0x74E6}},
	{0x2F62, []rune{0x7518}},
	{0x2F63, []rune{0x751F}},
	{0x2F64, []rune{0x7528}},
	{0x2F65, []rune{0x7530}},
	{0x2F66, []rune{0x758B}},
	{0x2F67, []rune{0x7592}},
	{0x2F68, []rune{0x7676}},
	{0x2F69, []rune{0x767D}},
	{0x2F6A, []rune{0x76AE}},
	{0x2F6B, []rune{0x76BF}},
	{0x2F6C, []rune{0x76EE}},
	{0x2F6D, []rune{0x77DB}},
	{0x2F6E, []rune{0x77E2}},
	{0x2F6F, []rune{0x77F3}},
	{0x2F70, []rune{0x793A}},
	{0x2F71, []rune{0x79B8}},
	{0x2F72, []rune{0x79BE}},
	{0x2F73, []rune{0x7A74}},
	{0x2F74, []rune{0x7ACB}},
	{0x2F75, []rune{0x7AF9}},
	{0x2F76, []rune{0x7C73}},
	{0x2F77, []rune{0x7CF8}},
	{0x2F78, []rune{0x7F36}},
	{0x2F79, []rune{0x7F51}},
	{0x2F7A, []rune{0x7F8A}},
	{0x2F7B, []rune{0x7FBD}},
	{0x2F7C, []rune{0x8001}},
	{0x2F7D, []rune{0x800C}},
	{0x2F7E, []rune{0x8012}},
	{0x2F7F, []rune{0x8033}},
	{0x2F80, []rune{0x807F}},
	{0x2F81, []rune{0x8089}},
	{0x2F82, []rune{0x81E3}},
	{0x2F83, []rune{0x81EA}},
	{0x2F84, []rune{0x81F3}},
	{0x2F85, []rune{0x81FC}},
	{0x2F86, []rune{0x820C}},
	{0x2F87, []rune{0x821B}},
	{0x2F88, []rune{0x821F}},
	{0x2F89, []rune{0x826E}},
	{0x2F8A, []rune{0x8272}},
	{0x2F8B, []rune{0x8278}},
	{0x2F8C, []rune{0x864D}},
	{0x2F8D, []rune{0x866B}},
	{0x2F8E, []rune{0x8840}},
	{0x2F8F, []rune{0x884C}},
	{0x2F90, []rune{0x8863}},
	{0x2F91, []rune{0x897E}},
	{0x2F92, []rune{0x898B}},
	{0x2F93, []rune{0x89D2}},
	{0x2F94, []rune{0x8A00}},
	{0x2F95, []rune{0x8C37}},
	{0x2F96, []rune{0x8C46}},
	{0x2F97, []rune{0x8C55}},
	{0x2F98, []rune{0x8C78}},
	{0x2F99, []rune{0x8C9D}},
	{0x2F9A, []rune{0x8D64}},
	{0x2F9B, []rune{0x8D70}},
	{0x2F9C, []rune{0x8DB3}},
	{0x2F9D, []rune{0x8EAB}},
	{0x2F9E, []rune{0x8ECA}},
	{0x2F9F, []rune{0x8F9B}},
	{0x2FA0, []rune{0x8FB0}},
	{0x2FA1, []rune{0x8FB5}},
	{0x2FA2, []rune{0x9091}},
	{0x2FA3, []rune{0x9149}},
	{0x2FA4, []rune{0x91C6}},
	{0x2FA5, []rune{0x91CC}},
	{0x2FA6, []rune{0x91D1}},
	{0x2FA7, []rune{0x9577}},
	{0x2FA8, []rune{0x9580}},
	{0x2FA9, []rune{0x961C}},
	{0x2FAA, []rune{0x96B6}},
	{0x2FAB, []rune{0x96B9}},
	{0x2FAC, []rune{0x96E8}},
	{0x2FAD, []rune{0x9751}},
	{0x2FAE, []rune{0x975E}},
	{0x2FAF, []rune{0x9762}},
	{0x2FB0, []rune{0x9769}},
	{0x2FB1, []rune{0x97CB}},
	{0x2FB2, []rune{0x97ED}},
	{0x2FB3, []rune{0x97F3}},
	{0x2FB4, []rune{0x9801}},
	{0x2FB5, []rune{0x98A8}},
	{0x2FB6, []rune{0x98DB}},
	{0x2FB7, []rune{0x98DF}},
	{0x2FB8, []rune{0x9996}},
	{0x2FB9, []rune{0x9999}},
	{0x2FBA, []rune{0x99AC}},
	{0x2FBB, []rune{0x9AA8}},
	{0x2FBC, []rune{0x9AD8}},
	{0x2FBD, []rune{0x9ADF}},
	{0x2FBE, []rune{0x9B25}},
	{0x2FBF, []rune{0x9B2F}},
	{0x2FC0, []rune{0x9B32}},
	{0x2FC1, []rune{0x9B3C}},
	{0x2FC2, []rune{0x9B5A}},
	{0x2FC3, []rune{0x9CE5}},
	{0x2FC4, []rune{0x9E75}},
	{0x2FC5, []rune{0x9E7F}},
	{0x2FC6, []rune{0x9EA5}},
	{0x2FC7, []rune{0x9EBB}},
	{0x2FC8, []rune{0x9EC3}},
	{0x2FC9, []rune{0x9ECD}},
	{0x2FCA, []rune{0x9ED1}},
	{0x2FCB, []rune{0x9EF9}},
	{0x2FCC, []rune{0x9EFD}},
	{0x2FCD, []rune{0x9F0E}},
	{0x2FCE, []rune{0x9F13}},
	{0x2FCF, []rune{0x9F20}},
	{0x2FD0, []rune{0x9F3B}},
	{0x2FD1, []rune{0x9F4A}},
	{0x2FD2, []rune{0x9F52}},
	{0x2FD3, []rune{0x9F8D}},
	{0x2FD4, []rune{0x9F9C}},
	{0x2FD5, []rune{0x9FA0}},
	{0x3000, []rune{0x0020}},
	{0x3036, []rune{0x3012}},
	{0x3038, []rune{0x5341}},
	{0x3039, []rune{0x5344}},
	{0x303A, []rune{0x5345}},
	{0x309B, []rune{0x0020, 0x3099}},
	{0x309C, []rune{0x0020, 0x309A}},
	{0x309F, []rune{0x3088, 0x308A}},
	{0x30FF, []rune{0x30B3, 0x30C8}},
	{0x3131, []rune{0x1100}},
	{0x3132, []rune{0x1101}},
	{0x3133, []rune{0x11AA}},
	{0x3134, []rune{0x1102}},
	{0x3135, []rune{0x11AC}},
	{0x3136, []rune{0x11AD}},
	{0x3137, []rune{0x1103}},
	{0x3138, []rune{0x1104}},
	{0x3139, []rune{0x1105}},
	{0x313A, []rune{0x11B0}},
	{0x313B, []rune{0x11B1}},
	{0x313C, []rune{0x11B2}},
	{0x313D, []rune{0x11B3}},
	{0x313E, []rune{0x11B4}},
	{0x313F, []rune{0x11B5}},
	{0x3140, []rune{0x111A}},
	{0x3141, []rune{0x1106}},
	{0x3142, []rune{0x1107}},
	{0x3143, []rune{0x1108}},
	{0x3144, []rune{0x1121}},
	{0x3145, []rune{0x1109}},
	{0x3146, []rune{0x110A}},
	{0x3147, []rune{0x110B}},
	{0x3148, []rune{0x110C}},
	{0x3149, []rune{0x110D}},
	{0x314A, []rune{0x110E}},
	{0x314B, []rune{0x110F}},
	{0x314C, []rune{0x1110}},
	{0x314D, []rune{0x1111}},
	{0x314E, []rune{0x1112}},
	{0x314F, []rune{0x1161}},
	{0x3150, []rune{0x1162}},
	{0x3151, []rune{0x1163}},
	{0x3152, []rune{0x1164}},
	{0x3153, []rune{0x1165}},
	{0x3154, []rune{0x1166}},
	{0x3155, []rune{0x1167}},
	{0x3156, []rune{0x1168}},
	{0x3157, []rune{0x1169}},
	{0x3158, []rune{0x116A}},
	{0x3159, []rune{0x116B}},
	{0x315A, []rune{0x116C}},
	{0x315B, []rune{0x116D}},
	{0x315C, []rune{0x116E}},
	{0x315D, []rune{0x116F}},
	{0x315E, []rune{0x1170}},
	{0x315F, []rune{0x1171}},
	{0x3160, []rune{0x1172}},
	{0x3161, []rune{0x1173}},
	{0x3162, []rune{0x1174}},
	{0x3163, []rune{0x1175}},
	{0x3164, []rune{0x1160}},
	{0x3165, []rune{0x1114}},
	{0x3166, []rune{0x1115}},
	{0x3167, []rune{0x11C7}},
	{0x3168, []rune{0x11C8}},
	{0x3169, []rune{0x11CC}},
	{0x316A, []rune{0x11CE}},
	{0x316B, []rune{0x11D3}},
	{0x316C, []rune{0x11D7}},
	{0x316D, []rune{0x11D9}},
	{0x316E, []rune{0x111C}},
	{0x316F, []rune{0x11DD}},
	{0x3170, []rune{0x11DF}},
	{0x3171, []rune{0x111D}},
	{0x3172, []rune{0x111E}},
	{0x3173, []rune{0x1120}},
	{0x3174, []rune{0x1122}},
	{0x3175, []rune{0x1123}},
	{0x3176, []rune{0x1127}},
	{0x3177, []rune{0x1129}},
	{0x3178, []rune{0x112B}},
	{0x3179, []rune{0x112C}},
	{0x317A, []rune{0x112D}},
	{0x317B, []rune{0x112E}},
	{0x317C, []rune{0x112F}},
	{0x317D, []rune{0x1132}},
	{0x317E, []rune{0x1136}},
	{0x317F, []rune{0x1140}},
	{0x3180, []rune{0x1147}},
	{0x3181, []rune{0x114C}},
	{0x3182, []rune{0x11F1}},
	{0x3183, []rune{0x11F2}},
	{0x3184, []rune{0x1157}},
	{0x3185, []rune{0x1158}},
	{0x3186, []rune{0x1159}},
	{0x3187, []rune{0x1184}},
	{0x3188, []rune{0x1185}},
	{0x3189, []rune{0x1188}},
	{0x318A, []rune{0x1191}},
	{0x318B, []rune{0x1192}},
	{0x318C, []rune{0x1194}},
	{0x318D, []rune{0x119E}},
	{0x318E, []rune{0x11A1}},
	{0x3192, []rune{0x4E00}},
	{0x3193, []rune{0x4E8C}},
	{0x3194, []rune{0x4E09}},
	{0x3195, []rune{0x56DB}},
	{0x3196, []rune{0x4E0A}},
	{0x3197, []rune{0x4E2D}},
	{0x3198, []rune{0x4E0B}},
	{0x3199, []rune{0x7532}},
	{0x319A, []rune{0x4E59}},
	{0x319B, []rune{0x4E19}},
	{0x319C, []rune{0x4E01}},
	{0x319D, []rune{0x5929}},
	{0x319E, []rune{0x5730}},
	{0x319F, []rune{0x4EBA}},
	{0x3200, []rune{0x0028, 0x1100, 0x0029}},
	{0x3201, []rune{0x0028, 0x1102, 0x0029}},
	{0x3202, []rune{0x0028, 0x1103, 0x0029}},
	{0x3203, []rune{0x0028, 0x1105, 0x0029}},
	{0x3204, []rune{0x0028, 0x1106, 0x0029}},
	{0x3205, []rune{0x0028, 0x1107, 0x0029}},
	{0x3206, []rune{0x0028, 0x1109, 0x0029}},
	{0x3207, []rune{0x0028, 0x110B, 0x0029}},
	{0x3208, []rune{0x0028, 0x110C, 0x0029}},
	{0x3209, []rune{0x0028, 0x110E, 0x0029}},
	{0x320A, []rune{0x0028, 0x110F, 0x0029}},
	{0x320B, []rune{0x0028, 0x1110, 0x0029}},
	{0x320C, []rune{0x0028, 0x1111, 0x0029}},
	{0x320D, []rune{0x0028, 0x1112, 0x0029}},
	{0x320E, []rune{0x0028, 0x1100, 0x1161, 0x0029}},
	{0x320F, []rune{0x0028, 0x1102, 0x1161, 0x0029}},
	{0x3210, []rune{0x0028, 0x1103, 0x1161, 0x0029}},
	{0x3211, []rune{0x0028, 0x1105, 0x1161, 0x0029}},
	{0x3212, []rune{0x0028, 0x1106, 0x1161, 0x0029}},
	{0x3213, []rune{0x0028, 0x1107, 0x1161, 0x0029}},
	{0x3214, []rune{0x0028, 0x1109, 0x1161, 0x0029}},
	{0x3215, []rune{0x0028, 0x110B, 0x1161, 0x0029}},
	{0x3216, []rune{0x0028, 0x110C, 0x1161, 0x0029}},
	{0x3217, []rune{0x0028, 0x110E, 0x1161, 0x0029}},
	{0x3218, []rune{0x0028, 0x110F, 0x1161, 0x0029}},
	{0x3219, []rune{0x0028, 0x1110, 0x1161, 0x0029}},
	{0x321A, []rune{0x0028, 0x1111, 0x1161, 0x0029}},
	{0x321B, []rune{0x0028, 0x1112, 0x1161, 0x0029}},
	{0x321C, []rune{0x0028, 0x110C, 0x116E, 0x0029}},
	{0x321D, []rune{0x0028, 0x110B, 0x1169, 0x110C, 0x1165, 0x11AB, 0x0029}},
	{0x321E, []rune{0x0028, 0x110B, 0x1169, 0x1112, 0x116E, 0x0029}},
	{0x3220, []rune{0x0028, 0x4E00, 0x0029}},
	{0x3221, []rune{0x0028, 0x4E8C, 0x0029}},
	{0x3222, []rune{0x0028, 0x4E09, 0x0029}},
	{0x3223, []rune{0x0028, 0x56DB, 0x0029}},
	{0x3224, []rune{0x0028, 0x4E94, 0x0029}},
	{0x3225, []rune{0x0028, 0x516D, 0x0029}},
	{0x3226, []rune{0x0028, 0x4E03, 0x0029}},
	{0x3227, []rune{0x0028, 0x516B, 0x0029}},
	{0x3228, []rune{0x0028, 0x4E5D, 0x0029}},
	{0x3229, []rune{0x0028, 0x5341, 0x0029}},
	{0x322A, []rune{0x0028, 0x6708, 0x0029}},
	{0x322B, []rune{0x0028, 0x706B, 0x0029}},
	{0x322C, []rune{0x0028, 0x6C34, 0x0029}},
	{0x322D, []rune{0x0028, 0x6728, 0x0029}},
	{0x322E, []rune{0x0028, 0x91D1, 0x0029}},
	{0x322F, []rune{0x0028, 0x571F, 0x0029}},
	{0x3230, []rune{0x0028, 0x65E5, 0x0029}},
	{0x3231, []rune{0x0028, 0x682A, 0x0029}},
	{0x3232, []rune{0x0028, 0x6709, 0x0029}},
	{0x3233, []rune{0x0028, 0x793E, 0x0029}},
	{0x3234, []rune{0x0028, 0x540D, 0x0029}},
	{0x3235, []rune{0x0028, 0x7279, 0x0029}},
	{0x3236, []rune{0x0028, 0x8CA1, 0x0029}},
	{0x3237, []rune{0x0028, 0x795D, 0x0029}},
	{0x3238, []rune{0x0028, 0x52B4, 0x0029}},
	{0x3239, []rune{0x0028, 0x4EE3, 0x0029}},
	{0x323A, []rune{0x0028, 0x547C, 0x0029}},
	{0x323B, []rune{0x0028, 0x5B66, 0x0029}},
	{0x323C, []rune{0x0028, 0x76E3, 0x0029}},
	{0x323D, []rune{0x0028, 0x4F01, 0x0029}},
	{0x323E, []rune{0x0028, 0x8CC7, 0x0029}},
	{0x323F, []rune{0x0028, 0x5354, 0x0029}},
	{0x3240, []rune{0x0028, 0x796D, 0x0029}},
	{0x3241, []rune{0x0028, 0x4F11, 0x0029}},
	{0x3242, []rune{0x0028, 0x81EA, 0x0029}},
	{0x3243, []rune{0x0028, 0x81F3, 0x0029}},
	{0x3244, []rune{0x554F}},
	{0x3245, []rune{0x5E7C}},
	{0x3246, []rune{0x6587}},
	{0x3247, []rune{0x7B8F}},
	{0x3250, []rune{0x0050, 0x0054, 0x0045}},
	{0x3251, []rune{0x0032, 0x0031}},
	{0x3252, []rune{0x0032, 0x0032}},
	{0x3253, []rune{0x0032, 0x0033}},
	{0x3254, []rune{0x0032, 0x0034}},
	{0x3255, []rune{0x0032, 0x0035}},
	{0x3256, []rune{0x0032, 0x0036}},
	{0x3257, []rune{0x0032, 0x0037}},
	{0x3258, []rune{0x0032, 0x0038}},
	{0x3259, []rune{0x0032, 0x0039}},
	{0x325A, []rune{0x0033, 0x0030}},
	{0x325B, []rune{0x0033, 0x0031}},
	{0x325C, []rune{0x0033, 0x0032}},
	{0x325D, []rune{0x0033, 0x0033}},
	{0x325E, []rune{0x0033, 0x0034}},
	{0x325F, []rune{0x0033, 0x0035}},
	{0x3260, []rune{0x1100}},
	{0x3261, []rune{0x1102}},
	{0x3262, []rune{0x1103}},
	{0x3263, []rune{0x1105}},
	{0x3264, []rune{0x1106}},
	{0x3265, []rune{0x1107}},
	{0x3266, []rune{0x1109}},
	{0x3267, []rune{0x110B}},
	{0x3268, []rune{0x110C}},
	{0x3269, []rune{0x110E}},
	{0x326A, []rune{0x110F}},
	{0x326B, []rune{0x1110}},
	{0x326C, []rune{0x1111}},
	{0x326D, []rune{0x1112}},
	{0x326E, []rune{0x1100, 0x1161}},
	{0x326F, []rune{0x1102, 0x1161}},
	{0x3270, []rune{0x1103, 0x1161}},
	{0x3271, []rune{0x1105, 0x1161}},
	{0x3272, []rune{0x1106, 0x1161}},
	{0x3273, []rune{0x1107, 0x1161}},
	{0x3274, []rune{0x1109, 0x1161}},
	{0x3275, []rune{0x110B, 0x1161}},
	{0x3276, []rune{0x110C, 0x1161}},
	{0x3277, []rune{0x110E, 0x1161}},
	{0x3278, []rune{0x110F, 0x1161}},
	{0x3279, []rune{0x1110, 0x1161}},
	{0x327A, []rune{0x1111, 0x1161}},
	{0x327B, []rune{0x1112, 0x1161}},
	{0x327C, []rune{0x110E, 0x1161, 0x11B7, 0x1100, 0x1169}},
	{0x327D, []rune{0x110C, 0x116E, 0x110B, 0x1174}},
	{0x327E, []rune{0x110B, 0x116E}},
	{0x3280, []rune{0x4E00}},
	{0x3281, []rune{0x4E8C}},
	{0x3282, []rune{0x4E09}},
	{0x3283, []rune{0x56DB}},
	{0x3284, []rune{0x4E94}},
	{0x3285, []rune{0x516D}},
	{0x3286, []rune{0x4E03}},
	{0x3287, []rune{0x516B}},
	{0x3288, []rune{0x4E5D}},
	{0x3289, []rune{0x5341}},
	{0x328A, []rune{0x6708}},
	{0x328B, []rune{0x706B}},
	{0x328C, []rune{0x6C34}},
	{0x328D, []rune{0x6728}},
	{0x328E, []rune{0x91D1}},
	{0x328F, []rune{0x571F}},
	{0x3290, []rune{0x65E5}},
	{0x3291, []rune{0x682A}},
	{0x3292, []rune{0x6709}},
	{0x3293, []rune{0x793E}},
	{0x3294, []rune{0x540D}},
	{0x3295, []rune{0x7279}},
	{0x3296, []rune{0x8CA1}},
	{0x3297, []rune{0x795D}},
	{0x3298, []rune{0x52B4}},
	{0x3299, []rune{0x79D8}},
	{0x329A, []rune{0x7537}},
	{0x329B, []rune{0x5973}},
	{0x329C, []rune{0x9069}},
	{0x329D, []rune{0x512A}},
	{0x329E, []rune{0x5370}},
	{0x329F, []rune{0x6CE8}},
	{0x32A0, []rune{0x9805}},
	{0x32A1, []rune{0x4F11}},
	{0x32A2, []rune{0x5199}},
	{0x32A3, []rune{0x6B63}},
	{0x32A4, []rune{0x4E0A}},
	{0x32A5, []rune{0x4E2D}},
	{0x32A6, []rune{0x4E0B}},
	{0x32A7, []rune{0x5DE6}},
	{0x32A8, []rune{0x53F3}},
	{0x32A9, []rune{0x533B}},
	{0x32AA, []rune{0x5B97}},
	{0x32AB, []rune{0x5B66}},
	{0x32AC, []rune{0x76E3}},
	{0x32AD, []rune{0x4F01}},
	{0x32AE, []rune{0x8CC7}},
	{0x32AF, []rune{0x5354}},
	{0x32B0, []rune{0x591C}},
	{0x32B1, []rune{0x0033, 0x0036}},
	{0x32B2, []rune{0x0033, 0x0037}},
	{0x32B3, []rune{0x0033, 0x0038}},
	{0x32B4, []rune{0x0033, 0x0039}},
	{0x32B5, []rune{0x0034, 0x0030}},
	{0x32B6, []rune{0x0034, 0x0031}},
	{0x32B7, []rune{0x0034, 0x0032}},
	{0x32B8, []rune{0x0034, 0x0033}},
	{0x32B9, []rune{0x0034, 0x0034}},
	{0x32BA, []rune{0x0034, 0x0035}},
	{0x32BB, []rune{0x0034, 0x0036}},
	{0x32BC, []rune{0x0034, 0x0037}},
	{0x32BD, []rune{0x0034, 0x0038}},
	{0x32BE, []rune{0x0034, 0x0039}},
	{0x32BF, []rune{0x0035, 0x0030}},
	{0x32C0, []rune{0x0031, 0x6708}},
	{0x32C1, []rune{0x0032, 0x6708}},
	{0x32C2, []rune{0x0033, 0x6708}},
	{0x32C3, []rune{0x0034, 0x6708}},
	{0x32C4, []rune{0x0035, 0x6708}},
	{0x32C5, []rune{0x0036, 0x6708}},
	{0x32C6, []rune{0x0037, 0x6708}},
	{0x32C7, []rune{0x0038, 0x6708}},
	{0x32C8, []rune{0x0039, 0x6708}},
	{0x32C9, []rune{0x0031, 0x0030, 0x6708}},
	{0x32CA, []rune{0x0031, 0x0031, 0x6708}},
	{0x32CB, []rune{0x0031, 0x0032, 0x6708}},
	{0x32CC, []rune{0x0048, 0x0067}},
	{0x32CD, []rune{0x0065, 0x0072, 0x0067}},
	{0x32CE, []rune{0x0065, 0x0056}},
	{0x32CF, []rune{0x004C, 0x0054, 0x0044}},
	{0x32D0, []rune{0x30A2}},
	{0x32D1, []rune{0x30A4}},
	{0x32D2, []rune{0x30A6}},
	{0x32D3, []rune{0x30A8}},
	{0x32D4, []rune{0x30AA}},
	{0x32D5, []rune{0x30AB}},
	{0x32D6, []rune{0x30AD}},
	{0x32D7, []rune{0x30AF}},
	{0x32D8, []rune{0x30B1}},
	{0x32D9, []rune{0x30B3}},
	{0x32DA, []rune{0x30B5}},
	{0x32DB, []rune{0x30B7}},
	{0x32DC, []rune{0x30B9}},
	{0x32DD, []rune{0x30BB}},
	{0x32DE, []rune{0x30BD}},
	{0x32DF, []rune{0x30BF}},
	{0x32E0, []rune{0x30C1}},
	{0x32E1, []rune{0x30C4}},
	{0x32E2, []rune{0x30C6}},
	{0x32E3, []rune{0x30C8}},
	{0x32E4, []rune{0x30CA}},
	{0x32E5, []rune{0x30CB}},
	{0x32E6, []rune{0x30CC}},
	{0x32E7, []rune{0x30CD}},
	{0x32E8, []rune{0x30CE}},
	{0x32E9, []rune{0x30CF}},
	{0x32EA, []rune{0x30D2}},
	{0x32EB, []rune{0x30D5}},
	{0x32EC, []rune{0x30D8}},
	{0x32ED, []rune{0x30DB}},
	{0x32EE, []rune{0x30DE}},
	{0x32EF, []rune{0x30DF}},
	{0x32F0, []rune{0x30E0}},
	{0x32F1, []rune{0x30E1}},
	{0x32F2, []rune{0x30E2}},
	{0x32F3, []rune{0x30E4}},
	{0x32F4, []rune{0x30E6}},
	{0x32F5, []rune{0x30E8}},
	{0x32F6, []rune{0x30E9}},
	{0x32F7, []rune{0x30EA}},
	{0x32F8, []rune{0x30EB}},
	{0x32F9, []rune{0x30EC}},
	{0x32FA, []rune{0x30ED}},
	{0x32FB, []rune{0x30EF}},
	{0x32FC, []rune{0x30F0}},
	{0x32FD, []rune{0x30F1}},
	{0x32FE, []rune{0x30F2}},
	{0x32FF, []rune{0x4EE4, 0x548C}},
	{0x3300, []rune{0x30A2, 0x30D1, 0x30FC, 0x30C8}},
	{0x3301, []rune{0x30A2, 0x30EB, 0x30D5, 0x30A1}},
	{0x3302, []rune{0x30A2, 0x30F3, 0x30DA, 0x30A2}},
	{0x3303, []rune{0x30A2, 0x30FC, 0x30EB}},
	{0x3304, []rune{0x30A4, 0x30CB, 0x30F3, 0x30B0}},
	{0x3305, []rune{0x30A4, 0x30F3, 0x30C1}},
	{0x3306, []rune{0x30A6, 0x30A9, 0x30F3}},
	{0x3307, []rune{0x30A8, 0x30B9, 0x30AF, 0x30FC, 0x30C9}},
	{0x3308, []rune{0x30A8, 0x30FC, 0x30AB, 0x30FC}},
	{0x3309, []rune{0x30AA, 0x30F3, 0x30B9}},
	{0x330A, []rune{0x30AA, 0x30FC, 0x30E0}},
	{0x330B, []rune{0x30AB, 0x30A4, 0x30EA}},
	{0x330C, []rune{0x30AB, 0x30E9, 0x30C3, 0x30C8}},
	{0x330D, []rune{0x30AB, 0x30ED, 0x30EA, 0x30FC}},
	{0x330E, []rune{0x30AC, 0x30ED, 0x30F3}},
	{0x330F, []rune{0x30AC, 0x30F3, 0x30DE}},
	{0x3310, []rune{0x30AE, 0x30AC}},
	{0x3311, []rune{0x30AE, 0x30CB, 0x30FC}},
	{0x3312, []rune{0x30AD, 0x30E5, 0x30EA, 0x30FC}},
	{0x3313, []rune{0x30AE, 0x30EB, 0x30C0, 0x30FC}},
	{0x3314, []rune{0x30AD, 0x30ED}},
	{0x3315, []rune{0x30AD, 0x30ED, 0x30B0, 0x30E9, 0x30E0}},
	{0x3316, []rune{0x30AD, 0x30ED, 0x30E1, 0x30FC, 0x30C8, 0x30EB}},
	{0x3317, []rune{0x30AD, 0x30ED, 0x30EF, 0x30C3, 0x30C8}},
	{0x3318, []rune{0x30B0, 0x30E9, 0x30E0}},
	{0x3319, []rune{0x30B0, 0x30E9, 0x30E0, 0x30C8, 0x30F3}},
	{0x331A, []rune{0x30AF, 0x30EB, 0x30BC, 0x30A4, 0x30ED}},
	{0x331B, []rune{0x30AF, 0x30ED, 0x30FC, 0x30CD}},
	{0x331C, []rune{0x30B1, 0x30FC, 0x30B9}},
	{0x331D, []rune{0x30B3, 0x30EB, 0x30CA}},
	{0x331E, []rune{0x30B3, 0x30FC, 0x30DD}},
	{0x331F, []rune{0x30B5, 0x30A4, 0x30AF, 0x30EB}},
	{0x3320, []rune{0x30B5, 0x30F3, 0x30C1, 0x30FC, 0x30E0}},
	{0x3321, []rune{0x30B7, 0x30EA, 0x30F3, 0x30B0}},
	{0x3322, []rune{0x30BB, 0x30F3, 0x30C1}},
	{0x3323, []rune{0x30BB, 0x30F3, 0x30C8}},
	{0x3324, []rune{0x30C0, 0x30FC, 0x30B9}},
	{0x3325, []rune{0x30C7, 0x30B7}},
	{0x3326, []rune{0x30C9, 0x30EB}},
	{0x3327, []rune{0x30C8, 0x30F3}},
	{0x3328, []rune{0x30CA, 0x30CE}},
	{0x3329, []rune{0x30CE, 0x30C3, 0x30C8}},
	{0x332A, []rune{0x30CF, 0x30A4, 0x30C4}},
	{0x332B, []rune{0x30D1, 0x30FC, 0x30BB, 0x30F3, 0x30C8}},
	{0x332C, []rune{0x30D1, 0x30FC, 0x30C4}},
	{0x332D, []rune{0x30D0, 0x30FC, 0x30EC, 0x30EB}},
	{0x332E, []rune{0x30D4, 0x30A2, 0x30B9, 0x30C8, 0x30EB}},
	{0x332F, []rune{0x30D4, 0x30AF, 0x30EB}},
	{0x3330, []rune{0x30D4, 0x30B3}},
	{0x3331, []rune{0x30D3, 0x30EB}},
	{0x3332, []rune{0x30D5, 0x30A1, 0x30E9, 0x30C3, 0x30C9}},
	{0x3333, []rune{0x30D5, 0x30A3, 0x30FC, 0x30C8}},
	{0x3334, []rune{0x30D6, 0x30C3, 0x30B7, 0x30A7, 0x30EB}},
	{0x3335, []rune{0x30D5, 0x30E9, 0x30F3}},
	{0x3336, []rune{0x30D8, 0x30AF, 0x30BF, 0x30FC, 0x30EB}},
	{0x3337, []rune{0x30DA, 0x30BD}},
	{0x3338, []rune{0x30DA, 0x30CB, 0x30D2}},
	{0x3339, []rune{0x30D8, 0x30EB, 0x30C4}},
	{0x333A, []rune{0x30DA, 0x30F3, 0x30B9}},
	{0x333B, []rune{0x30DA, 0x30FC, 0x30B8}},
	{0x333C, []rune{0x30D9, 0x30FC, 0x30BF}},
	{0x333D, []rune{0x30DD, 0x30A4, 0x30F3, 0x30C8}},
	{0x333E, []rune{0x30DC, 0x30EB, 0x30C8}},
	{0x333F, []rune{0x30DB, 0x30F3}},
	{0x3340, []rune{0x30DD, 0x30F3, 0x30C9}},
	{0x3341, []rune{0x30DB, 0x30FC, 0x30EB}},
	{0x3342, []rune{0x30DB, 0x30FC, 0x30F3}},
	{0x3343, []rune{0x30DE, 0x30A4, 0x30AF, 0x30ED}},
	{0x3344, []rune{0x30DE, 0x30A4, 0x30EB}},
	{0x3345, []rune{0x30DE, 0x30C3, 0x30CF}},
	{0x3346, []rune{0x30DE, 0x30EB, 0x30AF}},
	{0x3347, []rune{0x30DE, 0x30F3, 0x30B7, 0x30E7, 0x30F3}},
	{0x3348, []rune{0x30DF, 0x30AF, 0x30ED, 0x30F3}},
	{0x3349, []rune{0x30DF, 0x30EA}},
	{0x334A, []rune{0x30DF, 0x30EA, 0x30D0, 0x30FC, 0x30EB}},
	{0x334B, []rune{0x30E1, 0x30AC}},
	{0x334C, []rune{0x30E1, 0x30AC, 0x30C8, 0x30F3}},
	{0x334D, []rune{0x30E1, 0x30FC, 0x30C8, 0x30EB}},
	{0x334E, []rune{0x30E4, 0x30FC, 0x30C9}},
	{0x334F, []rune{0x30E4, 0x30FC, 0x30EB}},
	{0x3350, []rune{0x30E6, 0x30A2, 0x30F3}},
	{0x3351, []rune{0x30EA, 0x30C3, 0x30C8, 0x30EB}},
	{0x3352, []rune{0x30EA, 0x30E9}},
	{0x3353, []rune{0x30EB, 0x30D4, 0x30FC}},
	{0x3354, []rune{0x30EB, 0x30FC, 0x30D6, 0x30EB}},
	{0x3355, []rune{0x30EC, 0x30E0}},
	{0x3356, []rune{0x30EC, 0x30F3, 0x30C8, 0x30B2, 0x30F3}},
	{0x3357, []rune{0x30EF, 0x30C3, 0x30C8}},
	{0x3358, []rune{0x0030, 0x70B9}},
	{0x3359, []rune{0x0031, 0x70B9}},
	{0x335A, []rune{0x0032, 0x70B9}},
	{0x335B, []rune{0x0033, 0x70B9}},
	{0x335C, []rune{0x0034, 0x70B9}},
	{0x335D, []rune{0x0035, 0x70B9}},
	{0x335E, []rune{0x0036, 0x70B9}},
	{0x335F, []rune{0x0037, 0x70B9}},
	{0x3360, []rune{0x0038, 0x70B9}},
	{0x3361, []rune{0x0039, 0x70B9}},
	{0x3362, []rune{0x0031, 0x0030, 0x70B9}},
	{0x3363, []rune{0x0031, 0x0031, 0x70B9}},
	{0x3364, []rune{0x0031, 0x0032, 0x70B9}},
	{0x3365, []rune{0x0031, 0x0033, 0x70B9}},
	{0x3366, []rune{0x0031, 0x0034, 0x70B9}},
	{0x3367, []rune{0x0031, 0x0035, 0x70B9}},
	{0x3368, []rune{0x0031, 0x0036, 0x70B9}},
	{0x3369, []rune{0x0031, 0x0037, 0x70B9}},
	{0x336A, []rune{0x0031, 0x0038, 0x70B9}},
	{0x336B, []rune{0x0031, 0x0039, 0x70B9}},
	{0x336C, []rune{0x0032, 0x0030, 0x70B9}},
	{0x336D, []rune{0x0032, 0x0031, 0x70B9}},
	{0x336E, []rune{0x0032, 0x0032, 0x70B9}},
	{0x336F, []rune{0x0032, 0x0033, 0x70B9}},
	{0x3370, []rune{0x0032, 0x0034, 0x70B9}},
	{0x3371, []rune{0x0068, 0x0050, 0x0061}},
	{0x3372, []rune{0x0064, 0x0061}},
	{0x3373, []rune{0x0041, 0x0055}},
	{0x3374, []rune{0x0062, 0x0061, 0x0072}},
	{0x3375, []rune{0x006F, 0x0056}},
	{0x3376, []rune{0x0070, 0x0063}},
	{0x3377, []rune{0x0064, 0x006D}},
	{0x3378, []rune{0x0064, 0x006D, 0x00B2}},
	{0x3379, []rune{0x0064, 0x006D, 0x00B3}},
	{0x337A, []rune{0x0049, 0x0055}},
	{0x337B, []rune{0x5E73, 0x6210}},
	{0x337C, []rune{0x662D, 0x548C}},
	{0x337D, []rune{0x5927, 0x6B63}},
	{0x337E, []rune{0x660E, 0x6CBB}},
	{0x337F, []rune{0x682A, 0x5F0F, 0x4F1A, 0x793E}},
	{0x3380, []rune{0x0070, 0x0041}},
	{0x3381, []rune{0x006E, 0x0041}},
	{0x3382, []rune{0x03BC, 0x0041}},
	{0x3383, []rune{0x006D, 0x0041}},
	{0x3384, []rune{0x006B, 0x0041}},
	{0x3385, []rune{0x004B, 0x0042}},
	{0x3386, []rune{0x004D, 0x0042}},
	{0x3387, []rune{0x0047, 0x0042}},
	{0x3388, []rune{0x0063, 0x0061, 0x006C}},
	{0x3389, []rune{0x006B, 0x0063, 0x0061, 0x006C}},
	{0x338A, []rune{0x0070, 0x0046}},
	{0x338B, []rune{0x006E, 0x0046}},
	{0x338C, []rune{0x03BC, 0x0046}},
	{0x338D, []rune{0x03BC, 0x0067}},
	{0x338E, []rune{0x006D, 0x0067}},
	{0x338F, []rune{0x006B, 0x0067}},
	{0x3390, []rune{0x0048, 0x007A}},
	{0x3391, []rune{0x006B, 0x0048, 0x007A}},
	{0x3392, []rune{0x004D, 0x0048, 0x007A}},
	{0x3393, []rune{0x0047, 0x0048, 0x007A}},
	{0x3394, []rune{0x0054, 0x0048, 0x007A}},
	{0x3395, []rune{0x03BC, 0x2113}},
	{0x3396, []rune{0x006D, 0x2113}},
	{0x3397, []rune{0x0064, 0x2113}},
	{0x3398, []rune{0x006B, 0x2113}},
	{0x3399, []rune{0x0066, 0x006D}},
	{0x339A, []rune{0x006E, 0x006D}},
	{0x339B, []rune{0x03BC, 0x006D}},
	{0x339C, []rune{0x006D, 0x006D}},
	{0x339D, []rune{0x0063, 0x006D}},
	{0x339E, []rune{0x006B, 0x006D}},
	{0x339F, []rune{0x006D, 0x006D, 0x00B2}},
	{0x33A0, []rune{0x0063, 0x006D, 0x00B2}},
	{0x33A1, []rune{0x006D, 0x00B2}},
	{0x33A2, []rune{0x006B, 0x006D, 0x00B2}},
	{0x33A3, []rune{0x006D, 0x006D, 0x00B3}},
	{0x33A4, []rune{0x0063, 0x006D, 0x00B3}},
	{0x33A5, []rune{0x006D, 0x00B3}},
	{0x33A6, []rune{0x006B, 0x006D, 0x00B3}},
	{0x33A7, []rune{0x006D, 0x2215, 0x0073}},
	{0x33A8, []rune{0x006D, 0x2215, 0x0073, 0x00B2}},
	{0x33A9, []rune{0x0050, 0x0061}},
	{0x33AA, []rune{0x006B, 0x0050, 0x0061}},
	{0x33AB, []rune{0x004D, 0x0050, 0x0061}},
	{0x33AC, []rune{0x0047, 0x0050, 0x0061}},
	{0x33AD, []rune{0x0072, 0x0061, 0x0064}},
	{0x33AE, []rune{0x0072, 0x0061, 0x0064, 0x2215, 0x0073}},
	{0x33AF, []rune{0x0072, 0x0061, 0x0064, 0x2215, 0x0073, 0x00B2}},
	{0x33B0, []rune{0x0070, 0x0073}},
	{0x33B1, []rune{0x006E, 0x0073}},
	{0x33B2, []rune{0x03BC, 0x0073}},
	{0x33B3, []rune{0x006D, 0x0073}},
	{0x33B4, []rune{0x0070, 0x0056}},
	{0x33B5, []rune{0x006E, 0x0056}},
	{0x33B6, []rune{0x03BC, 0x0056}},
	{0x33B7, []rune{0x006D, 0x0056}},
	{0x33B8, []rune{0x006B, 0x0056}},
	{0x33B9, []rune{0x004D, 0x0056}},
	{0x33BA, []rune{0x0070, 0x0057}},
	{0x33BB, []rune{0x006E, 0x0057}},
	{0x33BC, []rune{0x03BC, 0x0057}},
	{0x33BD, []rune{0x006D, 0x0057}},
	{0x33BE, []rune{0x006B, 0x0057}},
	{0x33BF, []rune{0x004D, 0x0057}},
	{0x33C0, []rune{0x006B, 0x03A9}},
	{0x33C1, []rune{0x004D, 0x03A9}},
	{0x33C2, []rune{0x0061, 0x002E, 0x006D, 0x002E}},
	{0x33C3, []rune{0x0042, 0x0071}},
	{0x33C4, []rune{0x0063, 0x0063}},
	{0x33C5, []rune{0x0063, 0x0064}},
	{0x33C6, []rune{0x0043, 0x2215, 0x006B, 0x0067}},
	{0x33C7, []rune{0x0043, 0x006F, 0x002E}},
	{0x33C8, []rune{0x0064, 0x0042}},
	{0x33C9, []rune{0x0047, 0x0079}},
	{0x33CA, []rune{0x0068, 0x0061}},
	{0x33CB, []rune{0x0048, 0x0050}},
	{0x33CC, []rune{0x0069, 0x006E}},
	{0x33CD, []rune{0x004B, 0x004B}},
	{0x33CE, []rune{0x004B, 0x004D}},
	{0x33CF, []rune{0x006B, 0x0074}},
	{0x33D0, []rune{0x006C, 0x006D}},
	{0x33D1, []rune{0x006C, 0x006E}},
	{0x33D2, []rune{0x006C, 0x006F, 0x0067}},
	{0x33D3, []rune{0x006C, 0x0078}},
	{0x33D4, []rune{0x006D, 0x0062}},
	{0x33D5, []rune{0x006D, 0x0069, 0x006C}},
	{0x33D6, []rune{0x006D, 0x006F, 0x006C}},
	{0x33D7, []rune{0x0050, 0x0048}},
	{0x33D8, []rune{0x0070, 0x002E, 0x006D, 0x002E}},
	{0x33D9, []rune{0x0050, 0x0050, 0x004D}},
	{0x33DA, []rune{0x0050, 0x0052}},
	{0x33DB, []rune{0x0073, 0x0072}},
	{0x33DC, []rune{0x0053, 0x0076}},
	{0x33DD, []rune{0x0057, 0x0062}},
	{0x33DE, []rune{0x0056, 0x2215, 0x006D}},
	{0x33DF, []rune{0x0041, 0x2215, 0x006D}},
	{0x33E0, []rune{0x0031, 0x65E5}},
	{0x33E1, []rune{0x0032, 0x65E5}},
	{0x33E2, []rune{0x0033, 0x65E5}},
	{0x33E3, []rune{0x0034, 0x65E5}},
	{0x33E4, []rune{0x0035, 0x65E5}},
	{0x33E5, []rune{0x0036, 0x65E5}},
	{0x33E6, []rune{0x0037, 0x65E5}},
	{0x33E7, []rune{0x0038, 0x65E5}},
	{0x33E8, []rune{0x0039, 0x65E5}},
	{0x33E9, []rune{0x0031, 0x0030, 0x65E5}},
	{0x33EA, []rune{0x0031, 0x0031, 0x65E5}},
	{0x33EB, []rune{0x0031, 0x0032, 0x65E5}},
	{0x33EC, []rune{0x0031, 0x0033, 0x65E5}},
	{0x33ED, []rune{0x0031, 0x0034, 0x65E5}},
	{0x33EE, []rune{0x0031, 0x0035, 0x65E5}},
	{0x33EF, []rune{0x0031, 0x0036, 0x65E5}},
	{0x33F0, []rune{0x0031, 0x0037, 0x65E5}},
	{0x33F1, []rune{0x0031, 0x0038, 0x65E5}},
	{0x33F2, []rune{0x0031, 0x0039, 0x65E5}},
	{0x33F3, []rune{0x0032, 0x0030, 0x65E5}},
	{0x33F4, []rune{0x0032, 0x0031, 0x65E5}},
	{0x33F5, []rune{0x0032, 0x0032, 0x65E5}},
	{0x33F6, []rune{0x0032, 0x0033, 0x65E5}},
	{0x33F7, []rune{0x0032, 0x0034, 0x65E5}},
	{0x33F8, []rune{0x0032, 0x0035, 0x65E5}},
	{0x33F9, []rune{0x0032, 0x0036, 0x65E5}},
	{0x33FA, []rune{0x0032, 0x0037, 0x65E5}},
	{0x33FB, []rune{0x0032, 0x0038, 0x65E5}},
	{0x33FC, []rune{0x0032, 0x0039, 0x65E5}},
	{0x33FD, []rune{0x0033, 0x0030, 0x65E5}},
	{0x33FE, []rune{0x0033, 0x0031, 0x65E5}},
	{0x33FF, []rune{0x0067, 0x0061, 0x006C}},
	{0xA69C, []rune{0x044A}},
	{0xA69D, []rune{0x044C}},
	{0xA770, []rune{0xA76F}},
	{0xA7F1, []rune{0x0053}},
	{0xA7F2, []rune{0x0043}},
	{0xA7F3, []rune{0x0046}},
	{0xA7F4, []rune{0x0051}},
	{0xA7F8, []rune{0x0126}},
	{0xA7F9, []rune{0x0153}},
	{0xAB5C, []rune{0xA727}},
	{0xAB5D, []rune{0xAB37}},
	{0xAB5E, []rune{0x026B}},
	{0xAB5F, []rune{0xAB52}},
	{0xAB69, []rune{0x028D}},
	{0xFB00, []rune{0x0066, 0x0066}},
	{0xFB01, []rune{0x0066, 0x0069}},
	{0xFB02, []rune{0x0066, 0x006C}},
	{0xFB03, []rune{0x0066, 0x0066, 0x0069}},
	{0xFB04, []rune{0x0066, 0x0066, 0x006C}},
	{0xFB05, []rune{0x017F, 0x0074}},
	{0xFB06, []rune{0x0073, 0x0074}},
	{0xFB13, []rune{0x0574, 0x0576}},
	{0xFB14, []rune{0x0574, 0x0565}},
	{0xFB15, []rune{0x0574, 0x056B}},
	{0xFB16, []rune{0x057E, 0x0576}},
	{0xFB17, []rune{0x0574, 0x056D}},
	{0xFB20, []rune{0x05E2}},
	{0xFB21, []rune{0x05D0}},
	{0xFB22, []rune{0x05D3}},
	{0xFB23, []rune{0x05D4}},
	{0xFB24, []rune{0x05DB}},
	{0xFB25, []rune{0x05DC}},
	{0xFB26, []rune{0x05DD}},
	{0xFB27, []rune{0x05E8}},
	{0xFB28, []rune{0x05EA}},
	{0xFB29, []rune{0x002B}},
	{0xFB4F, []rune{0x05D0, 0x05DC}},
	{0xFB50, []rune{0x0671}},
	{0xFB51, []rune{0x0671}},
	{0xFB52, []rune{0x067B}},
	{0xFB53, []rune{0x067B}},
	{0xFB54, []rune{0x067B}},
	{0xFB55, []rune{0x067B}},
	{0xFB56, []rune{0x067E}},
	{0xFB57, []rune{0x067E}},
	{0xFB58, []rune{0x067E}},
	{0xFB59, []rune{0x067E}},
	{0xFB5A, []rune{0x0680}},
	{0xFB5B, []rune{0x0680}},
	{0xFB5C, []rune{0x0680}},
	{0xFB5D, []rune{0x0680}},
	{0xFB5E, []rune{0x067A}},
	{0xFB5F, []rune{0x067A}},
	{0xFB60, []rune{0x067A}},
	{0xFB61, []rune{0x067A}},
	{0xFB62, []rune{0x067F}},
	{0xFB63, []rune{0x067F}},
	{0xFB64, []rune{0x067F}},
	{0xFB65, []rune{0x067F}},
	{0xFB66, []rune{0x0679}},
	{0xFB67, []rune{0x0679}},
	{0xFB68, []rune{0x0679}},
	{0xFB69, []rune{0x0679}},
	{0xFB6A, []rune{0x06A4}},
	{0xFB6B, []rune{0x06A4}},
	{0xFB6C, []rune{0x06A4}},
	{0xFB6D, []rune{0x06A4}},
	{0xFB6E, []rune{0x06A6}},
	{0xFB6F, []rune{0x06A6}},
	{0xFB70, []rune{0x06A6}},
	{0xFB71, []rune{0x06A6}},
	{0xFB72, []rune{0x0684}},
	{0xFB73, []rune{0x0684}},
	{0xFB74, []rune{0x0684}},
	{0xFB75, []rune{0x0684}},
	{0xFB76, []rune{0x0683}},
	{0xFB77, []rune{0x0683}},
	{0xFB78, []rune{0x0683}},
	{0xFB79, []rune{0x0683}},
	{0xFB7A, []rune{0x0686}},
	{0xFB7B, []rune{0x0686}},
	{0xFB7C, []rune{0x0686}},
	{0xFB7D, []rune{0x0686}},
	{0xFB7E, []rune{0x0687}},
	{0xFB7F, []rune{0x0687}},
	{0xFB80, []rune{0x0687}},
	{0xFB81, []rune{0x0687}},
	{0xFB82, []rune{0x068D}},
	{0xFB83, []rune{0x068D}},
	{0xFB84, []rune{0x068C}},
	{0xFB85, []rune{0x068C}},
	{0xFB86, []rune{0x068E}},
	{0xFB87, []rune{0x068E}},
	{0xFB88, []rune{0x0688}},
	{0xFB89, []rune{0x0688}},
	{0xFB8A, []rune{0x0698}},
	{0xFB8B, []rune{0x0698}},
	{0xFB8C, []rune{0x0691}},
	{0xFB8D, []rune{0x0691}},
	{0xFB8E, []rune{0x06A9}},
	{0xFB8F, []rune{0x06A9}},
	{0xFB90, []rune{0x06A9}},
	{0xFB91, []rune{0x06A9}},
	{0xFB92, []rune{0x06AF}},
	{0xFB93, []rune{0x06AF}},
	{0xFB94, []rune{0x06AF}},
	{0xFB95, []rune{0x06AF}},
	{0xFB96, []rune{0x06B3}},
	{0xFB97, []rune{0x06B3}},
	{0xFB98, []rune{0x06B3}},
	{0xFB99, []rune{0x06B3}},
	{0xFB9A, []rune{0x06B1}},
	{0xFB9B, []rune{0x06B1}},
	{0xFB9C, []rune{0x06B1}},
	{0xFB9D, []rune{0x06B1}},
	{0xFB9E, []rune{0x06BA}},
	{0xFB9F, []rune{0x06BA}},
	{0xFBA0, []rune{0x06BB}},
	{0xFBA1, []rune{0x06BB}},
	{0xFBA2, []rune{0x06BB}},
	{0xFBA3, []rune{0x06BB}},
	{0xFBA4, []rune{0x06C0}},
	{0xFBA5, []rune{0x06C0}},
	{0xFBA6, []rune{0x06C1}},
	{0xFBA7, []rune{0x06C1}},
	{0xFBA8, []rune{0x06C1}},
	{0xFBA9, []rune{0x06C1}},
	{0xFBAA, []rune{0x06BE}},
	{0xFBAB, []rune{0x06BE}},
	{0xFBAC, []rune{0x06BE}},
	{0xFBAD, []rune{0x06BE}},
	{0xFBAE, []rune{0x06D2}},
	{0xFBAF, []rune{0x06D2}},
	{0xFBB0, []rune{0x06D3}},
	{0xFBB1, []rune{0x06D3}},
	{0xFBD3, []rune{0x06AD}},
	{0xFBD4, []rune{0x06AD}},
	{0xFBD5, []rune{0x06AD}},
	{0xFBD6, []rune{0x06AD}},
	{0xFBD7, []rune{0x06C7}},
	{0xFBD8, []rune{0x06C7}},
	{0xFBD9, []rune{0x06C6}},
	{0xFBDA, []rune{0x06C6}},
	{0xFBDB, []rune{0x06C8}},
	{0xFBDC, []rune{0x06C8}},
	{0xFBDD, []rune{0x0677}},
	{0xFBDE, []rune{0x06CB}},
	{0xFBDF, []rune{0x06CB}},
	{0xFBE0, []rune{0x06C5}},
	{0xFBE1, []rune{0x06C5}},
	{0xFBE2, []rune{0x06C9}},
	{0xFBE3, []rune{0x06C9}},
	{0xFBE4, []rune{0x06D0}},
	{0xFBE5, []rune{0x06D0}},
	{0xFBE6, []rune{0x06D0}},
	{0xFBE7, []rune{0x06D0}},
	{0xFBE8, []rune{0x0649}},
	{0xFBE9, []rune{0x0649}},
	{0xFBEA, []rune{0x0626, 0x0627}},
	{0xFBEB, []rune{0x0626, 0x0627}},
	{0xFBEC, []rune{0x0626, 0x06D5}},
	{0xFBED, []rune{0x0626, 0x06D5}},
	{0xFBEE, []rune{0x0626, 0x0648}},
	{0xFBEF, []rune{0x0626, 0x0648}},
	{0xFBF0, []rune{0x0626, 0x06C7}},
	{0xFBF1, []rune{0x0626, 0x06C7}},
	{0xFBF2, []rune{0x0626, 0x06C6}},
	{0xFBF3, []rune{0x0626, 0x06C6}},
	{0xFBF4, []rune{0x0626, 0x06C8}},
	{0xFBF5, []rune{0x0626, 0x06C8}},
	{0xFBF6, []rune{0x0626, 0x06D0}},
	{0xFBF7, []rune{0x0626, 0x06D0}},
	{0xFBF8, []rune{0x0626, 0x06D0}},
	{0xFBF9, []rune{0x0626, 0x0649}},
	{0xFBFA, []rune{0x0626, 0x0649}},
	{0xFBFB, []rune{0x0626, 0x0649}},
	{0xFBFC, []rune{0x06CC}},
	{0xFBFD, []rune{0x06CC}},
	{0xFBFE, []rune{0x06CC}},
	{0xFBFF, []rune{0x06CC}},
	{0xFC00, []rune{0x0626, 0x062C}},
	{0xFC01, []rune{0x0626, 0x062D}},
	{0xFC02, []rune{0x0626, 0x0645}},
	{0xFC03, []rune{0x0626, 0x0649}},
	{0xFC04, []rune{0x0626, 0x064A}},
	{0xFC05, []rune{0x0628, 0x062C}},
	{0xFC06, []rune{0x0628, 0x062D}},
	{0xFC07, []rune{0x0628, 0x062E}},
	{0xFC08, []rune{0x0628, 0x0645}},
	{0xFC09, []rune{0x0628, 0x0649}},
	{0xFC0A, []rune{0x0628, 0x064A}},
	{0xFC0B, []rune{0x062A, 0x062C}},
	{0xFC0C, []rune{0x062A, 0x062D}},
	{0xFC0D, []rune{0x062A, 0x062E}},
	{0xFC0E, []rune{0x062A, 0x0645}},
	{0xFC0F, []rune{0x062A, 0x0649}},
	{0xFC10, []rune{0x062A, 0x064A}},
	{0xFC11, []rune{0x062B, 0x062C}},
	{0xFC12, []rune{0x062B, 0x0645}},
	{0xFC13, []rune{0x062B, 0x0649}},
	{0xFC14, []rune{0x062B, 0x064A}},
	{0xFC15, []rune{0x062C, 0x062D}},
	{0xFC16, []rune{0x062C, 0x0645}},
	{0xFC17, []rune{0x062D, 0x062C}},
	{0xFC18, []rune{0x062D, 0x0645}},
	{0xFC19, []rune{0x062E, 0x062C}},
	{0xFC1A, []rune{0x062E, 0x062D}},
	{0xFC1B, []rune{0x062E, 0x0645}},
	{0xFC1C, []rune{0x0633, 0x062C}},
	{0xFC1D, []rune{0x0633, 0x062D}},
	{0xFC1E, []rune{0x0633, 0x062E}},
	{0xFC1F, []rune{0x0633, 0x0645}},
	{0xFC20, []rune{0x0635, 0x062D}},
	{0xFC21, []rune{0x0635, 0x0645}},
	{0xFC22, []rune{0x0636, 0x062C}},
	{0xFC23, []rune{0x0636, 0x062D}},
	{0xFC24, []rune{0x0636, 0x062E}},
	{0xFC25, []rune{0x0636, 0x0645}},
	{0xFC26, []rune{0x0637, 0x062D}},
	{0xFC27, []rune{0x0637, 0x0645}},
	{0xFC28, []rune{0x0638, 0x0645}},
	{0xFC29, []rune{0x0639, 0x062C}},
	{0xFC2A, []rune{0x0639, 0x0645}},
	{0xFC2B, []rune{0x063A, 0x062C}},
	{0xFC2C, []rune{0x063A, 0x0645}},
	{0xFC2D, []rune{0x0641, 0x062C}},
	{0xFC2E, []rune{0x0641, 0x062D}},
	{0xFC2F, []rune{0x0641, 0x062E}},
	{0xFC30, []rune{0x0641, 0x0645}},
	{0xFC31, []rune{0x0641, 0x0649}},
	{0xFC32, []rune{0x0641, 0x064A}},
	{0xFC33, []rune{0x0642, 0x062D}},
	{0xFC34, []rune{0x0642, 0x0645}},
	{0xFC35, []rune{0x0642, 0x0649}},
	{0xFC36, []rune{0x0642, 0x064A}},
	{0xFC37, []rune{0x0643, 0x0627}},
	{0xFC38, []rune{0x0643, 0x062C}},
	{0xFC39, []rune{0x0643, 0x062D}},
	{0xFC3A, []rune{0x0643, 0x062E}},
	{0xFC3B, []rune{0x0643, 0x0644}},
	{0xFC3C, []rune{0x0643, 0x0645}},
	{0xFC3D, []rune{0x0643, 0x0649}},
	{0xFC3E, []rune{0x0643, 0x064A}},
	{0xFC3F, []rune{0x0644, 0x062C}},
	{0xFC40, []rune{0x0644, 0x062D}},
	{0xFC41, []rune{0x0644, 0x062E}},
	{0xFC42, []rune{0x0644, 0x0645}},
	{0xFC43, []rune{0x0644, 0x0649}},
	{0xFC44, []rune{0x0644, 0x064A}},
	{0xFC45, []rune{0x0645, 0x062C}},
	{0xFC46, []rune{0x0645, 0x062D}},
	{0xFC47, []rune{0x0645, 0x062E}},
	{0xFC48, []rune{0x0645, 0x0645}},
	{0xFC49, []rune{0x0645, 0x0649}},
	{0xFC4A, []rune{0x0645, 0x064A}},
	{0xFC4B, []rune{0x0646, 0x062C}},
	{0xFC4C, []rune{0x0646, 0x062D}},
	{0xFC4D, []rune{0x0646, 0x062E}},
	{0xFC4E, []rune{0x0646, 0x0645}},
	{0xFC4F, []rune{0x0646, 0x0649}},
	{0xFC50, []rune{0x0646, 0x064A}},
	{0xFC51, []rune{0x0647, 0x062C}},
	{0xFC52, []rune{0x0647, 0x0645}},
	{0xFC53, []rune{0x0647, 0x0649}},
	{0xFC54, []rune{0x0647, 0x064A}},
	{0xFC55, []rune{0x064A, 0x062C}},
	{0xFC56, []rune{0x064A, 0x062D}},
	{0xFC57, []rune{0x064A, 0x062E}},
	{0xFC58, []rune{0x064A, 0x0645}},
	{0xFC59, []rune{0x064A, 0x0649}},
	{0xFC5A, []rune{0x064A, 0x064A}},
	{0xFC5B, []rune{0x0630, 0x0670}},
	{0xFC5C, []rune{0x0631, 0x0670}},
	{0xFC5D, []rune{0x0649, 0x0670}},
	{0xFC5E, []rune{0x0020, 0x064C, 0x0651}},
	{0xFC5F, []rune{0x0020, 0x064D, 0x0651}},
	{0xFC60, []rune{0x0020, 0x064E, 0x0651}},
	{0xFC61, []rune{0x0020, 0x064F, 0x0651}},
	{0xFC62, []rune{0x0020, 0x0650, 0x0651}},
	{0xFC63, []rune{0x0020, 0x0651, 0x0670}},
	{0xFC64, []rune{0x0626, 0x0631}},
	{0xFC65, []rune{0x0626, 0x0632}},
	{0xFC66, []rune{0x0626, 0x0645}},
	{0xFC67, []rune{0x0626, 0x0646}},
	{0xFC68, []rune{0x0626, 0x0649}},
	{0xFC69, []rune{0x0626, 0x064A}},
	{0xFC6A, []rune{0x0628, 0x0631}},
	{0xFC6B, []rune{0x0628, 0x0632}},
	{0xFC6C, []rune{0x0628, 0x0645}},
	{0xFC6D, []rune{0x0628, 0x0646}},
	{0xFC6E, []rune{0x0628, 0x0649}},
	{0xFC6F, []rune{0x0628, 0x064A}},
	{0xFC70, []rune{0x062A, 0x0631}},
	{0xFC71, []rune{0x062A, 0x0632}},
	{0xFC72, []rune{0x062A, 0x0645}},
	{0xFC73, []rune{0x062A, 0x0646}},
	{0xFC74, []rune{0x062A, 0x0649}},
	{0xFC75, []rune{0x062A, 0x064A}},
	{0xFC76, []rune{0x062B, 0x0631}},
	{0xFC77, []rune{0x062B, 0x0632}},
	{0xFC78, []rune{0x062B, 0x0645}},
	{0xFC79, []rune{0x062B, 0x0646}},
	{0xFC7A, []rune{0x062B, 0x0649}},
	{0xFC7B, []rune{0x062B, 0x064A}},
	{0xFC7C, []rune{0x0641, 0x0649}},
	{0xFC7D, []rune{0x0641, 0x064A}},
	{0xFC7E, []rune{0x0642, 0x0649}},
	{0xFC7F, []rune{0x0642, 0x064A}},
	{0xFC80, []rune{0x0643, 0x0627}},
	{0xFC81, []rune{0x0643, 0x0644}},
	{0xFC82, []rune{0x0643, 0x0645}},
	{0xFC83, []rune{0x0643, 0x0649}},
	{0xFC84, []rune{0x0643, 0x064A}},
	{0xFC85, []rune{0x0644, 0x0645}},
	{0xFC86, []rune{0x0644, 0x0649}},
	{0xFC87, []rune{0x0644, 0x064A}},
	{0xFC88, []rune{0x0645, 0x0627}},
	{0xFC89, []rune{0x0645, 0x0645}},
	{0xFC8A, []rune{0x0646, 0x0631}},
	{0xFC8B, []rune{0x0646, 0x0632}},
	{0xFC8C, []rune{0x0646, 0x0645}},
	{0xFC8D, []rune{0x0646, 0x0646}},
	{0xFC8E, []rune{0x0646, 0x0649}},
	{0xFC8F, []rune{0x0646, 0x064A}},
	{0xFC90, []rune{0x0649, 0x0670}},
	{0xFC91, []rune{0x064A, 0x0631}},
	{0xFC92, []rune{0x064A, 0x0632}},
	{0xFC93, []rune{0x064A, 0x0645}},
	{0xFC94, []rune{0x064A, 0x0646}},
	{0xFC95, []rune{0x064A, 0x0649}},
	{0xFC96, []rune{0x064A, 0x064A}},
	{0xFC97, []rune{0x0626, 0x062C}},
	{0xFC98, []rune{0x0626, 0x062D}},
	{0xFC99, []rune{0x0626, 0x062E}},
	{0xFC9A, []rune{0x0626, 0x0645}},
	{0xFC9B, []rune{0x0626, 0x0647}},
	{0xFC9C, []rune{0x0628, 0x062C}},
	{0xFC9D, []rune{0x0628, 0x062D}},
	{0xFC9E, []rune{0x0628, 0x062E}},
	{0xFC9F, []rune{0x0628, 0x0645}},
	{0xFCA0, []rune{0x0628, 0x0647}},
	{0xFCA1, []rune{0x062A, 0x062C}},
	{0xFCA2, []rune{0x062A, 0x062D}},
	{0xFCA3, []rune{0x062A, 0x062E}},
	{0xFCA4, []rune{0x062A, 0x0645}},
	{0xFCA5, []rune{0x062A, 0x0647}},
	{0xFCA6, []rune{0x062B, 0x0645}},
	{0xFCA7, []rune{0x062C, 0x062D}},
	{0xFCA8, []rune{0x062C, 0x0645}},
	{0xFCA9, []rune{0x062D, 0x062C}},
	{0xFCAA, []rune{0x062D, 0x0645}},
	{0xFCAB, []rune{0x062E, 0x062C}},
	{0xFCAC, []rune{0x062E, 0x0645}},
	{0xFCAD, []rune{0x0633, 0x062C}},
	{0xFCAE, []rune{0x0633, 0x062D}},
	{0xFCAF, []rune{0x0633, 0x062E}},
	{0xFCB0, []rune{0x0633, 0x0645}},
	{0xFCB1, []rune{0x0635, 0x062D}},
	{0xFCB2, []rune{0x0635, 0x062E}},
	{0xFCB3, []rune{0x0635, 0x0645}},
	{0xFCB4, []rune{0x0636, 0x062C}},
	{0xFCB5, []rune{0x0636, 0x062D}},
	{0xFCB6, []rune{0x0636, 0x062E}},
	{0xFCB7, []rune{0x0636, 0x0645}},
	{0xFCB8, []rune{0x0637, 0x062D}},
	{0xFCB9, []rune{0x0638, 0x0645}},
	{0xFCBA, []rune{0x0639, 0x062C}},
	{0xFCBB, []rune{0x0639, 0x0645}},
	{0xFCBC, []rune{0x063A, 0x062C}},
	{0xFCBD, []rune{0x063A, 0x0645}},
	{0xFCBE, []rune{0x0641, 0x062C}},
	{0xFCBF, []rune{0x0641, 0x062D}},
	{0xFCC0, []rune{0x0641, 0x062E}},
	{0xFCC1, []rune{0x0641, 0x0645}},
	{0xFCC2, []rune{0x0642, 0x062D}},
	{0xFCC3, []rune{0x0642, 0x0645}},
	{0xFCC4, []rune{0x0643, 0x062C}},
	{0xFCC5, []rune{0x0643, 0x062D}},
	{0xFCC6, []rune{0x0643, 0x062E}},
	{0xFCC7, []rune{0x0643, 0x0644}},
	{0xFCC8, []rune{0x0643, 0x0645}},
	{0xFCC9, []rune{0x0644, 0x062C}},
	{0xFCCA, []rune{0x0644, 0x062D}},
	{0xFCCB, []rune{0x0644, 0x062E}},
	{0xFCCC, []rune{0x0644, 0x0645}},
	{0xFCCD, []rune{0x0644, 0x0647}},
	{0xFCCE, []rune{0x0645, 0x062C}},
	{0xFCCF, []rune{0x0645, 0x062D}},
	{0xFCD0, []rune{0x0645, 0x062E}},
	{0xFCD1, []rune{0x0645, 0x0645}},
	{0xFCD2, []rune{0x0646, 0x062C}},
	{0xFCD3, []rune{0x0646, 0x062D}},
	{0xFCD4, []rune{0x0646, 0x062E}},
	{0xFCD5, []rune{0x0646, 0x0645}},
	{0xFCD6, []rune{0x0646, 0x0647}},
	{0xFCD7, []rune{0x0647, 0x062C}},
	{0xFCD8, []rune{0x0647, 0x0645}},
	{0xFCD9, []rune{0x0647, 0x0670}},
	{0xFCDA, []rune{0x064A, 0x062C}},
	{0xFCDB, []rune{0x064A, 0x062D}},
	{0xFCDC, []rune{0x064A, 0x062E}},
	{0xFCDD, []rune{0x064A, 0x0645}},
	{0xFCDE, []rune{0x064A, 0x0647}},
	{0xFCDF, []rune{0x0626, 0x0645}},
	{0xFCE0, []rune{0x0626, 0x0647}},
	{0xFCE1, []rune{0x0628, 0x0645}},
	{0xFCE2, []rune{0x0628, 0x0647}},
	{0xFCE3, []rune{0x062A, 0x0645}},
	{0xFCE4, []rune{0x062A, 0x0647}},
	{0xFCE5, []rune{0x062B, 0x0645}},
	{0xFCE6, []rune{0x062B, 0x0647}},
	{0xFCE7, []rune{0x0633, 0x0645}},
	{0xFCE8, []rune{0x0633, 0x0647}},
	{0xFCE9, []rune{0x0634, 0x0645}},
	{0xFCEA, []rune{0x0634, 0x0647}},
	{0xFCEB, []rune{0x0643, 0x0644}},
	{0xFCEC, []rune{0x0643, 0x0645}},
	{0xFCED, []rune{0x0644, 0x0645}},
	{0xFCEE, []rune{0x0646, 0x0645}},
	{0xFCEF, []rune{0x0646, 0x0647}},
	{0xFCF0, []rune{0x064A, 0x0645}},
	{0xFCF1, []rune{0x064A, 0x0647}},
	{0xFCF2, []rune{0x0640, 0x064E, 0x0651}},
	{0xFCF3, []rune{0x0640, 0x064F, 0x0651}},
	{0xFCF4, []rune{0x0640, 0x0650, 0x0651}},
	{0xFCF5, []rune{0x0637, 0x0649}},
	{0xFCF6, []rune{0x0637, 0x064A}},
	{0xFCF7, []rune{0x0639, 0x0649}},
	{0xFCF8, []rune{0x0639, 0x064A}},
	{0xFCF9, []rune{0x063A, 0x0649}},
	{0xFCFA, []rune{0x063A, 0x064A}},
	{0xFCFB, []rune{0x0633, 0x0649}},
	{0xFCFC, []rune{0x0633, 0x064A}},
	{0xFCFD, []rune{0x0634, 0x0649}},
	{0xFCFE, []rune{0x0634, 0x064A}},
	{0xFCFF, []rune{0x062D, 0x0649}},
	{0xFD00, []rune{0x062D, 0x064A}},
	{0xFD01, []rune{0x062C, 0x0649}},
	{0xFD02, []rune{0x062C, 0x064A}},
	{0xFD03, []rune{0x062E, 0x0649}},
	{0xFD04, []rune{0x062E, 0x064A}},
	{0xFD05, []rune{0x0635, 0x0649}},
	{0xFD06, []rune{0x0635, 0x064A}},
	{0xFD07, []rune{0x0636, 0x0649}},
	{0xFD08, []rune{0x0636, 0x064A}},
	{0xFD09, []rune{0x0634, 0x062C}},
	{0xFD0A, []rune{0x0634, 0x062D}},
	{0xFD0B, []rune{0x0634, 0x062E}},
	{0xFD0C, []rune{0x0634, 0x0645}},
	{0xFD0D, []rune{0x0634, 0x0631}},
	{0xFD0E, []rune{0x0633, 0x0631}},
	{0xFD0F, []rune{0x0635, 0x0631}},
	{0xFD10, []rune{0x0636, 0x0631}},
	{0xFD11, []rune{0x0637, 0x0649}},
	{0xFD12, []rune{0x0637, 0x064A}},
	{0xFD13, []rune{0x0639, 0x0649}},
	{0xFD14, []rune{0x0639, 0x064A}},
	{0xFD15, []rune{0x063A, 0x0649}},
	{0xFD16, []rune{0x063A, 0x064A}},
	{0xFD17, []rune{0x0633, 0x0649}},
	{0xFD18, []rune{0x0633, 0x064A}},
	{0xFD19, []rune{0x0634, 0x0649}},
	{0xFD1A, []rune{0x0634, 0x064A}},
	{0xFD1B, []rune{0x062D, 0x0649}},
	{0xFD1C, []rune{0x062D, 0x064A}},
	{0xFD1D, []rune{0x062C, 0x0649}},
	{0xFD1E, []rune{0x062C, 0x064A}},
	{0xFD1F, []rune{0x062E, 0x0649}},
	{0xFD20, []rune{0x062E, 0x064A}},
	{0xFD21, []rune{0x0635, 0x0649}},
	{0xFD22, []rune{0x0635, 0x064A}},
	{0xFD23, []rune{0x0636, 0x0649}},
	{0xFD24, []rune{0x0636, 0x064A}},
	{0xFD25, []rune{0x0634, 0x062C}},
	{0xFD26, []rune{0x0634, 0x062D}},
	{0xFD27, []rune{0x0634, 0x062E}},
	{0xFD28, []rune{0x0634, 0x0645}},
	{0xFD29, []rune{0x0634, 0x0631}},
	{0xFD2A, []rune{0x0633, 0x0631}},
	{0xFD2B, []rune{0x0635, 0x0631}},
	{0xFD2C, []rune{0x0636, 0x0631}},
	{0xFD2D, []rune{0x0634, 0x062C}},
	{0xFD2E, []rune{0x0634, 0x062D}},
	{0xFD2F, []rune{0x0634, 0x062E}},
	{0xFD30, []rune{0x0634, 0x0645}},
	{0xFD31, []rune{0x0633, 0x0647}},
	{0xFD32, []rune{0x0634, 0x0647}},
	{0xFD33, []rune{0x0637, 0x0645}},
	{0xFD34, []rune{0x0633, 0x062C}},
	{0xFD35, []rune{0x0633, 0x062D}},
	{0xFD36, []rune{0x0633, 0x062E}},
	{0xFD37, []rune{0x0634, 0x062C}},
	{0xFD38, []rune{0x0634, 0x062D}},
	{0xFD39, []rune{0x0634, 0x062E}},
	{0xFD3A, []rune{0x0637, 0x0645}},
	{0xFD3B, []rune{0x0638, 0x0645}},
	{0xFD3C, []rune{0x0627, 0x064B}},
	{0xFD3D, []rune{0x0627, 0x064B}},
	{0xFD50, []rune{0x062A, 0x062C, 0x0645}},
	{0xFD51, []rune{0x062A, 0x062D, 0x062C}},
	{0xFD52, []rune{0x062A, 0x062D, 0x062C}},
	{0xFD53, []rune{0x062A, 0x062D, 0x0645}},
	{0xFD54, []rune{0x062A, 0x062E, 0x0645}},
	{0xFD55, []rune{0x062A, 0x0645, 0x062C}},
	{0xFD56, []rune{0x062A, 0x0645, 0x062D}},
	{0xFD57, []rune{0x062A, 0x0645, 0x062E}},
	{0xFD58, []rune{0x062C, 0x0645, 0x062D}},
	{0xFD59, []rune{0x062C, 0x0645, 0x062D}},
	{0xFD5A, []rune{0x062D, 0x0645, 0x064A}},
	{0xFD5B, []rune{0x062D, 0x0645, 0x0649}},
	{0xFD5C, []rune{0x0633, 0x062D, 0x062C}},
	{0xFD5D, []rune{0x0633, 0x062C, 0x062D}},
	{0xFD5E, []rune{0x0633, 0x062C, 0x0649}},
	{0xFD5F, []rune{0x0633, 0x0645, 0x062D}},
	{0xFD60, []rune{0x0633, 0x0645, 0x062D}},
	{0xFD61, []rune{0x0633, 0x0645, 0x062C}},
	{0xFD62, []rune{0x0633, 0x0645, 0x0645}},
	{0xFD63, []rune{0x0633, 0x0645, 0x0645}},
	{0xFD64, []rune{0x0635, 0x062D, 0x062D}},
	{0xFD65, []rune{0x0635, 0x062D, 0x062D}},
	{0xFD66, []rune{0x0635, 0x0645, 0x0645}},
	{0xFD67, []rune{0x0634, 0x062D, 0x0645}},
	{0xFD68, []rune{0x0634, 0x062D, 0x0645}},
	{0xFD69, []rune{0x0634, 0x062C, 0x064A}},
	{0xFD6A, []rune{0x0634, 0x0645, 0x062E}},
	{0xFD6B, []rune{0x0634, 0x0645, 0x062E}},
	{0xFD6C, []rune{0x0634, 0x0645, 0x0645}},
	{0xFD6D, []rune{0x0634, 0x0645, 0x0645}},
	{0xFD6E, []rune{0x0636, 0x062D, 0x0649}},
	{0xFD6F, []rune{0x0636, 0x062E, 0x0645}},
	{0xFD70, []rune{0x0636, 0x062E, 0x0645}},
	{0xFD71, []rune{0x0637, 0x0645, 0x062D}},
	{0xFD72, []rune{0x0637, 0x0645, 0x062D}},
	{0xFD73, []rune{0x0637, 0x0645, 0x0645}},
	{0xFD74, []rune{0x0637, 0x0645, 0x064A}},
	{0xFD75, []rune{0x0639, 0x062C, 0x0645}},
	{0xFD76, []rune{0x0639, 0x0645, 0x0645}},
	{0xFD77, []rune{0x0639, 0x0645, 0x0645}},
	{0xFD78, []rune{0x0639, 0x0645, 0x0649}},
	{0xFD79, []rune{0x063A, 0x0645, 0x0645}},
	{0xFD7A, []rune{0x063A, 0x0645, 0x064A}},
	{0xFD7B, []rune{0x063A, 0x0645, 0x0649}},
	{0xFD7C, []rune{0x0641, 0x062E, 0x0645}},
	{0xFD7D, []rune{0x0641, 0x062E, 0x0645}},
	{0xFD7E, []rune{0x0642, 0x0645, 0x062D}},
	{0xFD7F, []rune{0x0642, 0x0645, 0x0645}},
	{0xFD80, []rune{0x0644, 0x062D, 0x0645}},
	{0xFD81, []rune{0x0644, 0x062D, 0x064A}},
	{0xFD82, []rune{0x0644, 0x062D, 0x0649}},
	{0xFD83, []rune{0x0644, 0x062C, 0x062C}},
	{0xFD84, []rune{0x0644, 0x062C, 0x062C}},
	{0xFD85, []rune{0x0644, 0x062E, 0x0645}},
	{0xFD86, []rune{0x0644, 0x062E, 0x0645}},
	{0xFD87, []rune{0x0644, 0x0645, 0x062D}},
	{0xFD88, []rune{0x0644, 0x0645, 0x062D}},
	{0xFD89, []rune{0x0645, 0x062D, 0x062C}},
	{0xFD8A, []rune{0x0645, 0x062D, 0x0645}},
	{0xFD8B, []rune{0x0645, 0x062D, 0x064A}},
	{0xFD8C, []rune{0x0645, 0x062C, 0x062D}},
	{0xFD8D, []rune{0x0645, 0x062C, 0x0645}},
	{0xFD8E, []rune{0x0645, 0x062E, 0x062C}},
	{0xFD8F, []rune{0x0645, 0x062E, 0x0645}},
	{0xFD92, []rune{0x0645, 0x062C, 0x062E}},
	{0xFD93, []rune{0x0647, 0x0645, 0x062C}},
	{0xFD94, []rune{0x0647, 0x0645, 0x0645}},
	{0xFD95, []rune{0x0646, 0x062D, 0x0645}},
	{0xFD96, []rune{0x0646, 0x062D, 0x0649}},
	{0xFD97, []rune{0x0646, 0x062C, 0x0645}},
	{0xFD98, []rune{0x0646, 0x062C, 0x0645}},
	{0xFD99, []rune{0x0646, 0x062C, 0x0649}},
	{0xFD9A, []rune{0x0646, 0x0645, 0x064A}},
	{0xFD9B, []rune{0x0646, 0x0645, 0x0649}},
	{0xFD9C, []rune{0x064A, 0x0645, 0x0645}},
	{0xFD9D, []rune{0x064A, 0x0645, 0x0645}},
	{0xFD9E, []rune{0x0628, 0x062E, 0x064A}},
	{0xFD9F, []rune{0x062A, 0x062C, 0x064A}},
	{0xFDA0, []rune{0x062A, 0x062C, 0x0649}},
	{0xFDA1, []rune{0x062A, 0x062E, 0x064A}},
	{0xFDA2, []rune{0x062A, 0x062E, 0x0649}},
	{0xFDA3, []rune{0x062A, 0x0645, 0x064A}},
	{0xFDA4, []rune{0x062A, 0x0645, 0x0649}},
	{0xFDA5, []rune{0x062C, 0x0645, 0x064A}},
	{0xFDA6, []rune{0x062C, 0x062D, 0x0649}},
	{0xFDA7, []rune{0x062C, 0x0645, 0x0649}},
	{0xFDA8, []rune{0x0633, 0x062E, 0x0649}},
	{0xFDA9, []rune{0x0635, 0x062D, 0x064A}},
	{0xFDAA, []rune{0x0634, 0x062D, 0x064A}},
	{0xFDAB, []rune{0x0636, 0x062D, 0x064A}},
	{0xFDAC, []rune{0x0644, 0x062C, 0x064A}},
	{0xFDAD, []rune{0x0644, 0x0645, 0x064A}},
	{0xFDAE, []rune{0x064A, 0x062D, 0x064A}},
	{0xFDAF, []rune{0x064A, 0x062C, 0x064A}},
	{0xFDB0, []rune{0x064A, 0x0645, 0x064A}},
	{0xFDB1, []rune{0x0645, 0x0645, 0x064A}},
	{0xFDB2, []rune{0x0642, 0x0645, 0x064A}},
	{0xFDB3, []rune{0x0646, 0x062D, 0x064A}},
	{0xFDB4, []rune{0x0642, 0x0645, 0x062D}},
	{0xFDB5, []rune{0x0644, 0x062D, 0x0645}},
	{0xFDB6, []rune{0x0639, 0x0645, 0x064A}},
	{0xFDB7, []rune{0x0643, 0x0645, 0x064A}},
	{0xFDB8, []rune{0x0646, 0x062C, 0x062D}},
	{0xFDB9, []rune{0x0645, 0x062E, 0x064A}},
	{0xFDBA, []rune{0x0644, 0x062C, 0x0645}},
	{0xFDBB, []rune{0x0643, 0x0645, 0x0645}},
	{0xFDBC, []rune{0x0644, 0x062C, 0x0645}},
	{0xFDBD, []rune{0x0646, 0x062C, 0x062D}},
	{0xFDBE, []rune{0x062C, 0x062D, 0x064A}},
	{0xFDBF, []rune{0x062D, 0x062C, 0x064A}},
	{0xFDC0, []rune{0x0645, 0x062C, 0x064A}},
	{0xFDC1, []rune{0x0641, 0x0645, 0x064A}},
	{0xFDC2, []rune{0x0628, 0x062D, 0x064A}},
	{0xFDC3, []rune{0x0643, 0x0645, 0x0645}},
	{0xFDC4, []rune{0x0639, 0x062C, 0x0645}},
	{0xFDC5, []rune{0x0635, 0x0645, 0x0645}},
	{0xFDC6, []rune{0x0633, 0x062E, 0x064A}},
	{0xFDC7, []rune{0x0646, 0x062C, 0x064A}},
	{0xFDF0, []rune{0x0635, 0x0644, 0x06D2}},
	{0xFDF1, []rune{0x0642, 0x0644, 0x06D2}},
	{0xFDF2, []rune{0x0627, 0x0644, 0x0644, 0x0647}},
	{0xFDF3, []rune{0x0627, 0x0643, 0x0628, 0x0631}},
	{0xFDF4, []rune{0x0645, 0x062D, 0x0645, 0x062F}},
	{0xFDF5, []rune{0x0635, 0x0644, 0x0639, 0x0645}},
	{0xFDF6, []rune{0x0631, 0x0633, 0x0648, 0x0644}},
	{0xFDF7, []rune{0x0639, 0x0644, 0x064A, 0x0647}},
	{0xFDF8, []rune{0x0648, 0x0633, 0x0644, 0x0645}},
	{0xFDF9, []rune{0x0635, 0x0644, 0x0649}},
	{0xFDFA, []rune{0x0635, 0x0644, 0x0649, 0x0020, 0x0627, 0x0644, 0x0644, 0x0647, 0x0020, 0x0639, 0x0644, 0x064A, 0x0647, 0x0020, 0x0648, 0x0633, 0x0644, 0x0645}},
	{0xFDFB, []rune{0x062C, 0x0644, 0x0020, 0x062C, 0x0644, 0x0627, 0x0644, 0x0647}},
	{0xFDFC, []rune{0x0631, 0x06CC, 0x0627, 0x0644}},
	{0xFE10, []rune{0x002C}},
	{0xFE11, []rune{0x3001}},
	{0xFE12, []rune{0x3002}},
	{0xFE13, []rune{0x003A}},
	{0xFE14, []rune{0x003B}},
	{0xFE15, []rune{0x0021}},
	{0xFE16, []rune{0x003F}},
	{0xFE17, []rune{0x3016}},
	{0xFE18, []rune{0x3017}},
	{0xFE19, []rune{0x2026}},
	{0xFE30, []rune{0x2025}},
	{0xFE31, []rune{0x2014}},
	{0xFE32, []rune{0x2013}},
	{0xFE33, []rune{0x005F}},
	{0xFE34, []rune{0x005F}},
	{0xFE35, []rune{0x0028}},
	{0xFE36, []rune{0x0029}},
	{0xFE37, []rune{0x007B}},
	{0xFE38, []rune{0x007D}},
	{0xFE39, []rune{0x3014}},
	{0xFE3A, []rune{0x3015}},
	{0xFE3B, []rune{0x3010}},
	{0xFE3C, []rune{0x3011}},
	{0xFE3D, []rune{0x300A}},
	{0xFE3E, []rune{0x300B}},
	{0xFE3F, []rune{0x3008}},
	{0xFE40, []rune{0x3009}},
	{0xFE41, []rune{0x300C}},
	{0xFE42, []rune{0x300D}},
	{0xFE43, []rune{0x300E}},
	{0xFE44, []rune{0x300F}},
	{0xFE47, []rune{0x005B}},
	{0xFE48, []rune{0x005D}},
	{0xFE49, []rune{0x203E}},
	{0xFE4A, []rune{0x203E}},
	{0xFE4B, []rune{0x203E}},
	{0xFE4C, []rune{0x203E}},
	{0xFE4D, []rune{0x005F}},
	{0xFE4E, []rune{0x005F}},
	{0xFE4F, []rune{0x005F}},
	{0xFE50, []rune{0x002C}},
	{0xFE51, []rune{0x3001}},
	{0xFE52, []rune{0x002E}},
	{0xFE54, []rune{0x003B}},
	{0xFE55, []rune{0x003A}},
	{0xFE56, []rune{0x003F}},
	{0xFE57, []rune{0x0021}},
	{0xFE58, []rune{0x2014}},
	{0xFE59, []rune{0x0028}},
	{0xFE5A, []rune{0x0029}},
	{0xFE5B, []rune{0x007B}},
	{0xFE5C, []rune{0x007D}},
	{0xFE5D, []rune{0x3014}},
	{0xFE5E, []rune{0x3015}},
	{0xFE5F, []rune{0x0023}},
	{0xFE60, []rune{0x0026}},
	{0xFE61, []rune{0x002A}},
	{0xFE62, []rune{0x002B}},
	{0xFE63, []rune{0x002D}},
	{0xFE64, []rune{0x003C}},
	{0xFE65, []rune{0x003E}},
	{0xFE66, []rune{0x003D}},
	{0xFE68, []rune{0x005C}},
	{0xFE69, []rune{0x0024}},
	{0xFE6A, []rune{0x0025}},
	{0xFE6B, []rune{0x0040}},
	{0xFE70, []rune{0x0020, 0x064B}},
	{0xFE71, []rune{0x0640, 0x064B}},
	{0xFE72, []rune{0x0020, 0x064C}},
	{0xFE74, []rune{0x0020, 0x064D}},
	{0xFE76, []rune{0x0020, 0x064E}},
	{0xFE77, []rune{0x0640, 0x064E}},
	{0xFE78, []rune{0x0020, 0x064F}},
	{0xFE79, []rune{0x0640, 0x064F}},
	{0xFE7A, []rune{0x0020, 0x0650}},
	{0xFE7B, []rune{0x0640, 0x0650}},
	{0xFE7C, []rune{0x0020, 0x0651}},
	{0xFE7D, []rune{0x0640, 0x0651}},
	{0xFE7E, []rune{0x0020, 0x0652}},
	{0xFE7F, []rune{0x0640, 0x0652}},
	{0xFE80, []rune{0x0621}},
	{0xFE81, []rune{0x0622}},
	{0xFE82, []rune{0x0622}},
	{0xFE83, []rune{0x0623}},
	{0xFE84, []rune{0x0623}},
	{0xFE85, []rune{0x0624}},
	{0xFE86, []rune{0x0624}},
	{0xFE87, []rune{0x0625}},
	{0xFE88, []rune{0x0625}},
	{0xFE89, []rune{0x0626}},
	{0xFE8A, []rune{0x0626}},
	{0xFE8B, []rune{0x0626}},
	{0xFE8C, []rune{0x0626}},
	{0xFE8D, []rune{0x0627}},
	{0xFE8E, []rune{0x0627}},
	{0xFE8F, []rune{0x0628}},
	{0xFE90, []rune{0x0628}},
	{0xFE91, []rune{0x0628}},
	{0xFE92, []rune{0x0628}},
	{0xFE93, []rune{0x0629}},
	{0xFE94, []rune{0x0629}},
	{0xFE95, []rune{0x062A}},
	{0xFE96, []rune{0x062A}},
	{0xFE97, []rune{0x062A}},
	{0xFE98, []rune{0x062A}},
	{0xFE99, []rune{0x062B}},
	{0xFE9A, []rune{0x062B}},
	{0xFE9B, []rune{0x062B}},
	{0xFE9C, []rune{0x062B}},
	{0xFE9D, []rune{0x062C}},
	{0xFE9E, []rune{0x062C}},
	{0xFE9F, []rune{0x062C}},
	{0xFEA0, []rune{0x062C}},
	{0xFEA1, []rune{0x062D}},
	{0xFEA2, []rune{0x062D}},
	{0xFEA3, []rune{0x062D}},
	{0xFEA4, []rune{0x062D}},
	{0xFEA5, []rune{0x062E}},
	{0xFEA6, []rune{0x062E}},
	{0xFEA7, []rune{0x062E}},
	{0xFEA8, []rune{0x062E}},
	{0xFEA9, []rune{0x062F}},
	{0xFEAA, []rune{0x062F}},
	{0xFEAB, []rune{0x0630}},
	{0xFEAC, []rune{0x0630}},
	{0xFEAD, []rune{0x0631}},
	{0xFEAE, []rune{0x0631}},
	{0xFEAF, []rune{0x0632}},
	{0xFEB0, []rune{0x0632}},
	{0xFEB1, []rune{0x0633}},
	{0xFEB2, []rune{0x0633}},
	{0xFEB3, []rune{0x0633}},
	{0xFEB4, []rune{0x0633}},
	{0xFEB5, []rune{0x0634}},
	{0xFEB6, []rune{0x0634}},
	{0xFEB7, []rune{0x0634}},
	{0xFEB8, []rune{0x0634}},
	{0xFEB9, []rune{0x0635}},
	{0xFEBA, []rune{0x0635}},
	{0xFEBB, []rune{0x0635}},
	{0xFEBC, []rune{0x0635}},
	{0xFEBD, []rune{0x0636}},
	{0xFEBE, []rune{0x0636}},
	{0xFEBF, []rune{0x0636}},
	{0xFEC0, []rune{0x0636}},
	{0xFEC1, []rune{0x0637}},
	{0xFEC2, []rune{0x0637}},
	{0xFEC3, []rune{0x0637}},
	{0xFEC4, []rune{0x0637}},
	{0xFEC5, []rune{0x0638}},
	{0xFEC6, []rune{0x0638}},
	{0xFEC7, []rune{0x0638}},
	{0xFEC8, []rune{0x0638}},
	{0xFEC9, []rune{0x0639}},
	{0xFECA, []rune{0x0639}},
	{0xFECB, []rune{0x0639}},
	{0xFECC, []rune{0x0639}},
	{0xFECD, []rune{0x063A}},
	{0xFECE, []rune{0x063A}},
	{0xFECF, []rune{0x063A}},
	{0xFED0, []rune{0x063A}},
	{0xFED1, []rune{0x0641}},
	{0xFED2, []rune{0x0641}},
	{0xFED3, []rune{0x0641}},
	{0xFED4, []rune{0x0641}},
	{0xFED5, []rune{0x0642}},
	{0xFED6, []rune{0x0642}},
	{0xFED7, []rune{0x0642}},
	{0xFED8, []rune{0x0642}},
	{0xFED9, []rune{0x0643}},
	{0xFEDA, []rune{0x0643}},
	{0xFEDB, []rune{0x0643}},
	{0xFEDC, []rune{0x0643}},
	{0xFEDD, []rune{0x0644}},
	{0xFEDE, []rune{0x0644}},
	{0xFEDF, []rune{0x0644}},
	{0xFEE0, []rune{0x0644}},
	{0xFEE1, []rune{0x0645}},
	{0xFEE2, []rune{0x0645}},
	{0xFEE3, []rune{0x0645}},
	{0xFEE4, []rune{0x0645}},
	{0xFEE5, []rune{0x0646}},
	{0xFEE6, []rune{0x0646}},
	{0xFEE7, []rune{0x0646}},
	{0xFEE8, []rune{0x0646}},
	{0xFEE9, []rune{0x0647}},
	{0xFEEA, []rune{0x0647}},
	{0xFEEB, []rune{0x0647}},
	{0xFEEC, []rune{0x0647}},
	{0xFEED, []rune{0x0648}},
	{0xFEEE, []rune{0x0648}},
	{0xFEEF, []rune{0x0649}},
	{0xFEF0, []rune{0x0649}},
	{0xFEF1, []rune{0x064A}},
	{0xFEF2, []rune{0x064A}},
	{0xFEF3, []rune{0x064A}},
	{0xFEF4, []rune{0x064A}},
	{0xFEF5, []rune{0x0644, 0x0622}},
	{0xFEF6, []rune{0x0644, 0x0622}},
	{0xFEF7, []rune{0x0644, 0x0623}},
	{0xFEF8, []rune{0x0644, 0x0623}},
	{0xFEF9, []rune{0x0644, 0x0625}},
	{0xFEFA, []rune{0x0644, 0x0625}},
	{0xFEFB, []rune{0x0644, 0x0627}},
	{0xFEFC, []rune{0x0644, 0x0627}},
	{0xFF01, []rune{0x0021}},
	{0xFF02, []rune{0x0022}},
	{0xFF03, []rune{0x0023}},
	{0xFF04, []rune{0x0024}},
	{0xFF05, []rune{0x0025}},
	{0xFF06, []rune{0x0026}},
	{0xFF07, []rune{0x0027}},
	{0xFF08, []rune{0x0028}},
	{0xFF09, []rune{0x0029}},
	{0xFF0A, []rune{0x002A}},
	{0xFF0B, []rune{0x002B}},
	{0xFF0C, []rune{0x002C}},
	{0xFF0D, []rune{0x002D}},
	{0xFF0E, []rune{0x002E}},
	{0xFF0F, []rune{0x002F}},
	{0xFF10, []rune{0x0030}},
	{0xFF11, []rune{0x0031}},
	{0xFF12, []rune{0x0032}},
	{0xFF13, []rune{0x0033}},
	{0xFF14, []rune{0x0034}},
	{0xFF15, []rune{0x0035}},
	{0xFF16, []rune{0x0036}},
	{0xFF17, []rune{0x0037}},
	{0xFF18, []rune{0x0038}},
	{0xFF19, []rune{0x0039}},
	{0xFF1A, []rune{0x003A}},
	{0xFF1B, []rune{0x003B}},
	{0xFF1C, []rune{0x003C}},
	{0xFF1D, []rune{0x003D}},
	{0xFF1E, []rune{0x003E}},
	{0xFF1F, []rune{0x003F}},
	{0xFF20, []rune{0x0040}},
	{0xFF21, []rune{0x0041}},
	{0xFF22, []rune{0x0042}},
	{0xFF23, []rune{0x0043}},
	{0xFF24, []rune{0x0044}},
	{0xFF25, []rune{0x0045}},
	{0xFF26, []rune{0x0046}},
	{0xFF27, []rune{0x0047}},
	{0xFF28, []rune{0x0048}},
	{0xFF29, []rune{0x0049}},
	{0xFF2A, []rune{0x004A}},
	{0xFF2B, []rune{0x004B}},
	{0xFF2C, []rune{0x004C}},
	{0xFF2D, []rune{0x004D}},
	{0xFF2E, []rune{0x004E}},
	{0xFF2F, []rune{0x004F}},
	{0xFF30, []rune{0x0050}},
	{0xFF31, []rune{0x0051}},
	{0xFF32, []rune{0x0052}},
	{0xFF33, []rune{0x0053}},
	{0xFF34, []rune{0x0054}},
	{0xFF35, []rune{0x0055}},
	{0xFF36, []rune{0x0056}},
	{0xFF37, []rune{0x0057}},
	{0xFF38, []rune{0x0058}},
	{0xFF39, []rune{0x0059}},
	{0xFF3A, []rune{0x005A}},
	{0xFF3B, []rune{0x005B}},
	{0xFF3C, []rune{0x005C}},
	{0xFF3D, []rune{0x005D}},
	{0xFF3E, []rune{0x005E}},
	{0xFF3F, []rune{0x005F}},
	{0xFF40, []rune{0x0060}},
	{0xFF41, []rune{0x0061}},
	{0xFF42, []rune{0x0062}},
	{0xFF43, []rune{0x0063}},
	{0xFF44, []rune{0x0064}},
	{0xFF45, []rune{0x0065}},
	{0xFF46, []rune{0x0066}},
	{0xFF47, []rune{0x0067}},
	{0xFF48, []rune{0x0068}},
	{0xFF49, []rune{0x0069}},
	{0xFF4A, []rune{0x006A}},
	{0xFF4B, []rune{0x006B}},
	{0xFF4C, []rune{0x006C}},
	{0xFF4D, []rune{0x006D}},
	{0xFF4E, []rune{0x006E}},
	{0xFF4F, []rune{0x006F}},
	{0xFF50, []rune{0x0070}},
	{0xFF51, []rune{0x0071}},
	{0xFF52, []rune{0x0072}},
	{0xFF53, []rune{0x0073}},
	{0xFF54, []rune{0x0074}},
	{0xFF55, []rune{0x0075}},
	{0xFF56, []rune{0x0076}},
	{0xFF57, []rune{0x0077}},
	{0xFF58, []rune{0x0078}},
	{0xFF59, []rune{0x0079}},
	{0xFF5A, []rune{0x007A}},
	{0xFF5B, []rune{0x007B}},
	{0xFF5C, []rune{0x007C}},
	{0xFF5D, []rune{0x007D}},
	{0xFF5E, []rune{0x007E}},
	{0xFF5F, []rune{0x2985}},
	{0xFF60, []rune{0x2986}},
	{0xFF61, []rune{0x3002}},
	{0xFF62, []rune{0x300C}},
	{0xFF63, []rune{0x300D}},
	{0xFF64, []rune{0x3001}},
	{0xFF65, []rune{0x30FB}},
	{0xFF66, []rune{0x30F2}},
	{0xFF67, []rune{0x30A1}},
	{0xFF68, []rune{0x30A3}},
	{0xFF69, []rune{0x30A5}},
	{0xFF6A, []rune{0x30A7}},
	{0xFF6B, []rune{0x30A9}},
	{0xFF6C, []rune{0x30E3}},
	{0xFF6D, []rune{0x30E5}},
	{0xFF6E, []rune{0x30E7}},
	{0xFF6F, []rune{0x30C3}},
	{0xFF70, []rune{0x30FC}},
	{0xFF71, []rune{0x30A2}},
	{0xFF72, []rune{0x30A4}},
	{0xFF73, []rune{0x30A6}},
	{0xFF74, []rune{0x30A8}},
	{0xFF75, []rune{0x30AA}},
	{0xFF76, []rune{0x30AB}},
	{0xFF77, []rune{0x30AD}},
	{0xFF78, []rune{0x30AF}},
	{0xFF79, []rune{0x30B1}},
	{0xFF7A, []rune{0x30B3}},
	{0xFF7B, []rune{0x30B5}},
	{0xFF7C, []rune{0x30B7}},
	{0xFF7D, []rune{0x30B9}},
	{0xFF7E, []rune{0x30BB}},
	{0xFF7F, []rune{0x30BD}},
	{0xFF80, []rune{0x30BF}},
	{0xFF81, []rune{0x30C1}},
	{0xFF82, []rune{0x30C4}},
	{0xFF83, []rune{0x30C6}},
	{0xFF84, []rune{0x30C8}},
	{0xFF85, []rune{0x30CA}},
	{0xFF86, []rune{0x30CB}},
	{0xFF87, []rune{0x30CC}},
	{0xFF88, []rune{0x30CD}},
	{0xFF89, []rune{0x30CE}},
	{0xFF8A, []rune{0x30CF}},
	{0xFF8B, []rune{0x30D2}},
	{0xFF8C, []rune{0x30D5}},
	{0xFF8D, []rune{0x30D8}},
	{0xFF8E, []rune{0x30DB}},
	{0xFF8F, []rune{0x30DE}},
	{0xFF90, []rune{0x30DF}},
	{0xFF91, []rune{0x30E0}},
	{0xFF92, []rune{0x30E1}},
	{0xFF93, []rune{0x30E2}},
	{0xFF94, []rune{0x30E4}},
	{0xFF95, []rune{0x30E6}},
	{0xFF96, []rune{0x30E8}},
	{0xFF97, []rune{0x30E9}},
	{0xFF98, []rune{0x30EA}},
	{0xFF99, []rune{0x30EB}},
	{0xFF9A, []rune{0x30EC}},
	{0xFF9B, []rune{0x30ED}},
	{0xFF9C, []rune{0x30EF}},
	{0xFF9D, []rune{0x30F3}},
	{0xFF9E, []rune{0x3099}},
	{0xFF9F, []rune{0x309A}},
	{0xFFA0, []rune{0x3164}},
	{0xFFA1, []rune{0x3131}},
	{0xFFA2, []rune{0x3132}},
	{0xFFA3, []rune{0x3133}},
	{0xFFA4, []rune{0x3134}},
	{0xFFA5, []rune{0x3135}},
	{0xFFA6, []rune{0x3136}},
	{0xFFA7, []rune{0x3137}},
	{0xFFA8, []rune{0x3138}},
	{0xFFA9, []rune{0x3139}},
	{0xFFAA, []rune{0x313A}},
	{0xFFAB, []rune{0x313B}},
	{0xFFAC, []rune{0x313C}},
	{0xFFAD, []rune{0x313D}},
	{0xFFAE, []rune{0x313E}},
	{0xFFAF, []rune{0x313F}},
	{0xFFB0, []rune{0x3140}},
	{0xFFB1, []rune{0x3141}},
	{0xFFB2, []rune{0x3142}},
	{0xFFB3, []rune{0x3143}},
	{0xFFB4, []rune{0x3144}},
	{0xFFB5, []rune{0x3145}},
	{0xFFB6, []rune{0x3146}},
	{0xFFB7, []rune{0x3147}},
	{0xFFB8, []rune{0x3148}},
	{0xFFB9, []rune{0x3149}},
	{0xFFBA, []rune{0x314A}},
	{0xFFBB, []rune{0x314B}},
	{0xFFBC, []rune{0x314C}},
	{0xFFBD, []rune{0x314D}},
	{0xFFBE, []rune{0x314E}},
	{0xFFC2, []rune{0x314F}},
	{0xFFC3, []rune{0x3150}},
	{0xFFC4, []rune{0x3151}},
	{0xFFC5, []rune{0x3152}},
	{0xFFC6, []rune{0x3153}},
	{0xFFC7, []rune{0x3154}},
	{0xFFCA, []rune{0x3155}},
	{0xFFCB, []rune{0x3156}},
	{0xFFCC, []rune{0x3157}},
	{0xFFCD, []rune{0x3158}},
	{0xFFCE, []rune{0x3159}},
	{0xFFCF, []rune{0x315A}},
	{0xFFD2, []rune{0x315B}},
	{0xFFD3, []rune{0x315C}},
	{0xFFD4, []rune{0x315D}},
	{0xFFD5, []rune{0x315E}},
	{0xFFD6, []rune{0x315F}},
	{0xFFD7, []rune{0x3160}},
	{0xFFDA, []rune{0x3161}},
	{0xFFDB, []rune{0x3162}},
	{0xFFDC, []rune{0x3163}},
	{0xFFE0, []rune{0x00A2}},
	{0xFFE1, []rune{0x00A3}},
	{0xFFE2, []rune{0x00AC}},
	{0xFFE3, []rune{0x00AF}},
	{0xFFE4, []rune{0x00A6}},
	{0xFFE5, []rune{0x00A5}},
	{0xFFE6, []rune{0x20A9}},
	{0xFFE8, []rune{0x2502}},
	{0xFFE9, []rune{0x2190}},
	{0xFFEA, []rune{0x2191}},
	{0xFFEB, []rune{0x2192}},
	{0xFFEC, []rune{0x2193}},
	{0xFFED, []rune{0x25A0}},
	{0xFFEE, []rune{0x25CB}},
	{0x10781, []rune{0x02D0}},
	{0x10782, []rune{0x02D1}},
	{0x10783, []rune{0x00E6}},
	{0x10784, []rune{0x0299}},
	{0x10785, []rune{0x0253}},
	{0x10787, []rune{0x02A3}},
	{0x10788, []rune{0xAB66}},
	{0x10789, []rune{0x02A5}},
	{0x1078A, []rune{0x02A4}},
	{0x1078B, []rune{0x0256}},
	{0x1078C, []rune{0x0257}},
	{0x1078D, []rune{0x1D91}},
	{0x1078E, []rune{0x0258}},
	{0x1078F, []rune{0x025E}},
	{0x10790, []rune{0x02A9}},
	{0x10791, []rune{0x0264}},
	{0x10792, []rune{0x0262}},
	{0x10793, []rune{0x0260}},
	{0x10794, []rune{0x029B}},
	{0x10795, []rune{0x0127}},
	{0x10796, []rune{0x029C}},
	{0x10797, []rune{0x0267}},
	{0x10798, []rune{0x0284}},
	{0x10799, []rune{0x02AA}},
	{0x1079A, []rune{0x02AB}},
	{0x1079B, []rune{0x026C}},
	{0x1079C, []rune{0x1DF04}},
	{0x1079D, []rune{0xA78E}},
	{0x1079E, []rune{0x026E}},
	{0x1079F, []rune{0x1DF05}},
	{0x107A0, []rune{0x028E}},
	{0x107A1, []rune{0x1DF06}},
	{0x107A2, []rune{0x00F8}},
	{0x107A3, []rune{0x0276}},
	{0x107A4, []rune{0x0277}},
	{0x107A5, []rune{0x0071}},
	{0x107A6, []rune{0x027A}},
	{0x107A7, []rune{0x1DF08}},
	{0x107A8, []rune{0x027D}},
	{0x107A9, []rune{0x027E}},
	{0x107AA, []rune{0x0280}},
	{0x107AB, []rune{0x02A8}},
	{0x107AC, []rune{0x02A6}},
	{0x107AD, []rune{0xAB67}},
	{0x107AE, []rune{0x02A7}},
	{0x107AF, []rune{0x0288}},
	{0x107B0, []rune{0x2C71}},
	{0x107B2, []rune{0x028F}},
	{0x107B3, []rune{0x02A1}},
	{0x107B4, []rune{0x02A2}},
	{0x107B5, []rune{0x0298}},
	{0x107B6, []rune{0x01C0}},
	{0x107B7, []rune{0x01C1}},
	{0x107B8, []rune{0x01C2}},
	{0x107B9, []rune{0x1DF0A}},
	{0x107BA, []rune{0x1DF1E}},
	{0x107BB, []rune{0x0287}},
	{0x107BC, []rune{0x0296}},
	{0x107BD, []rune{0x0297}},
	{0x107BE, []rune{0x029E}},
	{0x107BF, []rune{0x1DF0B}},
	{0x1B123, []rune{0x3053, 0x3068}},
	{0x1B124, []rune{0x30C8, 0x30AD}},
	{0x1B125, []rune{0x30C8, 0x30C6}},
	{0x1B126, []rune{0x30E8, 0x30EA}},
	{0x1CCD6, []rune{0x0041}},
	{0x1CCD7, []rune{0x0042}},
	{0x1CCD8, []rune{0x0043}},
	{0x1CCD9, []rune{0x0044}},
	{0x1CCDA, []rune{0x0045}},
	{0x1CCDB, []rune{0x0046}},
	{0x1CCDC, []rune{0x0047}},
	{0x1CCDD, []rune{0x0048}},
	{0x1CCDE, []rune{0x0049}},
	{0x1CCDF, []rune{0x004A}},
	{0x1CCE0, []rune{0x004B}},
	{0x1CCE1, []rune{0x004C}},
	{0x1CCE2, []rune{0x004D}},
	{0x1CCE3, []rune{0x004E}},
	{0x1CCE4, []rune{0x004F}},
	{0x1CCE5, []rune{0x0050}},
	{0x1CCE6, []rune{0x0051}},
	{0x1CCE7, []rune{0x0052}},
	{0x1CCE8, []rune{0x0053}},
	{0x1CCE9, []rune{0x0054}},
	{0x1CCEA, []rune{0x0055}},
	{0x1CCEB, []rune{0x0056}},
	{0x1CCEC, []rune{0x0057}},
	{0x1CCED, []rune{0x0058}},
	{0x1CCEE, []rune{0x0059}},
	{0x1CCEF, []rune{0x005A}},
	{0x1CCF0, []rune{0x0030}},
	{0x1CCF1, []rune{0x0031}},
	{0x1CCF2, []rune{0x0032}},
	{0x1CCF3, []rune{0x0033}},
	{0x1CCF4, []rune{0x0034}},
	{0x1CCF5, []rune{0x0035}},
	{0x1CCF6, []rune{0x0036}},
	{0x1CCF7, []rune{0x0037}},
	{0x1CCF8, []rune{0x0038}},
	{0x1CCF9, []rune{0x0039}},
	{0x1D400, []rune{0x0041}},
	{0x1D401, []rune{0x0042}},
	{0x1D402, []rune{0x0043}},
	{0x1D403, []rune{0x0044}},
	{0x1D404, []rune{0x0045}},
	{0x1D405, []rune{0x0046}},
	{0x1D406, []rune{0x0047}},
	{0x1D407, []rune{0x0048}},
	{0x1D408, []rune{0x0049}},
	{0x1D409, []rune{0x004A}},
	{0x1D40A, []rune{0x004B}},
	{0x1D40B, []rune{0x004C}},
	{0x1D40C, []rune{0x004D}},
	{0x1D40D, []rune{0x004E}},
	{0x1D40E, []rune{0x004F}},
	{0x1D40F, []rune{0x0050}},
	{0x1D410, []rune{0x0051}},
	{0x1D411, []rune{0x0052}},
	{0x1D412, []rune{0x0053}},
	{0x1D413, []rune{0x0054}},
	{0x1D414, []rune{0x0055}},
	{0x1D415, []rune{0x0056}},
	{0x1D416, []rune{0x0057}},
	{0x1D417, []rune{0x0058}},
	{0x1D418, []rune{0x0059}},
	{0x1D419, []rune{0x005A}},
	{0x1D41A, []rune{0x0061}},
	{0x1D41B, []rune{0x0062}},
	{0x1D41C, []rune{0x0063}},
	{0x1D41D, []rune{0x0064}},
	{0x1D41E, []rune{0x0065}},
	{0x1D41F, []rune{0x0066}},
	{0x1D420, []rune{0x0067}},
	{0x1D421, []rune{0x0068}},
	{0x1D422, []rune{0x0069}},
	{0x1D423, []rune{0x006A}},
	{0x1D424, []rune{0x006B}},
	{0x1D425, []rune{0x006C}},
	{0x1D426, []rune{0x006D}},
	{0x1D427, []rune{0x006E}},
	{0x1D428, []rune{0x006F}},
	{0x1D429, []rune{0x0070}},
	{0x1D42A, []rune{0x0071}},
	{0x1D42B, []rune{0x0072}},
	{0x1D42C, []rune{0x0073}},
	{0x1D42D, []rune{0x0074}},
	{0x1D42E, []rune{0x0075}},
	{0x1D42F, []rune{0x0076}},
	{0x1D430, []rune{0x0077}},
	{0x1D431, []rune{0x0078}},
	{0x1D432, []rune{0x0079}},
	{0x1D433, []rune{0x007A}},
	{0x1D434, []rune{0x0041}},
	{0x1D435, []rune{0x0042}},
	{0x1D436, []rune{0x0043}},
	{0x1D437, []rune{0x0044}},
	{0x1D438, []rune{0x0045}},
	{0x1D439, []rune{0x0046}},
	{0x1D43A, []rune{0x0047}},
	{0x1D43B, []rune{0x0048}},
	{0x1D43C, []rune{0x0049}},
	{0x1D43D, []rune{0x004A}},
	{0x1D43E, []rune{0x004B}},
	{0x1D43F, []rune{0x004C}},
	{0x1D440, []rune{0x004D}},
	{0x1D441, []rune{0x004E}},
	{0x1D442, []rune{0x004F}},
	{0x1D443, []rune{0x0050}},
	{0x1D444, []rune{0x0051}},
	{0x1D445, []rune{0x0052}},
	{0x1D446, []rune{0x0053}},
	{0x1D447, []rune{0x0054}},
	{0x1D448, []rune{0x0055}},
	{0x1D449, []rune{0x0056}},
	{0x1D44A, []rune{0x0057}},
	{0x1D44B, []rune{0x0058}},
	{0x1D44C, []rune{0x0059}},
	{0x1D44D, []rune{0x005A}},
	{0x1D44E, []rune{0x0061}},
	{0x1D44F, []rune{0x0062}},
	{0x1D450, []rune{0x0063}},
	{0x1D451, []rune{0x0064}},
	{0x1D452, []rune{0x0065}},
	{0x1D453, []rune{0x0066}},
	{0x1D454, []rune{0x0067}},
	{0x1D456, []rune{0x0069}},
	{0x1D457, []rune{0x006A}},
	{0x1D458, []rune{0x006B}},
	{0x1D459, []rune{0x006C}},
	{0x1D45A, []rune{0x006D}},
	{0x1D45B, []rune{0x006E}},
	{0x1D45C, []rune{0x006F}},
	{0x1D45D, []rune{0x0070}},
	{0x1D45E, []rune{0x0071}},
	{0x1D45F, []rune{0x0072}},
	{0x1D460, []rune{0x0073}},
	{0x1D461, []rune{0x0074}},
	{0x1D462, []rune{0x0075}},
	{0x1D463, []rune{0x0076}},
	{0x1D464, []rune{0x0077}},
	{0x1D465, []rune{0x0078}},
	{0x1D466, []rune{0x0079}},
	{0x1D467, []rune{0x007A}},
	{0x1D468, []rune{0x0041}},
	{0x1D469, []rune{0x0042}},
	{0x1D46A, []rune{0x0043}},
	{0x1D46B, []rune{0x0044}},
	{0x1D46C, []rune{0x0045}},
	{0x1D46D, []rune{0x0046}},
	{0x1D46E, []rune{0x0047}},
	{0x1D46F, []rune{0x0048}},
	{0x1D470, []rune{0x0049}},
	{0x1D471, []rune{0x004A}},
	{0x1D472, []rune{0x004B}},
	{0x1D473, []rune{0x004C}},
	{0x1D474, []rune{0x004D}},
	{0x1D475, []rune{0x004E}},
	{0x1D476, []rune{0x004F}},
	{0x1D477, []rune{0x0050}},
	{0x1D478, []rune{0x0051}},
	{0x1D479, []rune{0x0052}},
	{0x1D47A, []rune{0x0053}},
	{0x1D47B, []rune{0x0054}},
	{0x1D47C, []rune{0x0055}},
	{0x1D47D, []rune{0x0056}},
	{0x1D47E, []rune{0x0057}},
	{0x1D47F, []rune{0x0058}},
	{0x1D480, []rune{0x0059}},
	{0x1D481, []rune{0x005A}},
	{0x1D482, []rune{0x0061}},
	{0x1D483, []rune{0x0062}},
	{0x1D484, []rune{0x0063}},
	{0x1D485, []rune{0x0064}},
	{0x1D486, []rune{0x0065}},
	{0x1D487, []rune{0x0066}},
	{0x1D488, []rune{0x0067}},
	{0x1D489, []rune{0x0068}},
	{0x1D48A, []rune{0x0069}},
	{0x1D48B, []rune{0x006A}},
	{0x1D48C, []rune{0x006B}},
	{0x1D48D, []rune{0x006C}},
	{0x1D48E, []rune{0x006D}},
	{0x1D48F, []rune{0x006E}},
	{0x1D490, []rune{0x006F}},
	{0x1D491, []rune{0x0070}},
	{0x1D492, []rune{0x0071}},
	{0x1D493, []rune{0x0072}},
	{0x1D494, []rune{0x0073}},
	{0x1D495, []rune{0x0074}},
	{0x1D496, []rune{0x0075}},
	{0x1D497, []rune{0x0076}},
	{0x1D498, []rune{0x0077}},
	{0x1D499, []rune{0x0078}},
	{0x1D49A, []rune{0x0079}},
	{0x1D49B, []rune{0x007A}},
	{0x1D49C, []rune{0x0041}},
	{0x1D49E, []rune{0x0043}},
	{0x1D49F, []rune{0x0044}},
	{0x1D4A2, []rune{0x0047}},
	{0x1D4A5, []rune{0x004A}},
	{0x1D4A6, []rune{0x004B}},
	{0x1D4A9, []rune{0x004E}},
	{0x1D4AA, []rune{0x004F}},
	{0x1D4AB, []rune{0x0050}},
	{0x1D4AC, []rune{0x0051}},
	{0x1D4AE, []rune{0x0053}},
	{0x1D4AF, []rune{0x0054}},
	{0x1D4B0, []rune{0x0055}},
	{0x1D4B1, []rune{0x0056}},
	{0x1D4B2, []rune{0x0057}},
	{0x1D4B3, []rune{0x0058}},
	{0x1D4B4, []rune{0x0059}},
	{0x1D4B5, []rune{0x005A}},
	{0x1D4B6, []rune{0x0061}},
	{0x1D4B7, []rune{0x0062}},
	{0x1D4B8, []rune{0x0063}},
	{0x1D4B9, []rune{0x0064}},
	{0x1D4BB, []rune{0x0066}},
	{0x1D4BD, []rune{0x0068}},
	{0x1D4BE, []rune{0x0069}},
	{0x1D4BF, []rune{0x006A}},
	{0x1D4C0, []rune{0x006B}},
	{0x1D4C1, []rune{0x006C}},
	{0x1D4C2, []rune{0x006D}},
	{0x1D4C3, []rune{0x006E}},
	{0x1D4C5, []rune{0x0070}},
	{0x1D4C6, []rune{0x0071}},
	{0x1D4C7, []rune{0x0072}},
	{0x1D4C8, []rune{0x0073}},
	{0x1D4C9, []rune{0x0074}},
	{0x1D4CA, []rune{0x0075}},
	{0x1D4CB, []rune{0x0076}},
	{0x1D4CC, []rune{0x0077}},
	{0x1D4CD, []rune{0x0078}},
	{0x1D4CE, []rune{0x0079}},
	{0x1D4CF, []rune{0x007A}},
	{0x1D4D0, []rune{0x0041}},
	{0x1D4D1, []rune{0x0042}},
	{0x1D4D2, []rune{0x0043}},
	{0x1D4D3, []rune{0x0044}},
	{0x1D4D4, []rune{0x0045}},
	{0x1D4D5, []rune{0x0046}},
	{0x1D4D6, []rune{0x0047}},
	{0x1D4D7, []rune{0x0048}},
	{0x1D4D8, []rune{0x0049}},
	{0x1D4D9, []rune{0x004A}},
	{0x1D4DA, []rune{0x004B}},
	{0x1D4DB, []rune{0x004C}},
	{0x1D4DC, []rune{0x004D}},
	{0x1D4DD, []rune{0x004E}},
	{0x1D4DE, []rune{0x004F}},
	{0x1D4DF, []rune{0x0050}},
	{0x1D4E0, []rune{0x0051}},
	{0x1D4E1, []rune{0x0052}},
	{0x1D4E2, []rune{0x0053}},
	{0x1D4E3, []rune{0x0054}},
	{0x1D4E4, []rune{0x0055}},
	{0x1D4E5, []rune{0x0056}},
	{0x1D4E6, []rune{0x0057}},
	{0x1D4E7, []rune{0x0058}},
	{0x1D4E8, []rune{0x0059}},
	{0x1D4E9, []rune{0x005A}},
	{0x1D4EA, []rune{0x0061}},
	{0x1D4EB, []rune{0x0062}},
	{0x1D4EC, []rune{0x0063}},
	{0x1D4ED, []rune{0x0064}},
	{0x1D4EE, []rune{0x0065}},
	{0x1D4EF, []rune{0x0066}},
	{0x1D4F0, []rune{0x0067}},
	{0x1D4F1, []rune{0x0068}},
	{0x1D4F2, []rune{0x0069}},
	{0x1D4F3, []rune{0x006A}},
	{0x1D4F4, []rune{0x006B}},
	{0x1D4F5, []rune{0x006C}},
	{0x1D4F6, []rune{0x006D}},
	{0x1D4F7, []rune{0x006E}},
	{0x1D4F8, []rune{0x006F}},
	{0x1D4F9, []rune{0x0070}},
	{0x1D4FA, []rune{0x0071}},
	{0x1D4FB, []rune{0x0072}},
	{0x1D4FC, []rune{0x0073}},
	{0x1D4FD, []rune{0x0074}},
	{0x1D4FE, []rune{0x0075}},
	{0x1D4FF, []rune{0x0076}},
	{0x1D500, []rune{0x0077}},
	{0x1D501, []rune{0x0078}},
	{0x1D502, []rune{0x0079}},
	{0x1D503, []rune{0x007A}},
	{0x1D504, []rune{0x0041}},
	{0x1D505, []rune{0x0042}},
	{0x1D507, []rune{0x0044}},
	{0x1D508, []rune{0x0045}},
	{0x1D509, []rune{0x0046}},
	{0x1D50A, []rune{0x0047}},
	{0x1D50D, []rune{0x004A}},
	{0x1D50E, []rune{0x004B}},
	{0x1D50F, []rune{0x004C}},
	{0x1D510, []rune{0x004D}},
	{0x1D511, []rune{0x004E}},
	{0x1D512, []rune{0x004F}},
	{0x1D513, []rune{0x0050}},
	{0x1D514, []rune{0x0051}},
	{0x1D516, []rune{0x0053}},
	{0x1D517, []rune{0x0054}},
	{0x1D518, []rune{0x0055}},
	{0x1D519, []rune{0x0056}},
	{0x1D51A, []rune{0x0057}},
	{0x1D51B, []rune{0x0058}},
	{0x1D51C, []rune{0x0059}},
	{0x1D51E, []rune{0x0061}},
	{0x1D51F, []rune{0x0062}},
	{0x1D520, []rune{0x0063}},
	{0x1D521, []rune{0x0064}},
	{0x1D522, []rune{0x0065}},
	{0x1D523, []rune{0x0066}},
	{0x1D524, []rune{0x0067}},
	{0x1D525, []rune{0x0068}},
	{0x1D526, []rune{0x0069}},
	{0x1D527, []rune{0x006A}},
	{0x1D528, []rune{0x006B}},
	{0x1D529, []rune{0x006C}},
	{0x1D52A, []rune{0x006D}},
	{0x1D52B, []rune{0x006E}},
	{0x1D52C, []rune{0x006F}},
	{0x1D52D, []rune{0x0070}},
	{0x1D52E, []rune{0x0071}},
	{0x1D52F, []rune{0x0072}},
	{0x1D530, []rune{0x0073}},
	{0x1D531, []rune{0x0074}},
	{0x1D532, []rune{0x0075}},
	{0x1D533, []rune{0x0076}},
	{0x1D534, []rune{0x0077}},
	{0x1D535, []rune{0x0078}},
	{0x1D536, []rune{0x0079}},
	{0x1D537, []rune{0x007A}},
	{0x1D538, []rune{0x0041}},
	{0x1D539, []rune{0x0042}},
	{0x1D53B, []rune{0x0044}},
	{0x1D53C, []rune{0x0045}},
	{0x1D53D, []rune{0x0046}},
	{0x1D53E, []rune{0x0047}},
	{0x1D540, []rune{0x0049}},
	{0x1D541, []rune{0x004A}},
	{0x1D542, []rune{0x004B}},
	{0x1D543, []rune{0x004C}},
	{0x1D544, []rune{0x004D}},
	{0x1D546, []rune{0x004F}},
	{0x1D54A, []rune{0x0053}},
	{0x1D54B, []rune{0x0054}},
	{0x1D54C, []rune{0x0055}},
	{0x1D54D, []rune{0x0056}},
	{0x1D54E, []rune{0x0057}},
	{0x1D54F, []rune{0x0058}},
	{0x1D550, []rune{0x0059}},
	{0x1D552, []rune{0x0061}},
	{0x1D553, []rune{0x0062}},
	{0x1D554, []rune{0x0063}},
	{0x1D555, []rune{0x0064}},
	{0x1D556, []rune{0x0065}},
	{0x1D557, []rune{0x0066}},
	{0x1D558, []rune{0x0067}},
	{0x1D559, []rune{0x0068}},
	{0x1D55A, []rune{0x0069}},
	{0x1D55B, []rune{0x006A}},
	{0x1D55C, []rune{0x006B}},
	{0x1D55D, []rune{0x006C}},
	{0x1D55E, []rune{0x006D}},
	{0x1D55F, []rune{0x006E}},
	{0x1D560, []rune{0x006F}},
	{0x1D561, []rune{0x0070}},
	{0x1D562, []rune{0x0071}},
	{0x1D563, []rune{0x0072}},
	{0x1D564, []rune{0x0073}},
	{0x1D565, []rune{0x0074}},
	{0x1D566, []rune{0x0075}},
	{0x1D567, []rune{0x0076}},
	{0x1D568, []rune{0x0077}},
	{0x1D569, []rune{0x0078}},
	{0x1D56A, []rune{0x0079}},
	{0x1D56B, []rune{0x007A}},
	{0x1D56C, []rune{0x0041}},
	{0x1D56D, []rune{0x0042}},
	{0x1D56E, []rune{0x0043}},
	{0x1D56F, []rune{0x0044}},
	{0x1D570, []rune{0x0045}},
	{0x1D571, []rune{0x0046}},
	{0x1D572, []rune{0x0047}},
	{0x1D573, []rune{0x0048}},
	{0x1D574, []rune{0x0049}},
	{0x1D575, []rune{0x004A}},
	{0x1D576, []rune{0x004B}},
	{0x1D577, []rune{0x004C}},
	{0x1D578, []rune{0x004D}},
	{0x1D579, []rune{0x004E}},
	{0x1D57A, []rune{0x004F}},
	{0x1D57B, []rune{0x0050}},
	{0x1D57C, []rune{0x0051}},
	{0x1D57D, []rune{0x0052}},
	{0x1D57E, []rune{0x0053}},
	{0x1D57F, []rune{0x0054}},
	{0x1D580, []rune{0x0055}},
	{0x1D581, []rune{0x0056}},
	{0x1D582, []rune{0x0057}},
	{0x1D583, []rune{0x0058}},
	{0x1D584, []rune{0x0059}},
	{0x1D585, []rune{0x005A}},
	{0x1D586, []rune{0x0061}},
	{0x1D587, []rune{0x0062}},
	{0x1D588, []rune{0x0063}},
	{0x1D589, []rune{0x0064}},
	{0x1D58A, []rune{0x0065}},
	{0x1D58B, []rune{0x0066}},
	{0x1D58C, []rune{0x0067}},
	{0x1D58D, []rune{0x0068}},
	{0x1D58E, []rune{0x0069}},
	{0x1D58F, []rune{0x006A}},
	{0x1D590, []rune{0x006B}},
	{0x1D591, []rune{0x006C}},
	{0x1D592, []rune{0x006D}},
	{0x1D593, []rune{0x006E}},
	{0x1D594, []rune{0x006F}},
	{0x1D595, []rune{0x0070}},
	{0x1D596, []rune{0x0071}},
	{0x1D597, []rune{0x0072}},
	{0x1D598, []rune{0x0073}},
	{0x1D599, []rune{0x0074}},
	{0x1D59A, []rune{0x0075}},
	{0x1D59B, []rune{0x0076}},
	{0x1D59C, []rune{0x0077}},
	{0x1D59D, []rune{0x0078}},
	{0x1D59E, []rune{0x0079}},
	{0x1D59F, []rune{0x007A}},
	{0x1D5A0, []rune{0x0041}},
	{0x1D5A1, []rune{0x0042}},
	{0x1D5A2, []rune{0x0043}},
	{0x1D5A3, []rune{0x0044}},
	{0x1D5A4, []rune{0x0045}},
	{0x1D5A5, []rune{0x0046}},
	{0x1D5A6, []rune{0x0047}},
	{0x1D5A7, []rune{0x0048}},
	{0x1D5A8, []rune{0x0049}},
	{0x1D5A9, []rune{0x004A}},
	{0x1D5AA, []rune{0x004B}},
	{0x1D5AB, []rune{0x004C}},
	{0x1D5AC, []rune{0x004D}},
	{0x1D5AD, []rune{0x004E}},
	{0x1D5AE, []rune{0x004F}},
	{0x1D5AF, []rune{0x0050}},
	{0x1D5B0, []rune{0x0051}},
	{0x1D5B1, []rune{0x0052}},
	{0x1D5B2, []rune{0x0053}},
	{0x1D5B3, []rune{0x0054}},
	{0x1D5B4, []rune{0x0055}},
	{0x1D5B5, []rune{0x0056}},
	{0x1D5B6, []rune{0x0057}},
	{0x1D5B7, []rune{0x0058}},
	{0x1D5B8, []rune{0x0059}},
	{0x1D5B9, []rune{0x005A}},
	{0x1D5BA, []rune{0x0061}},
	{0x1D5BB, []rune{0x0062}},
	{0x1D5BC, []rune{0x0063}},
	{0x1D5BD, []rune{0x0064}},
	{0x1D5BE, []rune{0x0065}},
	{0x1D5BF, []rune{0x0066}},
	{0x1D5C0, []rune{0x0067}},
	{0x1D5C1, []rune{0x0068}},
	{0x1D5C2, []rune{0x0069}},
	{0x1D5C3, []rune{0x006A}},
	{0x1D5C4, []rune{0x006B}},
	{0x1D5C5, []rune{0x006C}},
	{0x1D5C6, []rune{0x006D}},
	{0x1D5C7, []rune{0x006E}},
	{0x1D5C8, []rune{0x006F}},
	{0x1D5C9, []rune{0x0070}},
	{0x1D5CA, []rune{0x0071}},
	{0x1D5CB, []rune{0x0072}},
	{0x1D5CC, []rune{0x0073}},
	{0x1D5CD, []rune{0x0074}},
	{0x1D5CE, []rune{0x0075}},
	{0x1D5CF, []rune{0x0076}},
	{0x1D5D0, []rune{0x0077}},
	{0x1D5D1, []rune{0x0078}},
	{0x1D5D2, []rune{0x0079}},
	{0x1D5D3, []rune{0x007A}},
	{0x1D5D4, []rune{0x0041}},
	{0x1D5D5, []rune{0x0042}},
	{0x1D5D6, []rune{0x0043}},
	{0x1D5D7, []rune{0x0044}},
	{0x1D5D8, []rune{0x0045}},
	{0x1D5D9, []rune{0x0046}},
	{0x1D5DA, []rune{0x0047}},
	{0x1D5DB, []rune{0x0048}},
	{0x1D5DC, []rune{0x0049}},
	{0x1D5DD, []rune{0x004A}},
	{0x1D5DE, []rune{0x004B}},
	{0x1D5DF, []rune{0x004C}},
	{0x1D5E0, []rune{0x004D}},
	{0x1D5E1, []rune{0x004E}},
	{0x1D5E2, []rune{0x004F}},
	{0x1D5E3, []rune{0x0050}},
	{0x1D5E4, []rune{0x0051}},
	{0x1D5E5, []rune{0x0052}},
	{0x1D5E6, []rune{0x0053}},
	{0x1D5E7, []rune{0x0054}},
	{0x1D5E8, []rune{0x0055}},
	{0x1D5E9, []rune{0x0056}},
	{0x1D5EA, []rune{0x0057}},
	{0x1D5EB, []rune{0x0058}},
	{0x1D5EC, []rune{0x0059}},
	{0x1D5ED, []rune{0x005A}},
	{0x1D5EE, []rune{0x0061}},
	{0x1D5EF, []rune{0x0062}},
	{0x1D5F0, []rune{0x0063}},
	{0x1D5F1, []rune{0x0064}},
	{0x1D5F2, []rune{0x0065}},
	{0x1D5F3, []rune{0x0066}},
	{0x1D5F4, []rune{0x0067}},
	{0x1D5F5, []rune{0x0068}},
	{0x1D5F6, []rune{0x0069}},
	{0x1D5F7, []rune{0x006A}},
	{0x1D5F8, []rune{0x006B}},
	{0x1D5F9, []rune{0x006C}},
	{0x1D5FA, []rune{0x006D}},
	{0x1D5FB, []rune{0x006E}},
	{0x1D5FC, []rune{0x006F}},
	{0x1D5FD, []rune{0x0070}},
	{0x1D5FE, []rune{0x0071}},
	{0x1D5FF, []rune{0x0072}},
	{0x1D600, []rune{0x0073}},
	{0x1D601, []rune{0x0074}},
	{0x1D602, []rune{0x0075}},
	{0x1D603, []rune{0x0076}},
	{0x1D604, []rune{0x0077}},
	{0x1D605, []rune{0x0078}},
	{0x1D606, []rune{0x0079}},
	{0x1D607, []rune{0x007A}},
	{0x1D608, []rune{0x0041}},
	{0x1D609, []rune{0x0042}},
	{0x1D60A, []rune{0x0043}},
	{0x1D60B, []rune{0x0044}},
	{0x1D60C, []rune{0x0045}},
	{0x1D60D, []rune{0x0046}},
	{0x1D60E, []rune{0x0047}},
	{0x1D60F, []rune{0x0048}},
	{0x1D610, []rune{0x0049}},
	{0x1D611, []rune{0x004A}},
	{0x1D612, []rune{0x004B}},
	{0x1D613, []rune{0x004C}},
	{0x1D614, []rune{0x004D}},
	{0x1D615, []rune{0x004E}},
	{0x1D616, []rune{0x004F}},
	{0x1D617, []rune{0x0050}},
	{0x1D618, []rune{0x0051}},
	{0x1D619, []rune{0x0052}},
	{0x1D61A, []rune{0x0053}},
	{0x1D61B, []rune{0x0054}},
	{0x1D61C, []rune{0x0055}},
	{0x1D61D, []rune{0x0056}},
	{0x1D61E, []rune{0x0057}},
	{0x1D61F, []rune{0x0058}},
	{0x1D620, []rune{0x0059}},
	{0x1D621, []rune{0x005A}},
	{0x1D622, []rune{0x0061}},
	{0x1D623, []rune{0x0062}},
	{0x1D624, []rune{0x0063}},
	{0x1D625, []rune{0x0064}},
	{0x1D626, []rune{0x0065}},
	{0x1D627, []rune{0x0066}},
	{0x1D628, []rune{0x0067}},
	{0x1D629, []rune{0x0068}},
	{0x1D62A, []rune{0x0069}},
	{0x1D62B, []rune{0x006A}},
	{0x1D62C, []rune{0x006B}},
	{0x1D62D, []rune{0x006C}},
	{0x1D62E, []rune{0x006D}},
	{0x1D62F, []rune{0x006E}},
	{0x1D630, []rune{0x006F}},
	{0x1D631, []rune{0x0070}},
	{0x1D632, []rune{0x0071}},
	{0x1D633, []rune{0x0072}},
	{0x1D634, []rune{0x0073}},
	{0x1D635, []rune{0x0074}},
	{0x1D636, []rune{0x0075}},
	{0x1D637, []rune{0x0076}},
	{0x1D638, []rune{0x0077}},
	{0x1D639, []rune{0x0078}},
	{0x1D63A, []rune{0x0079}},
	{0x1D63B, []rune{0x007A}},
	{0x1D63C, []rune{0x0041}},
	{0x1D63D, []rune{0x0042}},
	{0x1D63E, []rune{0x0043}},
	{0x1D63F, []rune{0x0044}},
	{0x1D640, []rune{0x0045}},
	{0x1D641, []rune{0x0046}},
	{0x1D642, []rune{0x0047}},
	{0x1D643, []rune{0x0048}},
	{0x1D644, []rune{0x0049}},
	{0x1D645, []rune{0x004A}},
	{0x1D646, []rune{0x004B}},
	{0x1D647, []rune{0x004C}},
	{0x1D648, []rune{0x004D}},
	{0x1D649, []rune{0x004E}},
	{0x1D64A, []rune{0x004F}},
	{0x1D64B, []rune{0x0050}},
	{0x1D64C, []rune{0x0051}},
	{0x1D64D, []rune{0x0052}},
	{0x1D64E, []rune{0x0053}},
	{0x1D64F, []rune{0x0054}},
	{0x1D650, []rune{0x0055}},
	{0x1D651, []rune{0x0056}},
	{0x1D652, []rune{0x0057}},
	{0x1D653, []rune{0x0058}},
	{0x1D654, []rune{0x0059}},
	{0x1D655, []rune{0x005A}},
	{0x1D656, []rune{0x0061}},
	{0x1D657, []rune{0x0062}},
	{0x1D658, []rune{0x0063}},
	{0x1D659, []rune{0x0064}},
	{0x1D65A, []rune{0x0065}},
	{0x1D65B, []rune{0x0066}},
	{0x1D65C, []rune{0x0067}},
	{0x1D65D, []rune{0x0068}},
	{0x1D65E, []rune{0x0069}},
	{0x1D65F, []rune{0x006A}},
	{0x1D660, []rune{0x006B}},
	{0x1D661, []rune{0x006C}},
	{0x1D662, []rune{0x006D}},
	{0x1D663, []rune{0x006E}},
	{0x1D664, []rune{0x006F}},
	{0x1D665, []rune{0x0070}},
	{0x1D666, []rune{0x0071}},
	{0x1D667, []rune{0x0072}},
	{0x1D668, []rune{0x0073}},
	{0x1D669, []rune{0x0074}},
	{0x1D66A, []rune{0x0075}},
	{0x1D66B, []rune{0x0076}},
	{0x1D66C, []rune{0x0077}},
	{0x1D66D, []rune{0x0078}},
	{0x1D66E, []rune{0x0079}},
	{0x1D66F, []rune{0x007A}},
	{0x1D670, []rune{0x0041}},
	{0x1D671, []rune{0x0042}},
	{0x1D672, []rune{0x0043}},
	{0x1D673, []rune{0x0044}},
	{0x1D674, []rune{0x0045}},
	{0x1D675, []rune{0x0046}},
	{0x1D676, []rune{0x0047}},
	{0x1D677, []rune{0x0048}},
	{0x1D678, []rune{0x0049}},
	{0x1D679, []rune{0x004A}},
	{0x1D67A, []rune{0x004B}},
	{0x1D67B, []rune{0x004C}},
	{0x1D67C, []rune{0x004D}},
	{0x1D67D, []rune{0x004E}},
	{0x1D67E, []rune{0x004F}},
	{0x1D67F, []rune{0x0050}},
	{0x1D680, []rune{0x0051}},
	{0x1D681, []rune{0x0052}},
	{0x1D682, []rune{0x0053}},
	{0x1D683, []rune{0x0054}},
	{0x1D684, []rune{0x0055}},
	{0x1D685, []rune{0x0056}},
	{0x1D686, []rune{0x0057}},
	{0x1D687, []rune{0x0058}},
	{0x1D688, []rune{0x0059}},
	{0x1D689, []rune{0x005A}},
	{0x1D68A, []rune{0x0061}},
	{0x1D68B, []rune{0x0062}},
	{0x1D68C, []rune{0x0063}},
	{0x1D68D, []rune{0x0064}},
	{0x1D68E, []rune{0x0065}},
	{0x1D68F, []rune{0x0066}},
	{0x1D690, []rune{0x0067}},
	{0x1D691, []rune{0x0068}},
	{0x1D692, []rune{0x0069}},
	{0x1D693, []rune{0x006A}},
	{0x1D694, []rune{0x006B}},
	{0x1D695, []rune{0x006C}},
	{0x1D696, []rune{0x006D}},
	{0x1D697, []rune{0x006E}},
	{0x1D698, []rune{0x006F}},
	{0x1D699, []rune{0x0070}},
	{0x1D69A, []rune{0x0071}},
	{0x1D69B, []rune{0x0072}},
	{0x1D69C, []rune{0x0073}},
	{0x1D69D, []rune{0x0074}},
	{0x1D69E, []rune{0x0075}},
	{0x1D69F, []rune{0x0076}},
	{0x1D6A0, []rune{0x0077}},
	{0x1D6A1, []rune{0x0078}},
	{0x1D6A2, []rune{0x0079}},
	{0x1D6A3, []rune{0x007A}},
	{0x1D6A4, []rune{0x0131}},
	{0x1D6A5, []rune{0x0237}},
	{0x1D6A6, []rune{0x1DF95}},
	{0x1D6A8, []rune{0x0391}},
	{0x1D6A9, []rune{0x0392}},
	{0x1D6AA, []rune{0x0393}},
	{0x1D6AB, []rune{0x0394}},
	{0x1D6AC, []rune{0x0395}},
	{0x1D6AD, []rune{0x0396}},
	{0x1D6AE, []rune{0x0397}},
	{0x1D6AF, []rune{0x0398}},
	{0x1D6B0, []rune{0x0399}},
	{0x1D6B1, []rune{0x039A}},
	{0x1D6B2, []rune{0x039B}},
	{0x1D6B3, []rune{0x039C}},
	{0x1D6B4, []rune{0x039D}},
	{0x1D6B5, []rune{0x039E}},
	{0x1D6B6, []rune{0x039F}},
	{0x1D6B7, []rune{0x03A0}},
	{0x1D6B8, []rune{0x03A1}},
	{0x1D6B9, []rune{0x03F4}},
	{0x1D6BA, []rune{0x03A3}},
	{0x1D6BB, []rune{0x03A4}},
	{0x1D6BC, []rune{0x03A5}},
	{0x1D6BD, []rune{0x03A6}},
	{0x1D6BE, []rune{0x03A7}},
	{0x1D6BF, []rune{0x03A8}},
	{0x1D6C0, []rune{0x03A9}},
	{0x1D6C1, []rune{0x2207}},
	{0x1D6C2, []rune{0x03B1}},
	{0x1D6C3, []rune{0x03B2}},
	{0x1D6C4, []rune{0x03B3}},
	{0x1D6C5, []rune{0x03B4}},
	{0x1D6C6, []rune{0x03B5}},
	{0x1D6C7, []rune{0x03B6}},
	{0x1D6C8, []rune{0x03B7}},
	{0x1D6C9, []rune{0x03B8}},
	{0x1D6CA, []rune{0x03B9}},
	{0x1D6CB, []rune{0x03BA}},
	{0x1D6CC, []rune{0x03BB}},
	{0x1D6CD, []rune{0x03BC}},
	{0x1D6CE, []rune{0x03BD}},
	{0x1D6CF, []rune{0x03BE}},
	{0x1D6D0, []rune{0x03BF}},
	{0x1D6D1, []rune{0x03C0}},
	{0x1D6D2, []rune{0x03C1}},
	{0x1D6D3, []rune{0x03C2}},
	{0x1D6D4, []rune{0x03C3}},
	{0x1D6D5, []rune{0x03C4}},
	{0x1D6D6, []rune{0x03C5}},
	{0x1D6D7, []rune{0x03C6}},
	{0x1D6D8, []rune{0x03C7}},
	{0x1D6D9, []rune{0x03C8}},
	{0x1D6DA, []rune{0x03C9}},
	{0x1D6DB, []rune{0x2202}},
	{0x1D6DC, []rune{0x03F5}},
	{0x1D6DD, []rune{0x03D1}},
	{0x1D6DE, []rune{0x03F0}},
	{0x1D6DF, []rune{0x03D5}},
	{0x1D6E0, []rune{0x03F1}},
	{0x1D6E1, []rune{0x03D6}},
	{0x1D6E2, []rune{0x0391}},
	{0x1D6E3, []rune{0x0392}},
	{0x1D6E4, []rune{0x0393}},
	{0x1D6E5, []rune{0x0394}},
	{0x1D6E6, []rune{0x0395}},
	{0x1D6E7, []rune{0x0396}},
	{0x1D6E8, []rune{0x0397}},
	{0x1D6E9, []rune{0x0398}},
	{0x1D6EA, []rune{0x0399}},
	{0x1D6EB, []rune{0x039A}},
	{0x1D6EC, []rune{0x039B}},
	{0x1D6ED, []rune{0x039C}},
	{0x1D6EE, []rune{0x039D}},
	{0x1D6EF, []rune{0x039E}},
	{0x1D6F0, []rune{0x039F}},
	{0x1D6F1, []rune{0x03A0}},
	{0x1D6F2, []rune{0x03A1}},
	{0x1D6F3, []rune{0x03F4}},
	{0x1D6F4, []rune{0x03A3}},
	{0x1D6F5, []rune{0x03A4}},
	{0x1D6F6, []rune{0x03A5}},
	{0x1D6F7, []rune{0x03A6}},
	{0x1D6F8, []rune{0x03A7}},
	{0x1D6F9, []rune{0x03A8}},
	{0x1D6FA, []rune{0x03A9}},
	{0x1D6FB, []rune{0x2207}},
	{0x1D6FC, []rune{0x03B1}},
	{0x1D6FD, []rune{0x03B2}},
	{0x1D6FE, []rune{0x03B3}},
	{0x1D6FF, []rune{0x03B4}},
	{0x1D700, []rune{0x03B5}},
	{0x1D701, []rune{0x03B6}},
	{0x1D702, []rune{0x03B7}},
	{0x1D703, []rune{0x03B8}},
	{0x1D704, []rune{0x03B9}},
	{0x1D705, []rune{0x03BA}},
	{0x1D706, []rune{0x03BB}},
	{0x1D707, []rune{0x03BC}},
	{0x1D708, []rune{0x03BD}},
	{0x1D709, []rune{0x03BE}},
	{0x1D70A, []rune{0x03BF}},
	{0x1D70B, []rune{0x03C0}},
	{0x1D70C, []rune{0x03C1}},
	{0x1D70D, []rune{0x03C2}},
	{0x1D70E, []rune{0x03C3}},
	{0x1D70F, []rune{0x03C4}},
	{0x1D710, []rune{0x03C5}},
	{0x1D711, []rune{0x03C6}},
	{0x1D712, []rune{0x03C7}},
	{0x1D713, []rune{0x03C8}},
	{0x1D714, []rune{0x03C9}},
	{0x1D715, []rune{0x2202}},
	{0x1D716, []rune{0x03F5}},
	{0x1D717, []rune{0x03D1}},
	{0x1D718, []rune{0x03F0}},
	{0x1D719, []rune{0x03D5}},
	{0x1D71A, []rune{0x03F1}},
	{0x1D71B, []rune{0x03D6}},
	{0x1D71C, []rune{0x0391}},
	{0x1D71D, []rune{0x0392}},
	{0x1D71E, []rune{0x0393}},
	{0x1D71F, []rune{0x0394}},
	{0x1D720, []rune{0x0395}},
	{0x1D721, []rune{0x0396}},
	{0x1D722, []rune{0x0397}},
	{0x1D723, []rune{0x0398}},
	{0x1D724, []rune{0x0399}},
	{0x1D725, []rune{0x039A}},
	{0x1D726, []rune{0x039B}},
	{0x1D727, []rune{0x039C}},
	{0x1D728, []rune{0x039D}},
	{0x1D729, []rune{0x039E}},
	{0x1D72A, []rune{0x039F}},
	{0x1D72B, []rune{0x03A0}},
	{0x1D72C, []rune{0x03A1}},
	{0x1D72D, []rune{0x03F4}},
	{0x1D72E, []rune{0x03A3}},
	{0x1D72F, []rune{0x03A4}},
	{0x1D730, []rune{0x03A5}},
	{0x1D731, []rune{0x03A6}},
	{0x1D732, []rune{0x03A7}},
	{0x1D733, []rune{0x03A8}},
	{0x1D734, []rune{0x03A9}},
	{0x1D735, []rune{0x2207}},
	{0x1D736, []rune{0x03B1}},
	{0x1D737, []rune{0x03B2}},
	{0x1D738, []rune{0x03B3}},
	{0x1D739, []rune{0x03B4}},
	{0x1D73A, []rune{0x03B5}},
	{0x1D73B, []rune{0x03B6}},
	{0x1D73C, []rune{0x03B7}},
	{0x1D73D, []rune{0x03B8}},
	{0x1D73E, []rune{0x03B9}},
	{0x1D73F, []rune{0x03BA}},
	{0x1D740, []rune{0x03BB}},
	{0x1D741, []rune{0x03BC}},
	{0x1D742, []rune{0x03BD}},
	{0x1D743, []rune{0x03BE}},
	{0x1D744, []rune{0x03BF}},
	{0x1D745, []rune{0x03C0}},
	{0x1D746, []rune{0x03C1}},
	{0x1D747, []rune{0x03C2}},
	{0x1D748, []rune{0x03C3}},
	{0x1D749, []rune{0x03C4}},
	{0x1D74A, []rune{0x03C5}},
	{0x1D74B, []rune{0x03C6}},
	{0x1D74C, []rune{0x03C7}},
	{0x1D74D, []rune{0x03C8}},
	{0x1D74E, []rune{0x03C9}},
	{0x1D74F, []rune{0x2202}},
	{0x1D750, []rune{0x03F5}},
	{0x1D751, []rune{0x03D1}},
	{0x1D752, []rune{0x03F0}},
	{0x1D753, []rune{0x03D5}},
	{0x1D754, []rune{0x03F1}},
	{0x1D755, []rune{0x03D6}},
	{0x1D756, []rune{0x0391}},
	{0x1D757, []rune{0x0392}},
	{0x1D758, []rune{0x0393}},
	{0x1D759, []rune{0x0394}},
	{0x1D75A, []rune{0x0395}},
	{0x1D75B, []rune{0x0396}},
	{0x1D75C, []rune{0x0397}},
	{0x1D75D, []rune{0x0398}},
	{0x1D75E, []rune{0x0399}},
	{0x1D75F, []rune{0x039A}},
	{0x1D760, []rune{0x039B}},
	{0x1D761, []rune{0x039C}},
	{0x1D762, []rune{0x039D}},
	{0x1D763, []rune{0x039E}},
	{0x1D764, []rune{0x039F}},
	{0x1D765, []rune{0x03A0}},
	{0x1D766, []rune{0x03A1}},
	{0x1D767, []rune{0x03F4}},
	{0x1D768, []rune{0x03A3}},
	{0x1D769, []rune{0x03A4}},
	{0x1D76A, []rune{0x03A5}},
	{0x1D76B, []rune{0x03A6}},
	{0x1D76C, []rune{0x03A7}},
	{0x1D76D, []rune{0x03A8}},
	{0x1D76E, []rune{0x03A9}},
	{0x1D76F, []rune{0x2207}},
	{0x1D770, []rune{0x03B1}},
	{0x1D771, []rune{0x03B2}},
	{0x1D772, []rune{0x03B3}},
	{0x1D773, []rune{0x03B4}},
	{0x1D774, []rune{0x03B5}},
	{0x1D775, []rune{0x03B6}},
	{0x1D776, []rune{0x03B7}},
	{0x1D777, []rune{0x03B8}},
	{0x1D778, []rune{0x03B9}},
	{0x1D779, []rune{0x03BA}},
	{0x1D77A, []rune{0x03BB}},
	{0x1D77B, []rune{0x03BC}},
	{0x1D77C, []rune{0x03BD}},
	{0x1D77D, []rune{0x03BE}},
	{0x1D77E, []rune{0x03BF}},
	{0x1D77F, []rune{0x03C0}},
	{0x1D780, []rune{0x03C1}},
	{0x1D781, []rune{0x03C2}},
	{0x1D782, []rune{0x03C3}},
	{0x1D783, []rune{0x03C4}},
	{0x1D784, []rune{0x03C5}},
	{0x1D785, []rune{0x03C6}},
	{0x1D786, []rune{0x03C7}},
	{0x1D787, []rune{0x03C8}},
	{0x1D788, []rune{0x03C9}},
	{0x1D789, []rune{0x2202}},
	{0x1D78A, []rune{0x03F5}},
	{0x1D78B, []rune{0x03D1}},
	{0x1D78C, []rune{0x03F0}},
	{0x1D78D, []rune{0x03D5}},
	{0x1D78E, []rune{0x03F1}},
	{0x1D78F, []rune{0x03D6}},
	{0x1D790, []rune{0x0391}},
	{0x1D791, []rune{0x0392}},
	{0x1D792, []rune{0x0393}},
	{0x1D793, []rune{0x0394}},
	{0x1D794, []rune{0x0395}},
	{0x1D795, []rune{0x0396}},
	{0x1D796, []rune{0x0397}},
	{0x1D797, []rune{0x0398}},
	{0x1D798, []rune{0x0399}},
	{0x1D799, []rune{0x039A}},
	{0x1D79A, []rune{0x039B}},
	{0x1D79B, []rune{0x039C}},
	{0x1D79C, []rune{0x039D}},
	{0x1D79D, []rune{0x039E}},
	{0x1D79E, []rune{0x039F}},
	{0x1D79F, []rune{0x03A0}},
	{0x1D7A0, []rune{0x03A1}},
	{0x1D7A1, []rune{0x03F4}},
	{0x1D7A2, []rune{0x03A3}},
	{0x1D7A3, []rune{0x03A4}},
	{0x1D7A4, []rune{0x03A5}},
	{0x1D7A5, []rune{0x03A6}},
	{0x1D7A6, []rune{0x03A7}},
	{0x1D7A7, []rune{0x03A8}},
	{0x1D7A8, []rune{0x03A9}},
	{0x1D7A9, []rune{0x2207}},
	{0x1D7AA, []rune{0x03B1}},
	{0x1D7AB, []rune{0x03B2}},
	{0x1D7AC, []rune{0x03B3}},
	{0x1D7AD, []rune{0x03B4}},
	{0x1D7AE, []rune{0x03B5}},
	{0x1D7AF, []rune{0x03B6}},
	{0x1D7B0, []rune{0x03B7}},
	{0x1D7B1, []rune{0x03B8}},
	{0x1D7B2, []rune{0x03B9}},
	{0x1D7B3, []rune{0x03BA}},
	{0x1D7B4, []rune{0x03BB}},
	{0x1D7B5, []rune{0x03BC}},
	{0x1D7B6, []rune{0x03BD}},
	{0x1D7B7, []rune{0x03BE}},
	{0x1D7B8, []rune{0x03BF}},
	{0x1D7B9, []rune{0x03C0}},
	{0x1D7BA, []rune{0x03C1}},
	{0x1D7BB, []rune{0x03C2}},
	{0x1D7BC, []rune{0x03C3}},
	{0x1D7BD, []rune{0x03C4}},
	{0x1D7BE, []rune{0x03C5}},
	{0x1D7BF, []rune{0x03C6}},
	{0x1D7C0, []rune{0x03C7}},
	{0x1D7C1, []rune{0x03C8}},
	{0x1D7C2, []rune{0x03C9}},
	{0x1D7C3, []rune{0x2202}},
	{0x1D7C4, []rune{0x03F5}},
	{0x1D7C5, []rune{0x03D1}},
	{0x1D7C6, []rune{0x03F0}},
	{0x1D7C7, []rune{0x03D5}},
	{0x1D7C8, []rune{0x03F1}},
	{0x1D7C9, []rune{0x03D6}},
	{0x1D7CA, []rune{0x03DC}},
	{0x1D7CB, []rune{0x03DD}},
	{0x1D7CE, []rune{0x0030}},
	{0x1D7CF, []rune{0x0031}},
	{0x1D7D0, []rune{0x0032}},
	{0x1D7D1, []rune{0x0033}},
	{0x1D7D2, []rune{0x0034}},
	{0x1D7D3, []rune{0x0035}},
	{0x1D7D4, []rune{0x0036}},
	{0x1D7D5, []rune{0x0037}},
	{0x1D7D6, []rune{0x0038}},
	{0x1D7D7, []rune{0x0039}},
	{0x1D7D8, []rune{0x0030}},
	{0x1D7D9, []rune{0x0031}},
	{0x1D7DA, []rune{0x0032}},
	{0x1D7DB, []rune{0x0033}},
	{0x1D7DC, []rune{0x0034}},
	{0x1D7DD, []rune{0x0035}},
	{0x1D7DE, []rune{0x0036}},
	{0x1D7DF, []rune{0x0037}},
	{0x1D7E0, []rune{0x0038}},
	{0x1D7E1, []rune{0x0039}},
	{0x1D7E2, []rune{0x0030}},
	{0x1D7E3, []rune{0x0031}},
	{0x1D7E4, []rune{0x0032}},
	{0x1D7E5, []rune{0x0033}},
	{0x1D7E6, []rune{0x0034}},
	{0x1D7E7, []rune{0x0035}},
	{0x1D7E8, []rune{0x0036}},
	{0x1D7E9, []rune{0x0037}},
	{0x1D7EA, []rune{0x0038}},
	{0x1D7EB, []rune{0x0039}},
	{0x1D7EC, []rune{0x0030}},
	{0x1D7ED, []rune{0x0031}},
	{0x1D7EE, []rune{0x0032}},
	{0x1D7EF, []rune{0x0033}},
	{0x1D7F0, []rune{0x0034}},
	{0x1D7F1, []rune{0x0035}},
	{0x1D7F2, []rune{0x0036}},
	{0x1D7F3, []rune{0x0037}},
	{0x1D7F4, []rune{0x0038}},
	{0x1D7F5, []rune{0x0039}},
	{0x1D7F6, []rune{0x0030}},
	{0x1D7F7, []rune{0x0031}},
	{0x1D7F8, []rune{0x0032}},
	{0x1D7F9, []rune{0x0033}},
	{0x1D7FA, []rune{0x0034}},
	{0x1D7FB, []rune{0x0035}},
	{0x1D7FC, []rune{0x0036}},
	{0x1D7FD, []rune{0x0037}},
	{0x1D7FE, []rune{0x0038}},
	{0x1D7FF, []rune{0x0039}},
	{0x1DF95, []rune{0x00DF}},
	{0x1DFCD, []rune{0x1DF57}},
	{0x1DFCE, []rune{0x1DF58}},
	{0x1DFCF, []rune{0x1DF59}},
	{0x1DFD0, []rune{0x0263}},
	{0x1DFD1, []rune{0x1D18}},
	{0x1DFD2, []rune{0x0180}},
	{0x1DFD3, []rune{0x0111}},
	{0x1DFD4, []rune{0x01E5}},
	{0x1DFD5, []rune{0x0142}},
	{0x1DFD6, []rune{0x019A}},
	{0x1DFD7, []rune{0x1DF50}},
	{0x1DFD8, []rune{0x1DF3E}},
	{0x1DFD9, []rune{0x0249}},
	{0x1DFDA, []rune{0x1D7F}},
	{0x1DFDB, []rune{0x1DF3F}},
	{0x1DFDC, []rune{0x019E}},
	{0x1DFDD, []rune{0x027C}},
	{0x1DFDE, []rune{0x0238}},
	{0x1DFDF, []rune{0x0239}},
	{0x1DFE0, []rune{0x1DF2B}},
	{0x1DFE1, []rune{0x1DF19}},
	{0x1DFE2, []rune{0x0286}},
	{0x1DFE3, []rune{0x1D98}},
	{0x1DFE4, []rune{0x1DF2C}},
	{0x1DFE5, []rune{0x1DF1C}},
	{0x1DFE6, []rune{0x0293}},
	{0x1DFE7, []rune{0x1D9A}},
	{0x1DFE8, []rune{0x1D05}},
	{0x1DFE9, []rune{0x1D00}},
	{0x1DFEA, []rune{0x1D07}},
	{0x1DFEB, []rune{0x027F}},
	{0x1DFEC, []rune{0x0285}},
	{0x1DFED, []rune{0x02AE}},
	{0x1DFEE, []rune{0x02AF}},
	{0x1DFEF, []rune{0x0221}},
	{0x1DFF0, []rune{0x0234}},
	{0x1DFF1, []rune{0x0235}},
	{0x1DFF2, []rune{0x0236}},
	{0x1DFF3, []rune{0x03C8}},
	{0x1DFF4, []rune{0x03C9}},
	{0x1DFF5, []rune{0x1D81}},
	{0x1DFF6, []rune{0xA795}},
	{0x1DFF7, []rune{0x1D87}},
	{0x1DFF8, []rune{0x1D8A}},
	{0x1DFF9, []rune{0x1D8E}},
	{0x1DFFA, []rune{0x0188}},
	{0x1DFFB, []rune{0x0199}},
	{0x1DFFC, []rune{0x01A5}},
	{0x1DFFD, []rune{0x02A0}},
	{0x1DFFE, []rune{0x01AD}},
	{0x1DFFF, []rune{0x1DF09}},
	{0x1E030, []rune{0x0430}},
	{0x1E031, []rune{0x0431}},
	{0x1E032, []rune{0x0432}},
	{0x1E033, []rune{0x0433}},
	{0x1E034, []rune{0x0434}},
	{0x1E035, []rune{0x0435}},
	{0x1E036, []rune{0x0436}},
	{0x1E037, []rune{0x0437}},
	{0x1E038, []rune{0x0438}},
	{0x1E039, []rune{0x043A}},
	{0x1E03A, []rune{0x043B}},
	{0x1E03B, []rune{0x043C}},
	{0x1E03C, []rune{0x043E}},
	{0x1E03D, []rune{0x043F}},
	{0x1E03E, []rune{0x0440}},
	{0x1E03F, []rune{0x0441}},
	{0x1E040, []rune{0x0442}},
	{0x1E041, []rune{0x0443}},
	{0x1E042, []rune{0x0444}},
	{0x1E043, []rune{0x0445}},
	{0x1E044, []rune{0x0446}},
	{0x1E045, []rune{0x0447}},
	{0x1E046, []rune{0x0448}},
	{0x1E047, []rune{0x044B}},
	{0x1E048, []rune{0x044D}},
	{0x1E049, []rune{0x044E}},
	{0x1E04A, []rune{0xA689}},
	{0x1E04B, []rune{0x04D9}},
	{0x1E04C, []rune{0x0456}},
	{0x1E04D, []rune{0x0458}},
	{0x1E04E, []rune{0x04E9}},
	{0x1E04F, []rune{0x04AF}},
	{0x1E050, []rune{0x04CF}},
	{0x1E051, []rune{0x0430}},
	{0x1E052, []rune{0x0431}},
	{0x1E053, []rune{0x0432}},
	{0x1E054, []rune{0x0433}},
	{0x1E055, []rune{0x0434}},
	{0x1E056, []rune{0x0435}},
	{0x1E057, []rune{0x0436}},
	{0x1E058, []rune{0x0437}},
	{0x1E059, []rune{0x0438}},
	{0x1E05A, []rune{0x043A}},
	{0x1E05B, []rune{0x043B}},
	{0x1E05C, []rune{0x043E}},
	{0x1E05D, []rune{0x043F}},
	{0x1E05E, []rune{0x0441}},
	{0x1E05F, []rune{0x0443}},
	{0x1E060, []rune{0x0444}},
	{0x1E061, []rune{0x0445}},
	{0x1E062, []rune{0x0446}},
	{0x1E063, []rune{0x0447}},
	{0x1E064, []rune{0x0448}},
	{0x1E065, []rune{0x044A}},
	{0x1E066, []rune{0x044B}},
	{0x1E067, []rune{0x0491}},
	{0x1E068, []rune{0x0456}},
	{0x1E069, []rune{0x0455}},
	{0x1E06A, []rune{0x045F}},
	{0x1E06B, []rune{0x04AB}},
	{0x1E06C, []rune{0xA651}},
	{0x1E06D, []rune{0x04B1}},
	{0x1EE00, []rune{0x0627}},
	{0x1EE01, []rune{0x0628}},
	{0x1EE02, []rune{0x062C}},
	{0x1EE03, []rune{0x062F}},
	{0x1EE05, []rune{0x0648}},
	{0x1EE06, []rune{0x0632}},
	{0x1EE07, []rune{0x062D}},
	{0x1EE08, []rune{0x0637}},
	{0x1EE09, []rune{0x064A}},
	{0x1EE0A, []rune{0x0643}},
	{0x1EE0B, []rune{0x0644}},
	{0x1EE0C, []rune{0x0645}},
	{0x1EE0D, []rune{0x0646}},
	{0x1EE0E, []rune{0x0633}},
	{0x1EE0F, []rune{0x0639}},
	{0x1EE10, []rune{0x0641}},
	{0x1EE11, []rune{0x0635}},
	{0x1EE12, []rune{0x0642}},
	{0x1EE13, []rune{0x0631}},
	{0x1EE14, []rune{0x0634}},
	{0x1EE15, []rune{0x062A}},
	{0x1EE16, []rune{0x062B}},
	{0x1EE17, []rune{0x062E}},
	{0x1EE18, []rune{0x0630}},
	{0x1EE19, []rune{0x0636}},
	{0x1EE1A, []rune{0x0638}},
	{0x1EE1B, []rune{0x063A}},
	{0x1EE1C, []rune{0x066E}},
	{0x1EE1D, []rune{0x06BA}},
	{0x1EE1E, []rune{0x06A1}},
	{0x1EE1F, []rune{0x066F}},
	{0x1EE21, []rune{0x0628}},
	{0x1EE22, []rune{0x062C}},
	{0x1EE24, []rune{0x0647}},
	{0x1EE27, []rune{0x062D}},
	{0x1EE29, []rune{0x064A}},
	{0x1EE2A, []rune{0x0643}},
	{0x1EE2B, []rune{0x0644}},
	{0x1EE2C, []rune{0x0645}},
	{0x1EE2D, []rune{0x0646}},
	{0x1EE2E, []rune{0x0633}},
	{0x1EE2F, []rune{0x0639}},
	{0x1EE30, []rune{0x0641}},
	{0x1EE31, []rune{0x0635}},
	{0x1EE32, []rune{0x0642}},
	{0x1EE34, []rune{0x0634}},
	{0x1EE35, []rune{0x062A}},
	{0x1EE36, []rune{0x062B}},
	{0x1EE37, []rune{0x062E}},
	{0x1EE39, []rune{0x0636}},
	{0x1EE3B, []rune{0x063A}},
	{0x1EE42, []rune{0x062C}},
	{0x1EE47, []rune{0x062D}},
	{0x1EE49, []rune{0x064A}},
	{0x1EE4B, []rune{0x0644}},
	{0x1EE4D, []rune{0x0646}},
	{0x1EE4E, []rune{0x0633}},
	{0x1EE4F, []rune{0x0639}},
	{0x1EE51, []rune{0x0635}},
	{0x1EE52, []rune{0x0642}},
	{0x1EE54, []rune{0x0634}},
	{0x1EE57, []rune{0x062E}},
	{0x1EE59, []rune{0x0636}},
	{0x1EE5B, []rune{0x063A}},
	{0x1EE5D, []rune{0x06BA}},
	{0x1EE5F, []rune{0x066F}},
	{0x1EE61, []rune{0x0628}},
	{0x1EE62, []rune{0x062C}},
	{0x1EE64, []rune{0x0647}},
	{0x1EE67, []rune{0x062D}},
	{0x1EE68, []rune{0x0637}},
	{0x1EE69, []rune{0x064A}},
	{0x1EE6A, []rune{0x0643}},
	{0x1EE6C, []rune{0x0645}},
	{0x1EE6D, []rune{0x0646}},
	{0x1EE6E, []rune{0x0633}},
	{0x1EE6F, []rune{0x0639}},
	{0x1EE70, []rune{0x0641}},
	{0x1EE71, []rune{0x0635}},
	{0x1EE72, []rune{0x0642}},
	{0x1EE74, []rune{0x0634}},
	{0x1EE75, []rune{0x062A}},
	{0x1EE76, []rune{0x062B}},
	{0x1EE77, []rune{0x062E}},
	{0x1EE79, []rune{0x0636}},
	{0x1EE7A, []rune{0x0638}},
	{0x1EE7B, []rune{0x063A}},
	{0x1EE7C, []rune{0x066E}},
	{0x1EE7E, []rune{0x06A1}},
	{0x1EE80, []rune{0x0627}},
	{0x1EE81, []rune{0x0628}},
	{0x1EE82, []rune{0x062C}},
	{0x1EE83, []rune{0x062F}},
	{0x1EE84, []rune{0x0647}},
	{0x1EE85, []rune{0x0648}},
	{0x1EE86, []rune{0x0632}},
	{0x1EE87, []rune{0x062D}},
	{0x1EE88, []rune{0x0637}},
	{0x1EE89, []rune{0x064A}},
	{0x1EE8B, []rune{0x0644}},
	{0x1EE8C, []rune{0x0645}},
	{0x1EE8D, []rune{0x0646}},
	{0x1EE8E, []rune{0x0633}},
	{0x1EE8F, []rune{0x0639}},
	{0x1EE90, []rune{0x0641}},
	{0x1EE91, []rune{0x0635}},
	{0x1EE92, []rune{0x0642}},
	{0x1EE93, []rune{0x0631}},
	{0x1EE94, []rune{0x0634}},
	{0x1EE95, []rune{0x062A}},
	{0x1EE96, []rune{0x062B}},
	{0x1EE97, []rune{0x062E}},
	{0x1EE98, []rune{0x0630}},
	{0x1EE99, []rune{0x0636}},
	{0x1EE9A, []rune{0x0638}},
	{0x1EE9B, []rune{0x063A}},
	{0x1EEA1, []rune{0x0628}},
	{0x1EEA2, []rune{0x062C}},
	{0x1EEA3, []rune{0x062F}},
	{0x1EEA5, []rune{0x0648}},
	{0x1EEA6, []rune{0x0632}},
	{0x1EEA7, []rune{0x062D}},
	{0x1EEA8, []rune{0x0637}},
	{0x1EEA9, []rune{0x064A}},
	{0x1EEAB, []rune{0x0644}},
	{0x1EEAC, []rune{0x0645}},
	{0x1EEAD, []rune{0x0646}},
	{0x1EEAE, []rune{0x0633}},
	{0x1EEAF, []rune{0x0639}},
	{0x1EEB0, []rune{0x0641}},
	{0x1EEB1, []rune{0x0635}},
	{0x1EEB2, []rune{0x0642}},
	{0x1EEB3, []rune{0x0631}},
	{0x1EEB4, []rune{0x0634}},
	{0x1EEB5, []rune{0x062A}},
	{0x1EEB6, []rune{0x062B}},
	{0x1EEB7, []rune{0x062E}},
	{0x1EEB8, []rune{0x0630}},
	{0x1EEB9, []rune{0x0636}},
	{0x1EEBA, []rune{0x0638}},
	{0x1EEBB, []rune{0x063A}},
	{0x1F100, []rune{0x0030, 0x002E}},
	{0x1F101, []rune{0x0030, 0x002C}},
	{0x1F102, []rune{0x0031, 0x002C}},
	{0x1F103, []rune{0x0032, 0x002C}},
	{0x1F104, []rune{0x0033, 0x002C}},
	{0x1F105, []rune{0x0034, 0x002C}},
	{0x1F106, []rune{0x0035, 0x002C}},
	{0x1F107, []rune{0x0036, 0x002C}},
	{0x1F108, []rune{0x0037, 0x002C}},
	{0x1F109, []rune{0x0038, 0x002C}},
	{0x1F10A, []rune{0x0039, 0x002C}},
	{0x1F110, []rune{0x0028, 0x0041, 0x0029}},
	{0x1F111, []rune{0x0028, 0x0042, 0x0029}},
	{0x1F112, []rune{0x0028, 0x0043, 0x0029}},
	{0x1F113, []rune{0x0028, 0x0044, 0x0029}},
	{0x1F114, []rune{0x0028, 0x0045, 0x0029}},
	{0x1F115, []rune{0x0028, 0x0046, 0x0029}},
	{0x1F116, []rune{0x0028, 0x0047, 0x0029}},
	{0x1F117, []rune{0x0028, 0x0048, 0x0029}},
	{0x1F118, []rune{0x0028, 0x0049, 0x0029}},
	{0x1F119, []rune{0x0028, 0x004A, 0x0029}},
	{0x1F11A, []rune{0x0028, 0x004B, 0x0029}},
	{0x1F11B, []rune{0x0028, 0x004C, 0x0029}},
	{0x1F11C, []rune{0x0028, 0x004D, 0x0029}},
	{0x1F11D, []rune{0x0028, 0x004E, 0x0029}},
	{0x1F11E, []rune{0x0028, 0x004F, 0x0029}},
	{0x1F11F, []rune{0x0028, 0x0050, 0x0029}},
	{0x1F120, []rune{0x0028, 0x0051, 0x0029}},
	{0x1F121, []rune{0x0028, 0x0052, 0x0029}},
	{0x1F122, []rune{0x0028, 0x0053, 0x0029}},
	{0x1F123, []rune{0x0028, 0x0054, 0x0029}},
	{0x1F124, []rune{0x0028, 0x0055, 0x0029}},
	{0x1F125, []rune{0x0028, 0x0056, 0x0029}},
	{0x1F126, []rune{0x0028, 0x0057, 0x0029}},
	{0x1F127, []rune{0x0028, 0x0058, 0x0029}},
	{0x1F128, []rune{0x0028, 0x0059, 0x0029}},
	{0x1F129, []rune{0x0028, 0x005A, 0x0029}},
	{0x1F12A, []rune{0x3014, 0x0053, 0x3015}},
	{0x1F12B, []rune{0x0043}},
	{0x1F12C, []rune{0x0052}},
	{0x1F12D, []rune{0x0043, 0x0044}},
	{0x1F12E, []rune{0x0057, 0x005A}},
	{0x1F130, []rune{0x0041}},
	{0x1F131, []rune{0x0042}},
	{0x1F132, []rune{0x0043}},
	{0x1F133, []rune{0x0044}},
	{0x1F134, []rune{0x0045}},
	{0x1F135, []rune{0x0046}},
	{0x1F136, []rune{0x0047}},
	{0x1F137, []rune{0x0048}},
	{0x1F138, []rune{0x0049}},
	{0x1F139, []rune{0x004A}},
	{0x1F13A, []rune{0x004B}},
	{0x1F13B, []rune{0x004C}},
	{0x1F13C, []rune{0x004D}},
	{0x1F13D, []rune{0x004E}},
	{0x1F13E, []rune{0x004F}},
	{0x1F13F, []rune{0x0050}},
	{0x1F140, []rune{0x0051}},
	{0x1F141, []rune{0x0052}},
	{0x1F142, []rune{0x0053}},
	{0x1F143, []rune{0x0054}},
	{0x1F144, []rune{0x0055}},
	{0x1F145, []rune{0x0056}},
	{0x1F146, []rune{0x0057}},
	{0x1F147, []rune{0x0058}},
	{0x1F148, []rune{0x0059}},
	{0x1F149, []rune{0x005A}},
	{0x1F14A, []rune{0x0048, 0x0056}},
	{0x1F14B, []rune{0x004D, 0x0056}},
	{0x1F14C, []rune{0x0053, 0x0044}},
	{0x1F14D, []rune{0x0053, 0x0053}},
	{0x1F14E, []rune{0x0050, 0x0050, 0x0056}},
	{0x1F14F, []rune{0x0057, 0x0043}},
	{0x1F16A, []rune{0x004D, 0x0043}},
	{0x1F16B, []rune{0x004D, 0x0044}},
	{0x1F16C, []rune{0x004D, 0x0052}},
	{0x1F190, []rune{0x0044, 0x004A}},
	{0x1F200, []rune{0x307B, 0x304B}},
	{0x1F201, []rune{0x30B3, 0x30B3}},
	{0x1F202, []rune{0x30B5}},
	{0x1F210, []rune{0x624B}},
	{0x1F211, []rune{0x5B57}},
	{0x1F212, []rune{0x53CC}},
	{0x1F213, []rune{0x30C7}},
	{0x1F214, []rune{0x4E8C}},
	{0x1F215, []rune{0x591A}},
	{0x1F216, []rune{0x89E3}},
	{0x1F217, []rune{0x5929}},
	{0x1F218, []rune{0x4EA4}},
	{0x1F219, []rune{0x6620}},
	{0x1F21A, []rune{0x7121}},
	{0x1F21B, []rune{0x6599}},
	{0x1F21C, []rune{0x524D}},
	{0x1F21D, []rune{0x5F8C}},
	{0x1F21E, []rune{0x518D}},
	{0x1F21F, []rune{0x65B0}},
	{0x1F220, []rune{0x521D}},
	{0x1F221, []rune{0x7D42}},
	{0x1F222, []rune{0x751F}},
	{0x1F223, []rune{0x8CA9}},
	{0x1F224, []rune{0x58F0}},
	{0x1F225, []rune{0x5439}},
	{0x1F226, []rune{0x6F14}},
	{0x1F227, []rune{0x6295}},
	{0x1F228, []rune{0x6355}},
	{0x1F229, []rune{0x4E00}},
	{0x1F22A, []rune{0x4E09}},
	{0x1F22B, []rune{0x904A}},
	{0x1F22C, []rune{0x5DE6}},
	{0x1F22D, []rune{0x4E2D}},
	{0x1F22E, []rune{0x53F3}},
	{0x1F22F, []rune{0x6307}},
	{0x1F230, []rune{0x8D70}},
	{0x1F231, []rune{0x6253}},
	{0x1F232, []rune{0x7981}},
	{0x1F233, []rune{0x7A7A}},
	{0x1F234, []rune{0x5408}},
	{0x1F235, []rune{0x6E80}},
	{0x1F236, []rune{0x6709}},
	{0x1F237, []rune{0x6708}},
	{0x1F238, []rune{0x7533}},
	{0x1F239, []rune{0x5272}},
	{0x1F23A, []rune{0x55B6}},
	{0x1F23B, []rune{0x914D}},
	{0x1F240, []rune{0x3014, 0x672C, 0x3015}},
	{0x1F241, []rune{0x3014, 0x4E09, 0x3015}},
	{0x1F242, []rune{0x3014, 0x4E8C, 0x3015}},
	{0x1F243, []rune{0x3014, 0x5B89, 0x3015}},
	{0x1F244, []rune{0x3014, 0x70B9, 0x3015}},
	{0x1F245, []rune{0x3014, 0x6253, 0x3015}},
	{0x1F246, []rune{0x3014, 0x76D7, 0x3015}},
	{0x1F247, []rune{0x3014, 0x52DD, 0x3015}},
	{0x1F248, []rune{0x3014, 0x6557, 0x3015}},
	{0x1F250, []rune{0x5F97}},
	{0x1F251, []rune{0x53EF}},
	{0x1FBF0, []rune{0x0030}},
	{0x1FBF1, []rune{0x0031}},
	{0x1FBF2, []rune{0x0032}},
	{0x1FBF3, []rune{0x0033}},
	{0x1FBF4, []rune{0x0034}},
	{0x1FBF5, []rune{0x0035}},
	{0x1FBF6, []rune{0x0036}},
	{0x1FBF7, []rune{0x0037}},
	{0x1FBF8, []rune{0x0038}},
	{0x1FBF9, []rune{0x0039}},
}

// combiningClassBlocks and combiningClassPages are each code point's canonical combining class, 0
// for a starter. The value of r is at
// combiningClassPages[int(combiningClassBlocks[r>>8])<<8|int(r&0xFF)]: each block of 256 code
// points has the page of its values, and blocks that hold the same values share one (69 pages).
var combiningClassBlocks = [4352]uint8{
	0x00, 0x00, 0x00, 0x01, 0x02, 0x03, 0x04, 0x05, 0x06, 0x07, 0x08, 0x09, 0x0A, 0x0B, 0x0C, 0x0D,
	0x0E, 0x00, 0x00, 0x0F, 0x00, 0x00, 0x00, 0x10, 0x11, 0x12, 0x13, 0x14, 0x15, 0x16, 0x00, 0x00,
	0x17, 0x00, 0x00, 0x00, 0x00, 0x00, 0x00, 0x00, 0x00, 0x00, 0x00, 0x00, 0x18, 0x19, 0x00, 0x00,
	0x1A, 0x00, 0x00, 0x00, 0x00, 0x00, 0x00, 0x00, 0x00, 0x00, 0x00, 0x00, 0x00, 0x00, 0x00, 0x00,
	0x00, 0x00, 0x00, 0x00, 0x00, 0x00, 0x00, 0x00, 0x00, 0x00, 0x00, 0x00, 0x00, 0x00, 0x00, 0x00,
	0x00, 0x00, 0x00, 0x00, 0x00, 0x00, 0x00, 0x00, 0x00, 0x00, 0x00, 0x00, 0x00, 0x00, 0x00, 0x00,
	0x00, 0x00, 0x00, 0x00, 0x00, 0x00, 0x00, 0x00, 0x00, 0x00, 0x00, 0x00, 0x00, 0x00, 0x00, 0x00,
	0x00, 0x00, 0x00, 0x00, 0x00, 0x00, 0x00, 0x00, 0x00, 0x00, 0x00, 0x00, 0x00, 0x00, 0x00, 0x00,
	0x00, 0x00, 0x00, 0x00, 0x00, 0x00, 0x00, 0x00, 0x00, 0x00, 0x00, 0x00, 0x00, 0x00, 0x00, 0x00,
	0x00, 0x00, 0x00, 0x00, 0x00, 0x00, 0x00, 0x00, 0x00, 0x00, 0x00, 0x00, 0x00, 0x00, 0x00, 0x00,
	0x00, 0x00, 0x00, 0x00, 0x00, 0x00, 0x1B, 0x00, 0x1C, 0x1D, 0x1E, 0x1F, 0x00, 0x00, 0x00, 0x00,
	0x00, 0x00, 0x00, 0x00, 0x00, 0x00, 0x00, 0x00, 0x00, 0x00, 0x00, 0x00, 0x00, 0x00, 0x00, 0x00,
	0x00, 0x00, 0x00, 0x00, 0x00, 0x00, 0x00, 0x00, 0x00, 0x00, 0x00, 0x00, 0x00, 0x00, 0x00, 0x00,
	0x00, 0x00, 0x00, 0x00, 0x00, 0x00, 0x00, 0x00, 0x00, 0x00, 0x00, 0x00, 0x00, 0x00, 0x00, 0x00,
	0x00, 0x00, 0x00, 0x00, 0x00, 0x00, 0x00, 0x00, 0x00, 0x00, 0x00, 0x00, 0x00, 0x00, 0x00, 0x00,
	0x00, 0x00, 0x00, 0x00, 0x00, 0x00, 0x00, 0x00, 0x00, 0x00, 0x00, 0x20, 0x00, 0x00, 0x21, 0x00,
	0x00, 0x22, 0x23, 0x24, 0x00, 0x00, 0x00, 0x00, 0x00, 0x00, 0x25, 0x00, 0x00, 0x26, 0x27, 0x28,
	0x29, 0x2A, 0x2B, 0x2C, 0x2D, 0x2E, 0x2F, 0x30, 0x31, 0x32, 0x33, 0x00, 0x34, 0x35, 0x00, 0x36,
	0x00, 0x00, 0x00, 0x00, 0x00, 0x00, 0x00, 0x00, 0x00, 0x00, 0x00, 0x00, 0x00, 0x00, 0x00, 0x00,
	0x00, 0x00, 0x00, 0x00, 0x00, 0x00, 0x00, 0x00, 0x00, 0x00, 0x00, 0x00, 0x00, 0x00, 0x00, 0x00,
	0x00, 0x00, 0x00, 0x00, 0x00, 0x00, 0x00, 0x00, 0x00, 0x00, 0x00, 0x00, 0x00, 0x00, 0x00, 0x00,
	0x00, 0x00, 0x00, 0x00, 0x00, 0x00, 0x00, 0x00, 0x00, 0x00, 0x00, 0x00, 0x00, 0x00, 0x00, 0x00,
	0x00, 0x37, 0x00, 0x00, 0x00, 0x00, 0x00, 0x00, 0x00, 0x00, 0x38, 0x39, 0x00, 0x00, 0x00, 0x3A,
	0x00, 0x00, 0x00, 0x00, 0x00, 0x00, 0x00, 0x00, 0x00, 0x00, 0x00, 0x00, 0x00, 0x00, 0x00, 0x00,
	0x00, 0x00, 0x00, 0x00, 0x00, 0x00, 0x00, 0x00, 0x00, 0x00, 0x00, 0x00, 0x00, 0x00, 0x00, 0x00,
	0x00, 0x00, 0x00, 0x00, 0x00, 0x00, 0x00, 0x00, 0x00, 0x00, 0x00, 0x00, 0x00, 0x00, 0x00, 0x00,
	0x00, 0x00, 0x00, 0x00, 0x00, 0x00, 0x00, 0x00, 0x00, 0x00, 0x00, 0x00, 0x00, 0x00, 0x00, 0x00,
	0x00, 0x00, 0x00, 0x00, 0x00, 0x00, 0x00, 0x00, 0x00, 0x00, 0x00, 0x00, 0x3B, 0x00, 0x00, 0x00,
	0x00, 0x00, 0x00, 0x00, 0x00, 0x00, 0x00, 0x00, 0x00, 0x00, 0x00, 0x00, 0x00, 0x00, 0x00, 0x00,
	0x00, 0x3C, 0x3D, 0x00, 0x00, 0x00, 0x00, 0x00, 0x00, 0x00, 0x00, 0x00, 0x00, 0x00, 0x00, 0x00,
	0x3E, 0x39, 0x3F, 0x00, 0x40, 0x41, 0x42, 0x00, 0x43, 0x44, 0x00, 0x00, 0x00, 0x00, 0x00, 0x00,
	0x00, 0x00, 0x00, 0x00, 0x00, 0x00, 0x00, 0x00, 0x00, 0x00, 0x00, 0x00, 0x00, 0x00, 0x00, 0x00,
	0x00, 0x00, 0x00, 0x00, 0x00, 0x00, 0x00, 0x00, 0x00, 0x00, 0x00, 0x00, 0x00, 0x00, 0x00, 0x00,
	0x00, 0x00, 0x00, 0x00, 0x00, 0x00, 0x00, 0x00, 0x00, 0x00, 0x00, 0x00, 0x00, 0x00, 0x00, 0x00,
	0x00, 0x00, 0x00, 0x00, 0x00, 0x00, 0x00, 0x00, 0x00, 0x00, 0x00, 0x00, 0x00, 0x00, 0x00, 0x00,
	0x00, 0x00, 0x00, 0x00, 0x00, 0x00, 0x00, 0x00, 0x00, 0x00, 0x00, 0x00, 0x00, 0x00, 0x00, 0x00,
	0x00, 0x00, 0x00, 0x00, 0x00, 0x00, 0x00, 0x00, 0x00, 0x00, 0x00, 0x00, 0x00, 0x00, 0x00, 0x00,
	0x00, 0x00, 0x00, 0x00, 0x00, 0x00, 0x00, 0x00, 0x00, 0x00, 0x00, 0x00, 0x00, 0x00, 0x00, 0x00,
	0x00, 0x00, 0x00, 0x00, 0x00, 0x00, 0x00, 0x00, 0x00, 0x00, 0x00, 0x00, 0x00, 0x00, 0x00, 0x00,
	0x00, 0x00, 0x00, 0x00, 0x00, 0x00, 0x00, 0x00, 0x00, 0x00, 0x00, 0x00, 0x00, 0x00, 0x00, 0x00,
	0x00, 0x00, 0x00, 0x00, 0x00, 0x00, 0x00, 0x00, 0x00, 0x00, 0x00, 0x00, 0x00, 0x00, 0x00, 0x00,
	0x00, 0x00, 0x00, 0x00, 0x00, 0x00, 0x00, 0x00, 0x00, 0x00, 0x00, 0x00, 0x00, 0x00, 0x00, 0x00,
	0x00, 0x00, 0x00, 0x00, 0x00, 0x00, 0x00, 0x00, 0x00, 0x00, 0x00, 0x00, 0x00, 0x00, 0x00, 0x00,
	0x00, 0x00, 0x00, 0x00, 0x00, 0x00, 0x00, 0x00, 0x00, 0x00, 0x00, 0x00, 0x00, 0x00, 0x00, 0x00,
	0x00, 0x00, 0x00, 0x00, 0x00, 0x00, 0x00, 0x00, 0x00, 0x00, 0x00, 0x00, 0x00, 0x00, 0x00, 0x00,
	0x00, 0x00, 0x00, 0x00, 0x00, 0x00, 0x00, 0x00, 0x00, 0x00, 0x00, 0x00, 0x00, 0x00, 0x00, 0x00,
	0x00, 0x00, 0x00, 0x00, 0x00, 0x00, 0x00, 0x00, 0x00, 0x00, 0x00, 0x00, 0x00, 0x00, 0x00, 0x00,
	0x00, 0x00, 0x00, 0x00, 0x00, 0x00, 0x00, 0x00, 0x00, 0x00, 0x00, 0x00, 0x00, 0x00, 0x00, 0x00,
	0x00, 0x00, 0x00, 0x00, 0x00, 0x00, 0x00, 0x00, 0x00, 0x00, 0x00, 0x00, 0x00, 0x00, 0x00, 0x00,
	0x00, 0x00, 0x00, 0x00, 0x00, 0x00, 0x00, 0x00, 0x00, 0x00, 0x00, 0x00, 0x00, 0x00, 0x00, 0x00,
	0x00, 0x00, 0x00, 0x00, 0x00, 0x00, 0x00, 0x00, 0x00, 0x00, 0x00, 0x00, 0x00, 0x00, 0x00, 0x00,
	0x00, 0x00, 0x00, 0x00, 0x00, 0x00, 0x00, 0x00, 0x00, 0x00, 0x00, 0x00, 0x00, 0x00, 0x00, 0x00,
	0x00, 0x00, 0x00, 0x00, 0x00, 0x00, 0x00, 0x00, 0x00, 0x00, 0x00, 0x00, 0x00, 0x00, 0x00, 0x00,
	0x00, 0x00, 0x00, 0x00, 0x00, 0x00, 0x00, 0x00, 0x00, 0x00, 0x00, 0x00, 0x00, 0x00, 0x00, 0x00,
	0x00, 0x00, 0x00, 0x00, 0x00, 0x00, 0x00, 0x00, 0x00, 0x00, 0x00, 0x00, 0x00, 0x00, 0x00, 0x00,
	0x00, 0x00, 0x00, 0x00, 0x00, 0x00, 0x00, 0x00, 0x00, 0x00, 0x00, 0x00, 0x00, 0x00, 0x00, 0x00,
	0x00, 0x00, 0x00, 0x00, 0x00, 0x00, 0x00, 0x00, 0x00, 0x00, 0x00, 0x00, 0x00, 0x00, 0x00, 0x00,
	0x00, 0x00, 0x00, 0x00, 0x00, 0x00, 0x00, 0x00, 0x00, 0x00, 0x00, 0x00, 0x00, 0x00, 0x00, 0x00,
	0x00, 0x00, 0x00, 0x00, 0x00, 0x00, 0x00, 0x00, 0x00, 0x00, 0x00, 0x00, 0x00, 0x00, 0x00, 0x00,
	0x00, 0x00, 0x00, 0x00, 0x00, 0x00, 0x00, 0x00, 0x00, 0x00, 0x00, 0x00, 0x00, 0x00, 0x00, 0x00,
	0x00, 0x00, 0x00, 0x00, 0x00, 0x00, 0x00, 0x00, 0x00, 0x00, 0x00, 0x00, 0x00, 0x00, 0x00, 0x00,
	0x00, 0x00, 0x00, 0x00, 0x00, 0x00, 0x00, 0x00, 0x00, 0x00, 0x00, 0x00, 0x00, 0x00, 0x00, 0x00,
	0x00, 0x00, 0x00, 0x00, 0x00, 0x00, 0x00, 0x00, 0x00, 0x00, 0x00, 0x00, 0x00, 0x00, 0x00, 0x00,
	0x00, 0x00, 0x00, 0x00, 0x00, 0x00, 0x00, 0x00, 0x00, 0x00, 0x00, 0x00, 0x00, 0x00, 0x00, 0x00,
	0x00, 0x00, 0x00, 0x00, 0x00, 0x00, 0x00, 0x00, 0x00, 0x00, 0x00, 0x00, 0x00, 0x00, 0x00, 0x00,
	0x00, 0x00, 0x00, 0x00, 0x00, 0x00, 0x00, 0x00, 0x00, 0x00, 0x00, 0x00, 0x00, 0x00, 0x00, 0x00,
	0x00, 0x00, 0x00, 0x00, 0x00, 0x00, 0x00, 0x00, 0x00, 0x00, 0x00, 0x00, 0x00, 0x00, 0x00, 0x00,
	0x00, 0x00, 0x00, 0x00, 0x00, 0x00, 0x00, 0x00, 0x00, 0x00, 0x00, 0x00, 0x00, 0x00, 0x00, 0x00,
	0x00, 0x00, 0x00, 0x00, 0x00, 0x00, 0x00, 0x00, 0x00, 0x00, 0x00, 0x00, 0x00, 0x00, 0x00, 0x00,
	0x00, 0x00, 0x00, 0x00, 0x00, 0x00, 0x00, 0x00, 0x00, 0x00, 0x00, 0x00, 0x00, 0x00, 0x00, 0x00,
	0x00, 0x00, 0x00, 0x00, 0x00, 0x00, 0x00, 0x00, 0x00, 0x00, 0x00, 0x00, 0x00, 0x00, 0x00, 0x00,
	0x00, 0x00, 0x00, 0x00, 0x00, 0x00, 0x00, 0x00, 0x00, 0x00, 0x00, 0x00, 0x00, 0x00, 0x00, 0x00,
	0x00, 0x00, 0x00, 0x00, 0x00, 0x00, 0x00, 0x00, 0x00, 0x00, 0x00, 0x00, 0x00, 0x00, 0x00, 0x00,
	0x00, 0x00, 0x00, 0x00, 0x00, 0x00, 0x00, 0x00, 0x00, 0x00, 0x00, 0x00, 0x00, 0x00, 0x00, 0x00,
	0x00, 0x00, 0x00, 0x00, 0x00, 0x00, 0x00, 0x00, 0x00, 0x00, 0x00, 0x00, 0x00, 0x00, 0x00, 0x00,
	0x00, 0x00, 0x00, 0x00, 0x00, 0x00, 0x00, 0x00, 0x00, 0x00, 0x00, 0x00, 0x00, 0x00, 0x00, 0x00,
	0x00, 0x00, 0x00, 0x00, 0x00, 0x00, 0x00, 0x00, 0x00, 0x00, 0x00, 0x00, 0x00, 0x00, 0x00, 0x00,
	0x00, 0x00, 0x00, 0x00, 0x00, 0x00, 0x00, 0x00, 0x00, 0x00, 0x00, 0x00, 0x00, 0x00, 0x00, 0x00,
	0x00, 0x00, 0x00, 0x00, 0x00, 0x00, 0x00, 0x00, 0x00, 0x00, 0x00, 0x00, 0x00, 0x00, 0x00, 0x00,
	0x00, 0x00, 0x00, 0x00, 0x00, 0x00, 0x00, 0x00, 0x00, 0x00, 0x00, 0x00, 0x00, 0x00, 0x00, 0x00,
	0x00, 0x00, 0x00, 0x00, 0x00, 0x00, 0x00, 0x00, 0x00, 0x00, 0x00, 0x00, 0x00, 0x00, 0x00, 0x00,
	0x00, 0x00, 0x00, 0x00, 0x00, 0x00, 0x00, 0x00, 0x00, 0x00, 0x00, 0x00, 0x00, 0x00, 0x00, 0x00,
	0x00, 0x00, 0x00, 0x00, 0x00, 0x00, 0x00, 0x00, 0x00, 0x00, 0x00, 0x00, 0x00, 0x00, 0x00, 0x00,
	0x00, 0x00, 0x00, 0x00, 0x00, 0x00, 0x00, 0x00, 0x00, 0x00, 0x00, 0x00, 0x00, 0x00, 0x00, 0x00,
	0x00, 0x00, 0x00, 0x00, 0x00, 0x00, 0x00, 0x00, 0x00, 0x00, 0x00, 0x00, 0x00, 0x00, 0x00, 0x00,
	0x00, 0x00, 0x00, 0x00, 0x00, 0x00, 0x00, 0x00, 0x00, 0x00, 0x00, 0x00, 0x00, 0x00, 0x00, 0x00,
	0x00, 0x00, 0x00, 0x00, 0x00, 0x00, 0x00, 0x00, 0x00, 0x00, 0x00, 0x00, 0x00, 0x00, 0x00, 0x00,
	0x00, 0x00, 0x00, 0x00, 0x00, 0x00, 0x00, 0x00, 0x00, 0x00, 0x00, 0x00, 0x00, 0x00, 0x00, 0x00,
	0x00, 0x00, 0x00, 0x00, 0x00, 0x00, 0x00, 0x00, 0x00, 0x00, 0x00, 0x00, 0x00, 0x00, 0x00, 0x00,
	0x00, 0x00, 0x00, 0x00, 0x00, 0x00, 0x00, 0x00, 0x00, 0x00, 0x00, 0x00, 0x00, 0x00, 0x00, 0x00,
	0x00, 0x00, 0x00, 0x00, 0x00, 0x00, 0x00, 0x00, 0x00, 0x00, 0x00, 0x00, 0x00, 0x00, 0x00, 0x00,
	0x00, 0x00, 0x00, 0x00, 0x00, 0x00, 0x00, 0x00, 0x00, 0x00, 0x00, 0x00, 0x00, 0x00, 0x00, 0x00,
	0x00, 0x00, 0x00, 0x00, 0x00, 0x00, 0x00, 0x00, 0x00, 0x00, 0x00, 0x00, 0x00, 0x00, 0x00, 0x00,
	0x00, 0x00, 0x00, 0x00, 0x00, 0x00, 0x00, 0x00, 0x00, 0x00, 0x00, 0x00, 0x00, 0x00, 0x00, 0x00,
	0x00, 0x00, 0x00, 0x00, 0x00, 0x00, 0x00, 0x00, 0x00, 0x00, 0x00, 0x00, 0x00, 0x00, 0x00, 0x00,
	0x00, 0x00, 0x00, 0x00, 0x00, 0x00, 0x00, 0x00, 0x00, 0x00, 0x00, 0x00, 0x00, 0x00, 0x00, 0x00,
	0x00, 0x00, 0x00, 0x00, 0x00, 0x00, 0x00, 0x00, 0x00, 0x00, 0x00, 0x00, 0x00, 0x00, 0x00, 0x00,
	0x00, 0x00, 0x00, 0x00, 0x00, 0x00, 0x00, 0x00, 0x00, 0x00, 0x00, 0x00, 0x00, 0x00, 0x00, 0x00,
	0x00, 0x00, 0x00, 0x00, 0x00, 0x00, 0x00, 0x00, 0x00, 0x00, 0x00, 0x00, 0x00, 0x00, 0x00, 0x00,
	0x00, 0x00, 0x00, 0x00, 0x00, 0x00, 0x00, 0x00, 0x00, 0x00, 0x00, 0x00, 0x00, 0x00, 0x00, 0x00,
	0x00, 0x00, 0x00, 0x00, 0x00, 0x00, 0x00, 0x00, 0x00, 0x00, 0x00, 0x00, 0x00, 0x00, 0x00, 0x00,
	0x00, 0x00, 0x00, 0x00, 0x00, 0x00, 0x00, 0x00, 0x00, 0x00, 0x00, 0x00, 0x00, 0x00, 0x00, 0x00,
	0x00, 0x00, 0x00, 0x00, 0x00, 0x00, 0x00, 0x00, 0x00, 0x00, 0x00, 0x00, 0x00, 0x00, 0x00, 0x00,
	0x00, 0x00, 0x00, 0x00, 0x00, 0x00, 0x00, 0x00, 0x00, 0x00, 0x00, 0x00, 0x00, 0x00, 0x00, 0x00,
	0x00, 0x00, 0x00, 0x00, 0x00, 0x00, 0x00, 0x00, 0x00, 0x00, 0x00, 0x00, 0x00, 0x00, 0x00, 0x00,
	0x00, 0x00, 0x00, 0x00, 0x00, 0x00, 0x00, 0x00, 0x00, 0x00, 0x00, 0x00, 0x00, 0x00, 0x00, 0x00,
	0x00, 0x00, 0x00, 0x00, 0x00, 0x00, 0x00, 0x00, 0x00, 0x00, 0x00, 0x00, 0x00, 0x00, 0x00, 0x00,
	0x00, 0x00, 0x00, 0x00, 0x00, 0x00, 0x00, 0x00, 0x00, 0x00, 0x00, 0x00, 0x00, 0x00, 0x00, 0x00,
	0x00, 0x00, 0x00, 0x00, 0x00, 0x00, 0x00, 0x00, 0x00, 0x00, 0x00, 0x00, 0x00, 0x00, 0x00, 0x00,
	0x00, 0x00, 0x00, 0x00, 0x00, 0x00, 0x00, 0x00, 0x00, 0x00, 0x00, 0x00, 0x00, 0x00, 0x00, 0x00,
	0x00, 0x00, 0x00, 0x00, 0x00, 0x00, 0x00, 0x00, 0x00, 0x00, 0x00, 0x00, 0x00, 0x00, 0x00, 0x00,
	0x00, 0x00, 0x00, 0x00, 0x00, 0x00, 0x00, 0x00, 0x00, 0x00, 0x00, 0x00, 0x00, 0x00, 0x00, 0x00,
	0x00, 0x00, 0x00, 0x00, 0x00, 0x00, 0x00, 0x00, 0x00, 0x00, 0x00, 0x00, 0x00, 0x00, 0x00, 0x00,
	0x00, 0x00, 0x00, 0x00, 0x00, 0x00, 0x00, 0x00, 0x00, 0x00, 0x00, 0x00, 0x00, 0x00, 0x00, 0x00,
	0x00, 0x00, 0x00, 0x00, 0x00, 0x00, 0x00, 0x00, 0x00, 0x00, 0x00, 0x00, 0x00, 0x00, 0x00, 0x00,
	0x00, 0x00, 0x00, 0x00, 0x00, 0x00, 0x00, 0x00, 0x00, 0x00, 0x00, 0x00, 0x00, 0x00, 0x00, 0x00,
	0x00, 0x00, 0x00, 0x00, 0x00, 0x00, 0x00, 0x00, 0x00, 0x00, 0x00, 0x00, 0x00, 0x00, 0x00, 0x00,
	0x00, 0x00, 0x00, 0x00, 0x00, 0x00, 0x00, 0x00, 0x00, 0x00, 0x00, 0x00, 0x00, 0x00, 0x00, 0x00,
	0x00, 0x00, 0x00, 0x00, 0x00, 0x00, 0x00, 0x00, 0x00, 0x00, 0x00, 0x00, 0x00, 0x00, 0x00, 0x00,
	0x00, 0x00, 0x00, 0x00, 0x00, 0x00, 0x00, 0x00, 0x00, 0x00, 0x00, 0x00, 0x00, 0x00, 0x00, 0x00,
	0x00, 0x00, 0x00, 0x00, 0x00, 0x00, 0x00, 0x00, 0x00, 0x00, 0x00, 0x00, 0x00, 0x00, 0x00, 0x00,
	0x00, 0x00, 0x00, 0x00, 0x00, 0x00, 0x00, 0x00, 0x00, 0x00, 0x00, 0x00, 0x00, 0x00, 0x00, 0x00,
	0x00, 0x00, 0x00, 0x00, 0x00, 0x00, 0x00, 0x00, 0x00, 0x00, 0x00, 0x00, 0x00, 0x00, 0x00, 0x00,
	0x00, 0x00, 0x00, 0x00, 0x00, 0x00, 0x00, 0x00, 0x00, 0x00, 0x00, 0x00, 0x00, 0x00, 0x00, 0x00,
	0x00, 0x00, 0x00, 0x00, 0x00, 0x00, 0x00, 0x00, 0x00, 0x00, 0x00, 0x00, 0x00, 0x00, 0x00, 0x00,
	0x00, 0x00, 0x00, 0x00, 0x00, 0x00, 0x00, 0x00, 0x00, 0x00, 0x00, 0x00, 0x00, 0x00, 0x00, 0x00,
	0x00, 0x00, 0x00, 0x00, 0x00, 0x00, 0x00, 0x00, 0x00, 0x00, 0x00, 0x00, 0x00, 0x00, 0x00, 0x00,
	0x00, 0x00, 0x00, 0x00, 0x00, 0x00, 0x00, 0x00, 0x00, 0x00, 0x00, 0x00, 0x00, 0x00, 0x00, 0x00,
	0x00, 0x00, 0x00, 0x00, 0x00, 0x00, 0x00, 0x00, 0x00, 0x00, 0x00, 0x00, 0x00, 0x00, 0x00, 0x00,
	0x00, 0x00, 0x00, 0x00, 0x00, 0x00, 0x00, 0x00, 0x00, 0x00, 0x00, 0x00, 0x00, 0x00, 0x00, 0x00,
	0x00, 0x00, 0x00, 0x00, 0x00, 0x00, 0x00, 0x00, 0x00, 0x00, 0x00, 0x00, 0x00, 0x00, 0x00, 0x00,
	0x00, 0x00, 0x00, 0x00, 0x00, 0x00, 0x00, 0x00, 0x00, 0x00, 0x00, 0x00, 0x00, 0x00, 0x00, 0x00,
	0x00, 0x00, 0x00, 0x00, 0x00, 0x00, 0x00, 0x00, 0x00, 0x00, 0x00, 0x00, 0x00, 0x00, 0x00, 0x00,
	0x00, 0x00, 0x00, 0x00, 0x00, 0x00, 0x00, 0x00, 0x00, 0x00, 0x00, 0x00, 0x00, 0x00, 0x00, 0x00,
	0x00, 0x00, 0x00, 0x00, 0x00, 0x00, 0x00, 0x00, 0x00, 0x00, 0x00, 0x00, 0x00, 0x00, 0x00, 0x00,
	0x00, 0x00, 0x00, 0x00, 0x00, 0x00, 0x00, 0x00, 0x00, 0x00, 0x00, 0x00, 0x00, 0x00, 0x00, 0x00,
	0x00, 0x00, 0x00, 0x00, 0x00, 0x00, 0x00, 0x00, 0x00, 0x00, 0x00, 0x00, 0x00, 0x00, 0x00, 0x00,
	0x00, 0x00, 0x00, 0x00, 0x00, 0x00, 0x00, 0x00, 0x00, 0x00, 0x00, 0x00, 0x00, 0x00, 0x00, 0x00,
	0x00, 0x00, 0x00, 0x00, 0x00, 0x00, 0x00, 0x00, 0x00, 0x00, 0x00, 0x00, 0x00, 0x00, 0x00, 0x00,
	0x00, 0x00, 0x00, 0x00, 0x00, 0x00, 0x00, 0x00, 0x00, 0x00, 0x00, 0x00, 0x00, 0x00, 0x00, 0x00,
	0x00, 0x00, 0x00, 0x00, 0x00, 0x00, 0x00, 0x00, 0x00, 0x00, 0x00, 0x00, 0x00, 0x00, 0x00, 0x00,
	0x00, 0x00, 0x00, 0x00, 0x00, 0x00, 0x00, 0x00, 0x00, 0x00, 0x00, 0x00, 0x00, 0x00, 0x00, 0x00,
	0x00, 0x00, 0x00, 0x00, 0x00, 0x00, 0x00, 0x00, 0x00, 0x00, 0x00, 0x00, 0x00, 0x00, 0x00, 0x00,
	0x00, 0x00, 0x00, 0x00, 0x00, 0x00, 0x00, 0x00, 0x00, 0x00, 0x00, 0x00, 0x00, 0x00, 0x00, 0x00,
	0x00, 0x00, 0x00, 0x00, 0x00, 0x00, 0x00, 0x00, 0x00, 0x00, 0x00, 0x00, 0x00, 0x00, 0x00, 0x00,
	0x00, 0x00, 0x00, 0x00, 0x00, 0x00, 0x00, 0x00, 0x00, 0x00, 0x00, 0x00, 0x00, 0x00, 0x00, 0x00,
	0x00, 0x00, 0x00, 0x00, 0x00, 0x00, 0x00, 0x00, 0x00, 0x00, 0x00, 0x00, 0x00, 0x00, 0x00, 0x00,
	0x00, 0x00, 0x00, 0x00, 0x00, 0x00, 0x00, 0x00, 0x00, 0x00, 0x00, 0x00, 0x00, 0x00, 0x00, 0x00,
	0x00, 0x00, 0x00, 0x00, 0x00, 0x00, 0x00, 0x00, 0x00, 0x00, 0x00, 0x00, 0x00, 0x00, 0x00, 0x00,
	0x00, 0x00, 0x00, 0x00, 0x00, 0x00, 0x00, 0x00, 0x00, 0x00, 0x00, 0x00, 0x00, 0x00, 0x00, 0x00,
	0x00, 0x00, 0x00, 0x00, 0x00, 0x00, 0x00, 0x00, 0x00, 0x00, 0x00, 0x00, 0x00, 0x00, 0x00, 0x00,
	0x00, 0x00, 0x00, 0x00, 0x00, 0x00, 0x00, 0x00, 0x00, 0x00, 0x00, 0x00, 0x00, 0x00, 0x00, 0x00,
	0x00, 0x00, 0x00, 0x00, 0x00, 0x00, 0x00, 0x00, 0x00, 0x00, 0x00, 0x00, 0x00, 0x00, 0x00, 0x00,
	0x00, 0x00, 0x00, 0x00, 0x00, 0x00, 0x00, 0x00, 0x00, 0x00, 0x00, 0x00, 0x00, 0x00, 0x00, 0x00,
	0x00, 0x00, 0x00, 0x00, 0x00, 0x00, 0x00, 0x00, 0x00, 0x00, 0x00, 0x00, 0x00, 0x00, 0x00, 0x00,
	0x00, 0x00, 0x00, 0x00, 0x00, 0x00, 0x00, 0x00, 0x00, 0x00, 0x00, 0x00, 0x00, 0x00, 0x00, 0x00,
	0x00, 0x00, 0x00, 0x00, 0x00, 0x00, 0x00, 0x00, 0x00, 0x00, 0x00, 0x00, 0x00, 0x00, 0x00, 0x00,
	0x00, 0x00, 0x00, 0x00, 0x00, 0x00, 0x00, 0x00, 0x00, 0x00, 0x00, 0x00, 0x00, 0x00, 0x00, 0x00,
	0x00, 0x00, 0x00, 0x00, 0x00, 0x00, 0x00, 0x00, 0x00, 0x00, 0x00, 0x00, 0x00, 0x00, 0x00, 0x00,
	0x00, 0x00, 0x00, 0x00, 0x00, 0x00, 0x00, 0x00, 0x00, 0x00, 0x00, 0x00, 0x00, 0x00, 0x00, 0x00,
	0x00, 0x00, 0x00, 0x00, 0x00, 0x00, 0x00, 0x00, 0x00, 0x00, 0x00, 0x00, 0x00, 0x00, 0x00, 0x00,
	0x00, 0x00, 0x00, 0x00, 0x00, 0x00, 0x00, 0x00, 0x00, 0x00, 0x00, 0x00, 0x00, 0x00, 0x00, 0x00,
	0x00, 0x00, 0x00, 0x00, 0x00, 0x00, 0x00, 0x00, 0x00, 0x00, 0x00, 0x00, 0x00, 0x00, 0x00, 0x00,
	0x00, 0x00, 0x00, 0x00, 0x00, 0x00, 0x00, 0x00, 0x00, 0x00, 0x00, 0x00, 0x00, 0x00, 0x00, 0x00,
	0x00, 0x00, 0x00, 0x00, 0x00, 0x00, 0x00, 0x00, 0x00, 0x00, 0x00, 0x00, 0x00, 0x00, 0x00, 0x00,
	0x00, 0x00, 0x00, 0x00, 0x00, 0x00, 0x00, 0x00, 0x00, 0x00, 0x00, 0x00, 0x00, 0x00, 0x00, 0x00,
	0x00, 0x00, 0x00, 0x00, 0x00, 0x00, 0x00, 0x00, 0x00, 0x00, 0x00, 0x00, 0x00, 0x00, 0x00, 0x00,
	0x00, 0x00, 0x00, 0x00, 0x00, 0x00, 0x00, 0x00, 0x00, 0x00, 0x00, 0x00, 0x00, 0x00, 0x00, 0x00,
	0x00, 0x00, 0x00, 0x00, 0x00, 0x00, 0x00, 0x00, 0x00, 0x00, 0x00, 0x00, 0x00, 0x00, 0x00, 0x00,
	0x00, 0x00, 0x00, 0x00, 0x00, 0x00, 0x00, 0x00, 0x00, 0x00, 0x00, 0x00, 0x00, 0x00, 0x00, 0x00,
	0x00, 0x00, 0x00, 0x00, 0x00, 0x00, 0x00, 0x00, 0x00, 0x00, 0x00, 0x00, 0x00, 0x00, 0x00, 0x00,
	0x00, 0x00, 0x00, 0x00, 0x00, 0x00, 0x00, 0x00, 0x00, 0x00, 0x00, 0x00, 0x00, 0x00, 0x00, 0x00,
	0x00, 0x00, 0x00, 0x00, 0x00, 0x00, 0x00, 0x00, 0x00, 0x00, 0x00, 0x00, 0x00, 0x00, 0x00, 0x00,
	0x00, 0x00, 0x00, 0x00, 0x00, 0x00, 0x00, 0x00, 0x00, 0x00, 0x00, 0x00, 0x00, 0x00, 0x00, 0x00,
	0x00, 0x00, 0x00, 0x00, 0x00, 0x00, 0x00, 0x00, 0x00, 0x00, 0x00, 0x00, 0x00, 0x00, 0x00, 0x00,
	0x00, 0x00, 0x00, 0x00, 0x00, 0x00, 0x00, 0x00, 0x00, 0x00, 0x00, 0x00, 0x00, 0x00, 0x00, 0x00,
	0x00, 0x00, 0x00, 0x00, 0x00, 0x00, 0x00, 0x00, 0x00, 0x00, 0x00, 0x00, 0x00, 0x00, 0x00, 0x00,
	0x00, 0x00, 0x00, 0x00, 0x00, 0x00, 0x00, 0x00, 0x00, 0x00, 0x00, 0x00, 0x00, 0x00, 0x00, 0x00,
	0x00, 0x00, 0x00, 0x00, 0x00, 0x00, 0x00, 0x00, 0x00, 0x00, 0x00, 0x00, 0x00, 0x00, 0x00, 0x00,
	0x00, 0x00, 0x00, 0x00, 0x00, 0x00, 0x00, 0x00, 0x00, 0x00, 0x00, 0x00, 0x00, 0x00, 0x00, 0x00,
	0x00, 0x00, 0x00, 0x00, 0x00, 0x00, 0x00, 0x00, 0x00, 0x00, 0x00, 0x00, 0x00, 0x00, 0x00, 0x00,
	0x00, 0x00, 0x00, 0x00, 0x00, 0x00, 0x00, 0x00, 0x00, 0x00, 0x00, 0x00, 0x00, 0x00, 0x00, 0x00,
	0x00, 0x00, 0x00, 0x00, 0x00, 0x00, 0x00, 0x00, 0x00, 0x00, 0x00, 0x00, 0x00, 0x00, 0x00, 0x00,
	0x00, 0x00, 0x00, 0x00, 0x00, 0x00, 0x00, 0x00, 0x00, 0x00, 0x00, 0x00, 0x00, 0x00, 0x00, 0x00,
	0x00, 0x00, 0x00, 0x00, 0x00, 0x00, 0x00, 0x00, 0x00, 0x00, 0x00, 0x00, 0x00, 0x00, 0x00, 0x00,
	0x00, 0x00, 0x00, 0x00, 0x00, 0x00, 0x00, 0x00, 0x00, 0x00, 0x00, 0x00, 0x00, 0x00, 0x00, 0x00,
	0x00, 0x00, 0x00, 0x00, 0x00, 0x00, 0x00, 0x00, 0x00, 0x00, 0x00, 0x00, 0x00, 0x00, 0x00, 0x00,
	0x00, 0x00, 0x00, 0x00, 0x00, 0x00, 0x00, 0x00, 0x00, 0x00, 0x00, 0x00, 0x00, 0x00, 0x00, 0x00,
	0x00, 0x00, 0x00, 0x00, 0x00, 0x00, 0x00, 0x00, 0x00, 0x00, 0x00, 0x00, 0x00, 0x00, 0x00, 0x00,
	0x00, 0x00, 0x00, 0x00, 0x00, 0x00, 0x00, 0x00, 0x00, 0x00, 0x00, 0x00, 0x00, 0x00, 0x00, 0x00,
	0x00, 0x00, 0x00, 0x00, 0x00, 0x00, 0x00, 0x00, 0x00, 0x00, 0x00, 0x00, 0x00, 0x00, 0x00, 0x00,
	0x00, 0x00, 0x00, 0x00, 0x00, 0x00, 0x00, 0x00, 0x00, 0x00, 0x00, 0x00, 0x00, 0x00, 0x00, 0x00,
	0x00, 0x00, 0x00, 0x00, 0x00, 0x00, 0x00, 0x00, 0x00, 0x00, 0x00, 0x00, 0x00, 0x00, 0x00, 0x00,
	0x00, 0x00, 0x00, 0x00, 0x00, 0x00, 0x00, 0x00, 0x00, 0x00, 0x00, 0x00, 0x00, 0x00, 0x00, 0x00,
	0x00, 0x00, 0x00, 0x00, 0x00, 0x00, 0x00, 0x00, 0x00, 0x00, 0x00, 0x00, 0x00, 0x00, 0x00, 0x00,
	0x00, 0x00, 0x00, 0x00, 0x00, 0x00, 0x00, 0x00, 0x00, 0x00, 0x00, 0x00, 0x00, 0x00, 0x00, 0x00,
	0x00, 0x00, 0x00, 0x00, 0x00, 0x00, 0x00, 0x00, 0x00, 0x00, 0x00, 0x00, 0x00, 0x00, 0x00, 0x00,
	0x00, 0x00, 0x00, 0x00, 0x00, 0x00, 0x00, 0x00, 0x00, 0x00, 0x00, 0x00, 0x00, 0x00, 0x00, 0x00,
	0x00, 0x00, 0x00, 0x00, 0x00, 0x00, 0x00, 0x00, 0x00, 0x00, 0x00, 0x00, 0x00, 0x00, 0x00, 0x00,
	0x00, 0x00, 0x00, 0x00, 0x00, 0x00, 0x00, 0x00, 0x00, 0x00, 0x00, 0x00, 0x00, 0x00, 0x00, 0x00,
	0x00, 0x00, 0x00, 0x00, 0x00, 0x00, 0x00, 0x00, 0x00, 0x00, 0x00, 0x00, 0x00, 0x00, 0x00, 0x00,
	0x00, 0x00, 0x00, 0x00, 0x00, 0x00, 0x00, 0x00, 0x00, 0x00, 0x00, 0x00, 0x00, 0x00, 0x00, 0x00,
	0x00, 0x00, 0x00, 0x00, 0x00, 0x00, 0x00, 0x00, 0x00, 0x00, 0x00, 0x00, 0x00, 0x00, 0x00, 0x00,
	0x00, 0x00, 0x00, 0x00, 0x00, 0x00, 0x00, 0x00, 0x00, 0x00, 0x00, 0x00, 0x00, 0x00, 0x00, 0x00,
	0x00, 0x00, 0x00, 0x00, 0x00, 0x00, 0x00, 0x00, 0x00, 0x00, 0x00, 0x00, 0x00, 0x00, 0x00, 0x00,
	0x00, 0x00, 0x00, 0x00, 0x00, 0x00, 0x00, 0x00, 0x00, 0x00, 0x00, 0x00, 0x00, 0x00, 0x00, 0x00,
	0x00, 0x00, 0x00, 0x00, 0x00, 0x00, 0x00, 0x00, 0x00, 0x00, 0x00, 0x00, 0x00, 0x00, 0x00, 0x00,
	0x00, 0x00, 0x00, 0x00, 0x00, 0x00, 0x00, 0x00, 0x00, 0x00, 0x00, 0x00, 0x00, 0x00, 0x00, 0x00,
	0x00, 0x00, 0x00, 0x00, 0x00, 0x00, 0x00, 0x00, 0x00, 0x00, 0x00, 0x00, 0x00, 0x00, 0x00, 0x00,
	0x00, 0x00, 0x00, 0x00, 0x00, 0x00, 0x00, 0x00, 0x00, 0x00, 0x00, 0x00, 0x00, 0x00, 0x00, 0x00,
	0x00, 0x00, 0x00, 0x00, 0x00, 0x00, 0x00, 0x00, 0x00, 0x00, 0x00, 0x00, 0x00, 0x00, 0x00, 0x00,
	0x00, 0x00, 0x00, 0x00, 0x00, 0x00, 0x00, 0x00, 0x00, 0x00, 0x00, 0x00, 0x00, 0x00, 0x00, 0x00,
	0x00, 0x00, 0x00, 0x00, 0x00, 0x00, 0x00, 0x00, 0x00, 0x00, 0x00, 0x00, 0x00, 0x00, 0x00, 0x00,
	0x00, 0x00, 0x00, 0x00, 0x00, 0x00, 0x00, 0x00, 0x00, 0x00, 0x00, 0x00, 0x00, 0x00, 0x00, 0x00,
	0x00, 0x00, 0x00, 0x00, 0x00, 0x00, 0x00, 0x00, 0x00, 0x00, 0x00, 0x00, 0x00, 0x00, 0x00, 0x00,
	0x00, 0x00, 0x00, 0x00, 0x00, 0x00, 0x00, 0x00, 0x00, 0x00, 0x00, 0x00, 0x00, 0x00, 0x00, 0x00,
	0x00, 0x00, 0x00, 0x00, 0x00, 0x00, 0x00, 0x00, 0x00, 0x00, 0x00, 0x00, 0x00, 0x00, 0x00, 0x00,
	0x00, 0x00, 0x00, 0x00, 0x00, 0x00, 0x00, 0x00, 0x00, 0x00, 0x00, 0x00, 0x00, 0x00, 0x00, 0x00,
	0x00, 0x00, 0x00, 0x00, 0x00, 0x00, 0x00, 0x00, 0x00, 0x00, 0x00, 0x00, 0x00, 0x00, 0x00, 0x00,
	0x00, 0x00, 0x00, 0x00, 0x00, 0x00, 0x00, 0x00, 0x00, 0x00, 0x00, 0x00, 0x00, 0x00, 0x00, 0x00,
	0x00, 0x00, 0x00, 0x00, 0x00, 0x00, 0x00, 0x00, 0x00, 0x00, 0x00, 0x00, 0x00, 0x00, 0x00, 0x00,
	0x00, 0x00, 0x00, 0x00, 0x00, 0x00, 0x00, 0x00, 0x00, 0x00, 0x00, 0x00, 0x00, 0x00, 0x00, 0x00,
	0x00, 0x00, 0x00, 0x00, 0x00, 0x00, 0x00, 0x00, 0x00, 0x00, 0x00, 0x00, 0x00, 0x00, 0x00, 0x00,
	0x00, 0x00, 0x00, 0x00, 0x00, 0x00, 0x00, 0x00, 0x00, 0x00, 0x00, 0x00, 0x00, 0x00, 0x00, 0x00,
	0x00, 0x00, 0x00, 0x00, 0x00, 0x00, 0x00, 0x00, 0x00, 0x00, 0x00, 0x00, 0x00, 0x00, 0x00, 0x00,
	0x00, 0x00, 0x00, 0x00, 0x00, 0x00, 0x00, 0x00, 0x00, 0x00, 0x00, 0x00, 0x00, 0x00, 0x00, 0x00,
	0x00, 0x00, 0x00, 0x00, 0x00, 0x00, 0x00, 0x00, 0x00, 0x00, 0x00, 0x00, 0x00, 0x00, 0x00, 0x00,
	0x00, 0x00, 0x00, 0x00, 0x00, 0x00, 0x00, 0x00, 0x00, 0x00, 0x00, 0x00, 0x00, 0x00, 0x00, 0x00,
	0x00, 0x00, 0x00, 0x00, 0x00, 0x00, 0x00, 0x00, 0x00, 0x00, 0x00, 0x00, 0x00, 0x00, 0x00, 0x00,
	0x00, 0x00, 0x00, 0x00, 0x00, 0x00, 0x00, 0x00, 0x00, 0x00, 0x00, 0x00, 0x00, 0x00, 0x00, 0x00,
	0x00, 0x00, 0x00, 0x00, 0x00, 0x00, 0x00, 0x00, 0x00, 0x00, 0x00, 0x00, 0x00, 0x00, 0x00, 0x00,
	0x00, 0x00, 0x00, 0x00, 0x00, 0x00, 0x00, 0x00, 0x00, 0x00, 0x00, 0x00, 0x00, 0x00, 0x00, 0x00,
	0x00, 0x00, 0x00, 0x00, 0x00, 0x00, 0x00, 0x00, 0x00, 0x00, 0x00, 0x00, 0x00, 0x00, 0x00, 0x00,
	0x00, 0x00, 0x00, 0x00, 0x00, 0x00, 0x00, 0x00, 0x00, 0x00, 0x00, 0x00, 0x00, 0x00, 0x00, 0x00,
	0x00, 0x00, 0x00, 0x00, 0x00, 0x00, 0x00, 0x00, 0x00, 0x00, 0x00, 0x00, 0x00, 0x00, 0x00, 0x00,
	0x00, 0x00, 0x00, 0x00, 0x00, 0x00, 0x00, 0x00, 0x00, 0x00, 0x00, 0x00, 0x00, 0x00, 0x00, 0x00,
	0x00, 0x00, 0x00, 0x00, 0x00, 0x00, 0x00, 0x00, 0x00, 0x00, 0x00, 0x00, 0x00, 0x00, 0x00, 0x00,
	0x00, 0x00, 0x00, 0x00, 0x00, 0x00, 0x00, 0x00, 0x00, 0x00, 0x00, 0x00, 0x00, 0x00, 0x00, 0x00,
	0x00, 0x00, 0x00, 0x00, 0x00, 0x00, 0x00, 0x00, 0x00, 0x00, 0x00, 0x00, 0x00, 0x00, 0x00, 0x00,
	0x00, 0x00, 0x00, 0x00, 0x00, 0x00, 0x00, 0x00, 0x00, 0x00, 0x00, 0x00, 0x00, 0x00, 0x00, 0x00,
	0x00, 0x00, 0x00, 0x00, 0x00, 0x00, 0x00, 0x00, 0x00, 0x00, 0x00, 0x00, 0x00, 0x00, 0x00, 0x00,
	0x00, 0x00, 0x00, 0x00, 0x00, 0x00, 0x00, 0x00, 0x00, 0x00, 0x00, 0x00, 0x00, 0x00, 0x00, 0x00,
	0x00, 0x00, 0x00, 0x00, 0x00, 0x00, 0x00, 0x00, 0x00, 0x00, 0x00, 0x00, 0x00, 0x00, 0x00, 0x00,
	0x00, 0x00, 0x00, 0x00, 0x00, 0x00, 0x00, 0x00, 0x00, 0x00, 0x00, 0x00, 0x00, 0x00, 0x00, 0x00,
	0x00, 0x00, 0x00, 0x00, 0x00, 0x00, 0x00, 0x00, 0x00, 0x00, 0x00, 0x00, 0x00, 0x00, 0x00, 0x00,
	0x00, 0x00, 0x00, 0x00, 0x00, 0x00, 0x00, 0x00, 0x00, 0x00, 0x00, 0x00, 0x00, 0x00, 0x00, 0x00,
	0x00, 0x00, 0x00, 0x00, 0x00, 0x00, 0x00, 0x00, 0x00, 0x00, 0x00, 0x00, 0x00, 0x00, 0x00, 0x00,
	0x00, 0x00, 0x00, 0x00, 0x00, 0x00, 0x00, 0x00, 0x00, 0x00, 0x00, 0x00, 0x00, 0x00, 0x00, 0x00,
	0x00, 0x00, 0x00, 0x00, 0x00, 0x00, 0x00, 0x00, 0x00, 0x00, 0x00, 0x00, 0x00, 0x00, 0x00, 0x00,
	0x00, 0x00, 0x00, 0x00, 0x00, 0x00, 0x00, 0x00, 0x00, 0x00, 0x00, 0x00, 0x00, 0x00, 0x00, 0x00,
	0x00, 0x00, 0x00, 0x00, 0x00, 0x00, 0x00, 0x00, 0x00, 0x00, 0x00, 0x00, 0x00, 0x00, 0x00, 0x00,
	0x00, 0x00, 0x00, 0x00, 0x00, 0x00, 0x00, 0x00, 0x00, 0x00, 0x00, 0x00, 0x00, 0x00, 0x00, 0x00,
	0x00, 0x00, 0x00, 0x00, 0x00, 0x00, 0x00, 0x00, 0x00, 0x00, 0x00, 0x00, 0x00, 0x00, 0x00, 0x00,
	0x00, 0x00, 0x00, 0x00, 0x00, 0x00, 0x00, 0x00, 0x00, 0x00, 0x00, 0x00, 0x00, 0x00, 0x00, 0x00,
	0x00, 0x00, 0x00, 0x00, 0x00, 0x00, 0x00, 0x00, 0x00, 0x00, 0x00, 0x00, 0x00, 0x00, 0x00, 0x00,
	0x00, 0x00, 0x00, 0x00, 0x00, 0x00, 0x00, 0x00, 0x00, 0x00, 0x00, 0x00, 0x00, 0x00, 0x00, 0x00,
	0x00, 0x00, 0x00, 0x00, 0x00, 0x00, 0x00, 0x00, 0x00, 0x00, 0x00, 0x00, 0x00, 0x00, 0x00, 0x00,
	0x00, 0x00, 0x00, 0x00, 0x00, 0x00, 0x00, 0x00, 0x00, 0x00, 0x00, 0x00, 0x00, 0x00, 0x00, 0x00,
	0x00, 0x00, 0x00, 0x00, 0x00, 0x00, 0x00, 0x00, 0x00, 0x00, 0x00, 0x00, 0x00, 0x00, 0x00, 0x00,
	0x00, 0x00, 0x00, 0x00, 0x00, 0x00, 0x00, 0x00, 0x00, 0x00, 0x00, 0x00, 0x00, 0x00, 0x00, 0x00,
	0x00, 0x00, 0x00, 0x00, 0x00, 0x00, 0x00, 0x00, 0x00, 0x00, 0x00, 0x00, 0x00, 0x00, 0x00, 0x00,
	0x00, 0x00, 0x00, 0x00, 0x00, 0x00, 0x00, 0x00, 0x00, 0x00, 0x00, 0x00, 0x00, 0x00, 0x00, 0x00,
	0x00, 0x00, 0x00, 0x00, 0x00, 0x00, 0x00, 0x00, 0x00, 0x00, 0x00, 0x00, 0x00, 0x00, 0x00, 0x00,
	0x00, 0x00, 0x00, 0x00, 0x00, 0x00, 0x00, 0x00, 0x00, 0x00, 0x00, 0x00, 0x00, 0x00, 0x00, 0x00,
	0x00, 0x00, 0x00, 0x00, 0x00, 0x00, 0x00, 0x00, 0x00, 0x00, 0x00, 0x00, 0x00, 0x00, 0x00, 0x00,
	0x00, 0x00, 0x00, 0x00, 0x00, 0x00, 0x00, 0x00, 0x00, 0x00, 0x00, 0x00, 0x00, 0x00, 0x00, 0x00,
	0x00, 0x00, 0x00, 0x00, 0x00, 0x00, 0x00, 0x00, 0x00, 0x00, 0x00, 0x00, 0x00, 0x00, 0x00, 0x00,
	0x00, 0x00, 0x00, 0x00, 0x00, 0x00, 0x00, 0x00, 0x00, 0x00, 0x00, 0x00, 0x00, 0x00, 0x00, 0x00,
	0x00, 0x00, 0x00, 0x00, 0x00, 0x00, 0x00, 0x00, 0x00, 0x00, 0x00, 0x00, 0x00, 0x00, 0x00, 0x00,
	0x00, 0x00, 0x00, 0x00, 0x00, 0x00, 0x00, 0x00, 0x00, 0x00, 0x00, 0x00, 0x00, 0x00, 0x00, 0x00,
	0x00, 0x00, 0x00, 0x00, 0x00, 0x00, 0x00, 0x00, 0x00, 0x00, 0x00, 0x00, 0x00, 0x00, 0x00, 0x00,
	0x00, 0x00, 0x00, 0x00, 0x00, 0x00, 0x00, 0x00, 0x00, 0x00, 0x00, 0x00, 0x00, 0x00, 0x00, 0x00,
}

var combiningClassPages = [17664]uint8{
	0x00, 0x00, 0x00, 0x00, 0x00, 0x00, 0x00, 0x00, 0x00, 0x00, 0x00, 0x00, 0x00, 0x00, 0x00, 0x00,
	0x00, 0x00, 0x00, 0x00, 0x00, 0x00, 0x00, 0x00, 0x00, 0x00, 0x00, 0x00, 0x00, 0x00, 0x00, 0x00,
	0x00, 0x00, 0x00, 0x00, 0x00, 0x00, 0x00, 0x00, 0x00, 0x00, 0x00, 0x00, 0x00, 0x00, 0x00, 0x00,
	0x00, 0x00, 0x00, 0x00, 0x00, 0x00, 0x00, 0x00, 0x00, 0x00, 0x00, 0x00, 0x00, 0x00, 0x00, 0x00,
	0x00, 0x00, 0x00, 0x00, 0x00, 0x00, 0x00, 0x00, 0x00, 0x00, 0x00, 0x00, 0x00, 0x00, 0x00, 0x00,
	0x00, 0x00, 0x00, 0x00, 0x00, 0x00, 0x00, 0x00, 0x00, 0x00, 0x00, 0x00, 0x00, 0x00, 0x00, 0x00,
	0x00, 0x00, 0x00, 0x00, 0x00, 0x00, 0x00, 0x00, 0x00, 0x00, 0x00, 0x00, 0x00, 0x00, 0x00, 0x00,
	0x00, 0x00, 0x00, 0x00, 0x00, 0x00, 0x00, 0x00, 0x00, 0x00, 0x00, 0x00, 0x00, 0x00, 0x00, 0x00,
	0x00, 0x00, 0x00, 0x00, 0x00, 0x00, 0x00, 0x00, 0x00, 0x00, 0x00, 0x00, 0x00, 0x00, 0x00, 0x00,
	0x00, 0x00, 0x00, 0x00, 0x00, 0x00, 0x00, 0x00, 0x00, 0x00, 0x00, 0x00, 0x00, 0x00, 0x00, 0x00,
	0x00, 0x00, 0x00, 0x00, 0x00, 0x00, 0x00, 0x00, 0x00, 0x00, 0x00, 0x00, 0x00, 0x00, 0x00, 0x00,
	0x00, 0x00, 0x00, 0x00, 0x00, 0x00, 0x00, 0x00, 0x00, 0x00, 0x00, 0x00, 0x00, 0x00, 0x00, 0x00,
	0x00, 0x00, 0x00, 0x00, 0x00, 0x00, 0x00, 0x00, 0x00, 0x00, 0x00, 0x00, 0x00, 0x00, 0x00, 0x00,
	0x00, 0x00, 0x00, 0x00, 0x00, 0x00, 0x00, 0x00, 0x00, 0x00, 0x00, 0x00, 0x00, 0x00, 0x00, 0x00,
	0x00, 0x00, 0x00, 0x00, 0x00, 0x00, 0x00, 0x00, 0x00, 0x00, 0x00, 0x00, 0x00, 0x00, 0x00, 0x00,
	0x00, 0x00, 0x00, 0x00, 0x00, 0x00, 0x00, 0x00, 0x00, 0x00, 0x00, 0x00, 0x00, 0x00, 0x00, 0x00,
	0xE6, 0xE6, 0xE6, 0xE6, 0xE6, 0xE6, 0xE6, 0xE6, 0xE6, 0xE6, 0xE6, 0xE6, 0xE6, 0xE6, 0xE6, 0xE6,
	0xE6, 0xE6, 0xE6, 0xE6, 0xE6, 0xE8, 0xDC, 0xDC, 0xDC, 0xDC, 0xE8, 0xD8, 0xDC, 0xDC, 0xDC, 0xDC,
	0xDC, 0xCA, 0xCA, 0xDC, 0xDC, 0xDC, 0xDC, 0xCA, 0xCA, 0xDC, 0xDC, 0xDC, 0xDC, 0xDC, 0xDC, 0xDC,
	0xDC, 0xDC, 0xDC, 0xDC, 0x01, 0x01, 0x01, 0x01, 0x01, 0xDC, 0xDC, 0xDC, 0xDC, 0xE6, 0xE6, 0xE6,
	0xE6, 0xE6, 0xE6, 0xE6, 0xE6, 0xF0, 0xE6, 0xDC, 0xDC, 0xDC, 0xE6, 0xE6, 0xE6, 0xDC, 0xDC, 0x00,
	0xE6, 0xE6, 0xE6, 0xDC, 0xDC, 0xDC, 0xDC, 0xE6, 0xE8, 0xDC, 0xDC, 0xE6, 0xE9, 0xEA, 0xEA, 0xE9,
	0xEA, 0xEA, 0xE9, 0xE6, 0xE6, 0xE6, 0xE6, 0xE6, 0xE6, 0xE6, 0xE6, 0xE6, 0xE6, 0xE6, 0xE6, 0xE6,
	0x00, 0x00, 0x00, 0x00, 0x00, 0x00, 0x00, 0x00, 0x00, 0x00, 0x00, 0x00, 0x00, 0x00, 0x00, 0x00,
	0x00, 0x00, 0x00, 0x00, 0x00, 0x00, 0x00, 0x00, 0x00, 0x00, 0x00, 0x00, 0x00, 0x00, 0x00, 0x00,
	0x00, 0x00, 0x00, 0x00, 0x00, 0x00, 0x00, 0x00, 0x00, 0x00, 0x00, 0x00, 0x00, 0x00, 0x00, 0x00,
	0x00, 0x00, 0x00, 0x00, 0x00, 0x00, 0x00, 0x00, 0x00, 0x00, 0x00, 0x00, 0x00, 0x00, 0x00, 0x00,
	0x00, 0x00, 0x00, 0x00, 0x00, 0x00, 0x00, 0x00, 0x00, 0x00, 0x00, 0x00, 0x00, 0x00, 0x00, 0x00,
	0x00, 0x00, 0x00, 0x00, 0x00, 0x00, 0x00, 0x00, 0x00, 0x00, 0x00, 0x00, 0x00, 0x00, 0x00, 0x00,
	0x00, 0x00, 0x00, 0x00, 0x00, 0x00, 0x00, 0x00, 0x00, 0x00, 0x00, 0x00, 0x00, 0x00, 0x00, 0x00,
	0x00, 0x00, 0x00, 0x00, 0x00, 0x00, 0x00, 0x00, 0x00, 0x00, 0x00, 0x00, 0x00, 0x00, 0x00, 0x00,
	0x00, 0x00, 0x00, 0x00, 0x00, 0x00, 0x00, 0x00, 0x00, 0x00, 0x00, 0x00, 0x00, 0x00, 0x00, 0x00,
	0x00, 0x00, 0x00, 0x00, 0x00, 0x00, 0x00, 0x00, 0x00, 0x00, 0x00, 0x00, 0x00, 0x00, 0x00, 0x00,
	0x00, 0x00, 0x00, 0x00, 0x00, 0x00, 0x00, 0x00, 0x00, 0x00, 0x00, 0x00, 0x00, 0x00, 0x00, 0x00,
	0x00, 0x00, 0x00, 0x00, 0x00, 0x00, 0x00, 0x00, 0x00, 0x00, 0x00, 0x00, 0x00, 0x00, 0x00, 0x00,
	0x00, 0x00, 0x00, 0x00, 0x00, 0x00, 0x00, 0x00, 0x00, 0x00, 0x00, 0x00, 0x00, 0x00, 0x00, 0x00,
	0x00, 0x00, 0x00, 0x00, 0x00, 0x00, 0x00, 0x00, 0x00, 0x00, 0x00, 0x00, 0x00, 0x00, 0x00, 0x00,
	0x00, 0x00, 0x00, 0x00, 0x00, 0x00, 0x00, 0x00, 0x00, 0x00, 0x00, 0x00, 0x00, 0x00, 0x00, 0x00,
	0x00, 0x00, 0x00, 0x00, 0x00, 0x00, 0x00, 0x00, 0x00, 0x00, 0x00, 0x00, 0x00, 0x00, 0x00, 0x00,
	0x00, 0x00, 0x00, 0x00, 0x00, 0x00, 0x00, 0x00, 0x00, 0x00, 0x00, 0x00, 0x00, 0x00, 0x00, 0x00,
	0x00, 0x00, 0x00, 0xE6, 0xE6, 0xE6, 0xE6, 0xE6, 0x00, 0x00, 0x00, 0x00, 0x00, 0x00, 0x00, 0x00,
	0x00, 0x00, 0x00, 0x00, 0x00, 0x00, 0x00, 0x00, 0x00, 0x00, 0x00, 0x00, 0x00, 0x00, 0x00, 0x00,
	0x00, 0x00, 0x00, 0x00, 0x00, 0x00, 0x00, 0x00, 0x00, 0x00, 0x00, 0x00, 0x00, 0x00, 0x00, 0x00,
	0x00, 0x00, 0x00, 0x00, 0x00, 0x00, 0x00, 0x00, 0x00, 0x00, 0x00, 0x00, 0x00, 0x00, 0x00, 0x00,
	0x00, 0x00, 0x00, 0x00, 0x00, 0x00, 0x00, 0x00, 0x00, 0x00, 0x00, 0x00, 0x00, 0x00, 0x00, 0x00,
	0x00, 0x00, 0x00, 0x00, 0x00, 0x00, 0x00, 0x00, 0x00, 0x00, 0x00, 0x00, 0x00, 0x00, 0x00, 0x00,
	0x00, 0x00, 0x00, 0x00, 0x00, 0x00, 0x00, 0x00, 0x00, 0x00, 0x00, 0x00, 0x00, 0x00, 0x00, 0x00,
	0x00, 0x00, 0x00, 0x00, 0x00, 0x00, 0x00, 0x00, 0x00, 0x00, 0x00, 0x00, 0x00, 0x00, 0x00, 0x00,
	0x00, 0x00, 0x00, 0x00, 0x00, 0x00, 0x00, 0x00, 0x00, 0x00, 0x00, 0x00, 0x00, 0x00, 0x00, 0x00,
	0x00, 0x00, 0x00, 0x00, 0x00, 0x00, 0x00, 0x00, 0x00, 0x00, 0x00, 0x00, 0x00, 0x00, 0x00, 0x00,
	0x00, 0x00, 0x00, 0x00, 0x00, 0x00, 0x00, 0x00, 0x00, 0x00, 0x00, 0x00, 0x00, 0x00, 0x00, 0x00,
	0x00, 0x00, 0x00, 0x00, 0x00, 0x00, 0x00, 0x00, 0x00, 0x00, 0x00, 0x00, 0x00, 0x00, 0x00, 0x00,
	0x00, 0x00, 0x00, 0x00, 0x00, 0x00, 0x00, 0x00, 0x00, 0x00, 0x00, 0x00, 0x00, 0x00, 0x00, 0x00,
	0x00, 0x00, 0x00, 0x00, 0x00, 0x00, 0x00, 0x00, 0x00, 0x00, 0x00, 0x00, 0x00, 0x00, 0x00, 0x00,
	0x00, 0x00, 0x00, 0x00, 0x00, 0x00, 0x00, 0x00, 0x00, 0x00, 0x00, 0x00, 0x00, 0x00, 0x00, 0x00,
	0x00, 0x00, 0x00, 0x00, 0x00, 0x00, 0x00, 0x00, 0x00, 0x00, 0x00, 0x00, 0x00, 0x00, 0x00, 0x00,
	0x00, 0x00, 0x00, 0x00, 0x00, 0x00, 0x00, 0x00, 0x00, 0x00, 0x00, 0x00, 0x00, 0x00, 0x00, 0x00,
	0x00, 0xDC, 0xE6, 0xE6, 0xE6, 0xE6, 0xDC, 0xE6, 0xE6, 0xE6, 0xDE, 0xDC, 0xE6, 0xE6, 0xE6, 0xE6,
	0xE6, 0xE6, 0xDC, 0xDC, 0xDC, 0xDC, 0xDC, 0xDC, 0xE6, 0xE6, 0xDC, 0xE6, 0xE6, 0xDE, 0xE4, 0xE6,
	0x0A, 0x0B, 0x0C, 0x0D, 0x0E, 0x0F, 0x10, 0x11, 0x12, 0x13, 0x13, 0x14, 0x15, 0x16, 0x00, 0x17,
	0x00, 0x18, 0x19, 0x00, 0xE6, 0xDC, 0x00, 0x12, 0x0A, 0x15, 0x00, 0x00, 0x00, 0x00, 0x00, 0x00,
	0x00, 0x00, 0x00, 0x00, 0x00, 0x00, 0x00, 0x00, 0x00, 0x00, 0x00, 0x00, 0x00, 0x00, 0x00, 0x00,
	0x00, 0x00, 0x00, 0x00, 0x00, 0x00, 0x00, 0x00, 0x00, 0x00, 0x00, 0x00, 0x00, 0x00, 0x00, 0x00,
	0x00, 0x00, 0x00, 0x00, 0x00, 0x00, 0x00, 0x00, 0x00, 0x00, 0x00, 0x00, 0x00, 0x00, 0x00, 0x00,
	0x00, 0x00, 0x00, 0x00, 0x00, 0x00, 0x00, 0x00, 0x00, 0x00, 0x00, 0x00, 0x00, 0x00, 0x00, 0x00,
	0xE6, 0xE6, 0xE6, 0xE6, 0xE6, 0xE6, 0xE6, 0xE6, 0x1E, 0x1F, 0x20, 0x00, 0x00, 0x00, 0x00, 0x00,
	0x00, 0x00, 0x00, 0x00, 0x00, 0x00, 0x00, 0x00, 0x00, 0x00, 0x00, 0x00, 0x00, 0x00, 0x00, 0x00,
	0x00, 0x00, 0x00, 0x00, 0x00, 0x00, 0x00, 0x00, 0x00, 0x00, 0x00, 0x00, 0x00, 0x00, 0x00, 0x00,
	0x00, 0x00, 0x00, 0x00, 0x00, 0x00, 0x00, 0x00, 0x00, 0x00, 0x00, 0x1B, 0x1C, 0x1D, 0x1E, 0x1F,
	0x20, 0x21, 0x22, 0xE6, 0xE6, 0xDC, 0xDC, 0xE6, 0xE6, 0xE6, 0xE6, 0xE6, 0xDC, 0xE6, 0xE6, 0xDC,
	0x00, 0x00, 0x00, 0x00, 0x00, 0x00, 0x00, 0x00, 0x00, 0x00, 0x00, 0x00, 0x00, 0x00, 0x00, 0x00,
	0x23, 0x00, 0x00, 0x00, 0x00, 0x00, 0x00, 0x00, 0x00, 0x00, 0x00, 0x00, 0x00, 0x00, 0x00, 0x00,
	0x00, 0x00, 0x00, 0x00, 0x00, 0x00, 0x00, 0x00, 0x00, 0x00, 0x00, 0x00, 0x00, 0x00, 0x00, 0x00,
	0x00, 0x00, 0x00, 0x00, 0x00, 0x00, 0x00, 0x00, 0x00, 0x00, 0x00, 0x00, 0x00, 0x00, 0x00, 0x00,
	0x00, 0x00, 0x00, 0x00, 0x00, 0x00, 0x00, 0x00, 0x00, 0x00, 0x00, 0x00, 0x00, 0x00, 0x00, 0x00,
	0x00, 0x00, 0x00, 0x00, 0x00, 0x00, 0x00, 0x00, 0x00, 0x00, 0x00, 0x00, 0x00, 0x00, 0x00, 0x00,
	0x00, 0x00, 0x00, 0x00, 0x00, 0x00, 0x00, 0x00, 0x00, 0x00, 0x00, 0x00, 0x00, 0x00, 0x00, 0x00,
	0x00, 0x00, 0x00, 0x00, 0x00, 0x00, 0xE6, 0xE6, 0xE6, 0xE6, 0xE6, 0xE6, 0xE6, 0x00, 0x00, 0xE6,
	0xE6, 0xE6, 0xE6, 0xDC, 0xE6, 0x00, 0x00, 0xE6, 0xE6, 0x00, 0xDC, 0xE6, 0xE6, 0xDC, 0x00, 0x00,
	0x00, 0x00, 0x00, 0x00, 0x00, 0x00, 0x00, 0x00, 0x00, 0x00, 0x00, 0x00, 0x00, 0x00, 0x00, 0x00,
	0x00, 0x00, 0x00, 0x00, 0x00, 0x00, 0x00, 0x00, 0x00, 0x00, 0x00, 0x00, 0x00, 0x00, 0x00, 0x00,
	0x00, 0x24, 0x00, 0x00, 0x00, 0x00, 0x00, 0x00, 0x00, 0x00, 0x00, 0x00, 0x00, 0x00, 0x00, 0x00,
	0x00, 0x00, 0x00, 0x00, 0x00, 0x00, 0x00, 0x00, 0x00, 0x00, 0x00, 0x00, 0x00, 0x00, 0x00, 0x00,
	0xE6, 0xDC, 0xE6, 0xE6, 0xDC, 0xE6, 0xE6, 0xDC, 0xDC, 0xDC, 0xE6, 0xDC, 0xDC, 0xE6, 0xDC, 0xE6,
	0xE6, 0xE6, 0xDC, 0xE6, 0xDC, 0xE6, 0xDC, 0xE6, 0xDC, 0xE6, 0xE6, 0x00, 0x00, 0x00, 0x00, 0x00,
	0x00, 0x00, 0x00, 0x00, 0x00, 0x00, 0x00, 0x00, 0x00, 0x00, 0x00, 0x00, 0x00, 0x00, 0x00, 0x00,
	0x00, 0x00, 0x00, 0x00, 0x00, 0x00, 0x00, 0x00, 0x00, 0x00, 0x00, 0x00, 0x00, 0x00, 0x00, 0x00,
	0x00, 0x00, 0x00, 0x00, 0x00, 0x00, 0x00, 0x00, 0x00, 0x00, 0x00, 0x00, 0x00, 0x00, 0x00, 0x00,
	0x00, 0x00, 0x00, 0x00, 0x00, 0x00, 0x00, 0x00, 0x00, 0x00, 0x00, 0x00, 0x00, 0x00, 0x00, 0x00,
	0x00, 0x00, 0x00, 0x00, 0x00, 0x00, 0x00, 0x00, 0x00, 0x00, 0x00, 0x00, 0x00, 0x00, 0x00, 0x00,
	0x00, 0x00, 0x00, 0x00, 0x00, 0x00, 0x00, 0x00, 0x00, 0x00, 0x00, 0x00, 0x00, 0x00, 0x00, 0x00,
	0x00, 0x00, 0x00, 0x00, 0x00, 0x00, 0x00, 0x00, 0x00, 0x00, 0x00, 0x00, 0x00, 0x00, 0x00, 0x00,
	0x00, 0x00, 0x00, 0x00, 0x00, 0x00, 0x00, 0x00, 0x00, 0x00, 0x00, 0x00, 0x00, 0x00, 0x00, 0x00,
	0x00, 0x00, 0x00, 0x00, 0x00, 0x00, 0x00, 0x00, 0x00, 0x00, 0x00, 0x00, 0x00, 0x00, 0x00, 0x00,
	0x00, 0x00, 0x00, 0x00, 0x00, 0x00, 0x00, 0x00, 0x00, 0x00, 0x00, 0xE6, 0xE6, 0xE6, 0xE6, 0xE6,
	0xE6, 0xE6, 0xDC, 0xE6, 0x00, 0x00, 0x00, 0x00, 0x00, 0x00, 0x00, 0x00, 0x00, 0xDC, 0x00, 0x00,
	0x00, 0x00, 0x00, 0x00, 0x00, 0x00, 0x00, 0x00, 0x00, 0x00, 0x00, 0x00, 0x00, 0x00, 0x00, 0x00,
	0x00, 0x00, 0x00, 0x00, 0x00, 0x00, 0xE6, 0xE6, 0xE6, 0xE6, 0x00, 0xE6, 0xE6, 0xE6, 0xE6, 0xE6,
	0xE6, 0xE6, 0xE6, 0xE6, 0x00, 0xE6, 0xE6, 0xE6, 0x00, 0xE6, 0xE6, 0xE6, 0xE6, 0xE6, 0x00, 0x00,
	0x00, 0x00, 0x00, 0x00, 0x00, 0x00, 0x00, 0x00, 0x00, 0x00, 0x00, 0x00, 0x00, 0x00, 0x00, 0x00,
	0x00, 0x00, 0x00, 0x00, 0x00, 0x00, 0x00, 0x00, 0x00, 0x00, 0x00, 0x00, 0x00, 0x00, 0x00, 0x00,
	0x00, 0x00, 0x00, 0x00, 0x00, 0x00, 0x00, 0x00, 0x00, 0xDC, 0xDC, 0xDC, 0x00, 0x00, 0x00, 0x00,
	0x00, 0x00, 0x00, 0x00, 0x00, 0x00, 0x00, 0x00, 0x00, 0x00, 0x00, 0x00, 0x00, 0x00, 0x00, 0x00,
	0x00, 0x00, 0x00, 0x00, 0x00, 0x00, 0x00, 0x00, 0x00, 0x00, 0x00, 0x00, 0x00, 0x00, 0x00, 0x00,
	0x00, 0x00, 0x00, 0x00, 0x00, 0x00, 0x00, 0x00, 0x00, 0x00, 0x00, 0x00, 0x00, 0x00, 0x00, 0x00,
	0x00, 0x00, 0x00, 0x00, 0x00, 0x00, 0x00, 0xE6, 0xE6, 0xDC, 0xDC, 0xDC, 0xE6, 0xE6, 0xE6, 0xE6,
	0x00, 0x00, 0x00, 0x00, 0x00, 0x00, 0x00, 0x00, 0x00, 0x00, 0x00, 0x00, 0x00, 0x00, 0x00, 0x00,
	0x00, 0x00, 0x00, 0x00, 0x00, 0x00, 0x00, 0x00, 0x00, 0x00, 0x00, 0x00, 0x00, 0x00, 0x00, 0x00,
	0x00, 0x00, 0x00, 0x00, 0x00, 0x00, 0x00, 0x00, 0x00, 0x00, 0xE6, 0xE6, 0xE6, 0xE6, 0xE6, 0xDC,
	0xDC, 0xDC, 0xDC, 0xDC, 0xE6, 0xE6, 0xE6, 0xE6, 0xE6, 0xE6, 0xE6, 0xE6, 0xE6, 0xE6, 0xE6, 0xE6,
	0xE6, 0xE6, 0x00, 0xDC, 0xE6, 0xE6, 0xDC, 0xE6, 0xE6, 0xDC, 0xE6, 0xE6, 0xE6, 0xDC, 0xDC, 0xDC,
	0x1B, 0x1C, 0x1D, 0xE6, 0xE6, 0xE6, 0xDC, 0xE6, 0xE6, 0xDC, 0xDC, 0xE6, 0xE6, 0xE6, 0xE6, 0xE6,
	0x00, 0x00, 0x00, 0x00, 0x00, 0x00, 0x00, 0x00, 0x00, 0x00, 0x00, 0x00, 0x00, 0x00, 0x00, 0x00,
	0x00, 0x00, 0x00, 0x00, 0x00, 0x00, 0x00, 0x00, 0x00, 0x00, 0x00, 0x00, 0x00, 0x00, 0x00, 0x00,
	0x00, 0x00, 0x00, 0x00, 0x00, 0x00, 0x00, 0x00, 0x00, 0x00, 0x00, 0x00, 0x00, 0x00, 0x00, 0x00,
	0x00, 0x00, 0x00, 0x00, 0x00, 0x00, 0x00, 0x00, 0x00, 0x00, 0x00, 0x00, 0x07, 0x00, 0x00, 0x00,
	0x00, 0x00, 0x00, 0x00, 0x00, 0x00, 0x00, 0x00, 0x00, 0x00, 0x00, 0x00, 0x00, 0x09, 0x00, 0x00,
	0x00, 0xE6, 0xDC, 0xE6, 0xE6, 0x00, 0x00, 0x00, 0x00, 0x00, 0x00, 0x00, 0x00, 0x00, 0x00, 0x00,
	0x00, 0x00, 0x00, 0x00, 0x00, 0x00, 0x00, 0x00, 0x00, 0x00, 0x00, 0x00, 0x00, 0x00, 0x00, 0x00,
	0x00, 0x00, 0x00, 0x00, 0x00, 0x00, 0x00, 0x00, 0x00, 0x00, 0x00, 0x00, 0x00, 0x00, 0x00, 0x00,
	0x00, 0x00, 0x00, 0x00, 0x00, 0x00, 0x00, 0x00, 0x00, 0x00, 0x00, 0x00, 0x00, 0x00, 0x00, 0x00,
	0x00, 0x00, 0x00, 0x00, 0x00, 0x00, 0x00, 0x00, 0x00, 0x00, 0x00, 0x00, 0x00, 0x00, 0x00, 0x00,
	0x00, 0x00, 0x00, 0x00, 0x00, 0x00, 0x00, 0x00, 0x00, 0x00, 0x00, 0x00, 0x00, 0x00, 0x00, 0x00,
	0x00, 0x00, 0x00, 0x00, 0x00, 0x00, 0x00, 0x00, 0x00, 0x00, 0x00, 0x00, 0x07, 0x00, 0x00, 0x00,
	0x00, 0x00, 0x00, 0x00, 0x00, 0x00, 0x00, 0x00, 0x00, 0x00, 0x00, 0x00, 0x00, 0x09, 0x00, 0x00,
	0x00, 0x00, 0x00, 0x00, 0x00, 0x00, 0x00, 0x00, 0x00, 0x00, 0x00, 0x00, 0x00, 0x00, 0x00, 0x00,
	0x00, 0x00, 0x00, 0x00, 0x00, 0x00, 0x00, 0x00, 0x00, 0x00, 0x00, 0x00, 0x00, 0x00, 0x00, 0x00,
	0x00, 0x00, 0x00, 0x00, 0x00, 0x00, 0x00, 0x00, 0x00, 0x00, 0x00, 0x00, 0x00, 0x00, 0xE6, 0x00,
	0x00, 0x00, 0x00, 0x00, 0x00, 0x00, 0x00, 0x00, 0x00, 0x00, 0x00, 0x00, 0x00, 0x00, 0x00, 0x00,
	0x00, 0x00, 0x00, 0x00, 0x00, 0x00, 0x00, 0x00, 0x00, 0x00, 0x00, 0x00, 0x00, 0x00, 0x00, 0x00,
	0x00, 0x00, 0x00, 0x00, 0x00, 0x00, 0x00, 0x00, 0x00, 0x00, 0x00, 0x00, 0x00, 0x00, 0x00, 0x00,
	0x00, 0x00, 0x00, 0x00, 0x00, 0x00, 0x00, 0x00, 0x00, 0x00, 0x00, 0x00, 0x07, 0x00, 0x00, 0x00,
	0x00, 0x00, 0x00, 0x00, 0x00, 0x00, 0x00, 0x00, 0x00, 0x00, 0x00, 0x00, 0x00, 0x09, 0x00, 0x00,
	0x00, 0x00, 0x00, 0x00, 0x00, 0x00, 0x00, 0x00, 0x00, 0x00, 0x00, 0x00, 0x00, 0x00, 0x00, 0x00,
	0x00, 0x00, 0x00, 0x00, 0x00, 0x00, 0x00, 0x00, 0x00, 0x00, 0x00, 0x00, 0x00, 0x00, 0x00, 0x00,
	0x00, 0x00, 0x00, 0x00, 0x00, 0x00, 0x00, 0x00, 0x00, 0x00, 0x00, 0x00, 0x00, 0x00, 0x00, 0x00,
	0x00, 0x00, 0x00, 0x00, 0x00, 0x00, 0x00, 0x00, 0x00, 0x00, 0x00, 0x00, 0x00, 0x00, 0x00, 0x00,
	0x00, 0x00, 0x00, 0x00, 0x00, 0x00, 0x00, 0x00, 0x00, 0x00, 0x00, 0x00, 0x00, 0x00, 0x00, 0x00,
	0x00, 0x00, 0x00, 0x00, 0x00, 0x00, 0x00, 0x00, 0x00, 0x00, 0x00, 0x00, 0x00, 0x00, 0x00, 0x00,
	0x00, 0x00, 0x00, 0x00, 0x00, 0x00, 0x00, 0x00, 0x00, 0x00, 0x00, 0x00, 0x07, 0x00, 0x00, 0x00,
	0x00, 0x00, 0x00, 0x00, 0x00, 0x00, 0x00, 0x00, 0x00, 0x00, 0x00, 0x00, 0x00, 0x09, 0x00, 0x00,
	0x00, 0x00, 0x00, 0x00, 0x00, 0x00, 0x00, 0x00, 0x00, 0x00, 0x00, 0x00, 0x00, 0x00, 0x00, 0x00,
	0x00, 0x00, 0x00, 0x00, 0x00, 0x00, 0x00, 0x00, 0x00, 0x00, 0x00, 0x00, 0x00, 0x00, 0x00, 0x00,
	0x00, 0x00, 0x00, 0x00, 0x00, 0x00, 0x00, 0x00, 0x00, 0x00, 0x00, 0x00, 0x00, 0x00, 0x00, 0x00,
	0x00, 0x00, 0x00, 0x00, 0x00, 0x00, 0x00, 0x00, 0x00, 0x00, 0x00, 0x00, 0x00, 0x00, 0x00, 0x00,
	0x00, 0x00, 0x00, 0x00, 0x00, 0x00, 0x00, 0x00, 0x00, 0x00, 0x00, 0x00, 0x00, 0x00, 0x00, 0x00,
	0x00, 0x00, 0x00, 0x00, 0x00, 0x00, 0x00, 0x00, 0x00, 0x00, 0x00, 0x00, 0x00, 0x00, 0x00, 0x00,
	0x00, 0x00, 0x00, 0x00, 0x00, 0x00, 0x00, 0x00, 0x00, 0x00, 0x00, 0x00, 0x07, 0x00, 0x00, 0x00,
	0x00, 0x00, 0x00, 0x00, 0x00, 0x00, 0x00, 0x00, 0x00, 0x00, 0x00, 0x00, 0x00, 0x09, 0x00, 0x00,
	0x00, 0x00, 0x00, 0x00, 0x00, 0x00, 0x00, 0x00, 0x00, 0x00, 0x00, 0x00, 0x00, 0x00, 0x00, 0x00,
	0x00, 0x00, 0x00, 0x00, 0x00, 0x00, 0x00, 0x00, 0x00, 0x00, 0x00, 0x00, 0x00, 0x00, 0x00, 0x00,
	0x00, 0x00, 0x00, 0x00, 0x00, 0x00, 0x00, 0x00, 0x00, 0x00, 0x00, 0x00, 0x00, 0x00, 0x00, 0x00,
	0x00, 0x00, 0x00, 0x00, 0x00, 0x00, 0x00, 0x00, 0x00, 0x00, 0x00, 0x00, 0x00, 0x00, 0x00, 0x00,
	0x00, 0x00, 0x00, 0x00, 0x00, 0x00, 0x00, 0x00, 0x00, 0x00, 0x00, 0x00, 0x00, 0x00, 0x00, 0x00,
	0x00, 0x00, 0x00, 0x00, 0x00, 0x00, 0x00, 0x00, 0x00, 0x00, 0x00, 0x00, 0x00, 0x00, 0x00, 0x00,
	0x00, 0x00, 0x00, 0x00, 0x00, 0x00, 0x00, 0x00, 0x00, 0x00, 0x00, 0x00, 0x00, 0x00, 0x00, 0x00,
	0x00, 0x00, 0x00, 0x00, 0x00, 0x00, 0x00, 0x00, 0x00, 0x00, 0x00, 0x00, 0x00, 0x09, 0x00, 0x00,
	0x00, 0x00, 0x00, 0x00, 0x00, 0x00, 0x00, 0x00, 0x00, 0x00, 0x00, 0x00, 0x00, 0x00, 0x00, 0x00,
	0x00, 0x00, 0x00, 0x00, 0x00, 0x00, 0x00, 0x00, 0x00, 0x00, 0x00, 0x00, 0x00, 0x00, 0x00, 0x00,
	0x00, 0x00, 0x00, 0x00, 0x00, 0x00, 0x00, 0x00, 0x00, 0x00, 0x00, 0x00, 0x00, 0x00, 0x00, 0x00,
	0x00, 0x00, 0x00, 0x00, 0x00, 0x00, 0x00, 0x00, 0x00, 0x00, 0x00, 0x00, 0x00, 0x00, 0x00, 0x00,
	0x00, 0x00, 0x00, 0x00, 0x00, 0x00, 0x00, 0x00, 0x00, 0x00, 0x00, 0x00, 0x00, 0x00, 0x00, 0x00,
	0x00, 0x00, 0x00, 0x00, 0x00, 0x00, 0x00, 0x00, 0x00, 0x00, 0x00, 0x00, 0x00, 0x00, 0x00, 0x00,
	0x00, 0x00, 0x00, 0x00, 0x00, 0x00, 0x00, 0x00, 0x00, 0x00, 0x00, 0x00, 0x07, 0x00, 0x00, 0x00,
	0x00, 0x00, 0x00, 0x00, 0x00, 0x00, 0x00, 0x00, 0x00, 0x00, 0x00, 0x00, 0x00, 0x09, 0x00, 0x00,
	0x00, 0x00, 0x00, 0x00, 0x00, 0x54, 0x5B, 0x00, 0x00, 0x00, 0x00, 0x00, 0x00, 0x00, 0x00, 0x00,
	0x00, 0x00, 0x00, 0x00, 0x00, 0x00, 0x00, 0x00, 0x00, 0x00, 0x00, 0x00, 0x00, 0x00, 0x00, 0x00,
	0x00, 0x00, 0x00, 0x00, 0x00, 0x00, 0x00, 0x00, 0x00, 0x00, 0x00, 0x00, 0x00, 0x00, 0x00, 0x00,
	0x00, 0x00, 0x00, 0x00, 0x00, 0x00, 0x00, 0x00, 0x00, 0x00, 0x00, 0x00, 0x00, 0x00, 0x00, 0x00,
	0x00, 0x00, 0x00, 0x00, 0x00, 0x00, 0x00, 0x00, 0x00, 0x00, 0x00, 0x00, 0x00, 0x00, 0x00, 0x00,
	0x00, 0x00, 0x00, 0x00, 0x00, 0x00, 0x00, 0x00, 0x00, 0x00, 0x00, 0x00, 0x00, 0x00, 0x00, 0x00,
	0x00, 0x00, 0x00, 0x00, 0x00, 0x00, 0x00, 0x00, 0x00, 0x00, 0x00, 0x00, 0x07, 0x00, 0x00, 0x00,
	0x00, 0x00, 0x00, 0x00, 0x00, 0x00, 0x00, 0x00, 0x00, 0x00, 0x00, 0x00, 0x00, 0x09, 0x00, 0x00,
	0x00, 0x00, 0x00, 0x00, 0x00, 0x00, 0x00, 0x00, 0x00, 0x00, 0x00, 0x00, 0x00, 0x00, 0x00, 0x00,
	0x00, 0x00, 0x00, 0x00, 0x00, 0x00, 0x00, 0x00, 0x00, 0x00, 0x00, 0x00, 0x00, 0x00, 0x00, 0x00,
	0x00, 0x00, 0x00, 0x00, 0x00, 0x00, 0x00, 0x00, 0x00, 0x00, 0x00, 0x00, 0x00, 0x00, 0x00, 0x00,
	0x00, 0x00, 0x00, 0x00, 0x00, 0x00, 0x00, 0x00, 0x00, 0x00, 0x00, 0x00, 0x00, 0x00, 0x00, 0x00,
	0x00, 0x00, 0x00, 0x00, 0x00, 0x00, 0x00, 0x00, 0x00, 0x00, 0x00, 0x00, 0x00, 0x00, 0x00, 0x00,
	0x00, 0x00, 0x00, 0x00, 0x00, 0x00, 0x00, 0x00, 0x00, 0x00, 0x00, 0x00, 0x00, 0x00, 0x00, 0x00,
	0x00, 0x00, 0x00, 0x00, 0x00, 0x00, 0x00, 0x00, 0x00, 0x00, 0x00, 0x09, 0x09, 0x00, 0x00, 0x00,
	0x00, 0x00, 0x00, 0x00, 0x00, 0x00, 0x00, 0x00, 0x00, 0x00, 0x00, 0x00, 0x00, 0x09, 0x00, 0x00,
	0x00, 0x00, 0x00, 0x00, 0x00, 0x00, 0x00, 0x00, 0x00, 0x00, 0x00, 0x00, 0x00, 0x00, 0x00, 0x00,
	0x00, 0x00, 0x00, 0x00, 0x00, 0x00, 0x00, 0x00, 0x00, 0x00, 0x00, 0x00, 0x00, 0x00, 0x00, 0x00,
	0x00, 0x00, 0x00, 0x00, 0x00, 0x00, 0x00, 0x00, 0x00, 0x00, 0x00, 0x00, 0x00, 0x00, 0x00, 0x00,
	0x00, 0x00, 0x00, 0x00, 0x00, 0x00, 0x00, 0x00, 0x00, 0x00, 0x00, 0x00, 0x00, 0x00, 0x00, 0x00,
	0x00, 0x00, 0x00, 0x00, 0x00, 0x00, 0x00, 0x00, 0x00, 0x00, 0x00, 0x00, 0x00, 0x00, 0x00, 0x00,
	0x00, 0x00, 0x00, 0x00, 0x00, 0x00, 0x00, 0x00, 0x00, 0x00, 0x00, 0x00, 0x00, 0x00, 0x00, 0x00,
	0x00, 0x00, 0x00, 0x00, 0x00, 0x00, 0x00, 0x00, 0x00, 0x00, 0x00, 0x00, 0x00, 0x00, 0x00, 0x00,
	0x00, 0x00, 0x00, 0x00, 0x00, 0x00, 0x00, 0x00, 0x00, 0x00, 0x09, 0x00, 0x00, 0x00, 0x00, 0x00,
	0x00, 0x00, 0x00, 0x00, 0x00, 0x00, 0x00, 0x00, 0x00, 0x00, 0x00, 0x00, 0x00, 0x00, 0x00, 0x00,
	0x00, 0x00, 0x00, 0x00, 0x00, 0x00, 0x00, 0x00, 0x00, 0x00, 0x00, 0x00, 0x00, 0x00, 0x00, 0x00,
	0x00, 0x00, 0x00, 0x00, 0x00, 0x00, 0x00, 0x00, 0x00, 0x00, 0x00, 0x00, 0x00, 0x00, 0x00, 0x00,
	0x00, 0x00, 0x00, 0x00, 0x00, 0x00, 0x00, 0x00, 0x00, 0x00, 0x00, 0x00, 0x00, 0x00, 0x00, 0x00,
	0x00, 0x00, 0x00, 0x00, 0x00, 0x00, 0x00, 0x00, 0x00, 0x00, 0x00, 0x00, 0x00, 0x00, 0x00, 0x00,
	0x00, 0x00, 0x00, 0x00, 0x00, 0x00, 0x00, 0x00, 0x00, 0x00, 0x00, 0x00, 0x00, 0x00, 0x00, 0x00,
	0x00, 0x00, 0x00, 0x00, 0x00, 0x00, 0x00, 0x00, 0x67, 0x67, 0x09, 0x00, 0x00, 0x00, 0x00, 0x00,
	0x00, 0x00, 0x00, 0x00, 0x00, 0x00, 0x00, 0x00, 0x6B, 0x6B, 0x6B, 0x6B, 0x00, 0x00, 0x00, 0x00,
	0x00, 0x00, 0x00, 0x00, 0x00, 0x00, 0x00, 0x00, 0x00, 0x00, 0x00, 0x00, 0x00, 0x00, 0x00, 0x00,
	0x00, 0x00, 0x00, 0x00, 0x00, 0x00, 0x00, 0x00, 0x00, 0x00, 0x00, 0x00, 0x00, 0x00, 0x00, 0x00,
	0x00, 0x00, 0x00, 0x00, 0x00, 0x00, 0x00, 0x00, 0x00, 0x00, 0x00, 0x00, 0x00, 0x00, 0x00, 0x00,
	0x00, 0x00, 0x00, 0x00, 0x00, 0x00, 0x00, 0x00, 0x00, 0x00, 0x00, 0x00, 0x00, 0x00, 0x00, 0x00,
	0x00, 0x00, 0x00, 0x00, 0x00, 0x00, 0x00, 0x00, 0x00, 0x00, 0x00, 0x00, 0x00, 0x00, 0x00, 0x00,
	0x00, 0x00, 0x00, 0x00, 0x00, 0x00, 0x00, 0x00, 0x00, 0x00, 0x00, 0x00, 0x00, 0x00, 0x00, 0x00,
	0x00, 0x00, 0x00, 0x00, 0x00, 0x00, 0x00, 0x00, 0x76, 0x76, 0x09, 0x00, 0x00, 0x00, 0x00, 0x00,
	0x00, 0x00, 0x00, 0x00, 0x00, 0x00, 0x00, 0x00, 0x7A, 0x7A, 0x7A, 0x7A, 0x00, 0x00, 0x00, 0x00,
	0x00, 0x00, 0x00, 0x00, 0x00, 0x00, 0x00, 0x00, 0x00, 0x00, 0x00, 0x00, 0x00, 0x00, 0x00, 0x00,
	0x00, 0x00, 0x00, 0x00, 0x00, 0x00, 0x00, 0x00, 0x00, 0x00, 0x00, 0x00, 0x00, 0x00, 0x00, 0x00,
	0x00, 0x00, 0x00, 0x00, 0x00, 0x00, 0x00, 0x00, 0x00, 0x00, 0x00, 0x00, 0x00, 0x00, 0x00, 0x00,
	0x00, 0x00, 0x00, 0x00, 0x00, 0x00, 0x00, 0x00, 0x00, 0x00, 0x00, 0x00, 0x00, 0x00, 0x00, 0x00,
	0x00, 0x00, 0x00, 0x00, 0x00, 0x00, 0x00, 0x00, 0xDC, 0xDC, 0x00, 0x00, 0x00, 0x00, 0x00, 0x00,
	0x00, 0x00, 0x00, 0x00, 0x00, 0x00, 0x00, 0x00, 0x00, 0x00, 0x00, 0x00, 0x00, 0x00, 0x00, 0x00,
	0x00, 0x00, 0x00, 0x00, 0x00, 0xDC, 0x00, 0xDC, 0x00, 0xD8, 0x00, 0x00, 0x00, 0x00, 0x00, 0x00,
	0x00, 0x00, 0x00, 0x00, 0x00, 0x00, 0x00, 0x00, 0x00, 0x00, 0x00, 0x00, 0x00, 0x00, 0x00, 0x00,
	0x00, 0x00, 0x00, 0x00, 0x00, 0x00, 0x00, 0x00, 0x00, 0x00, 0x00, 0x00, 0x00, 0x00, 0x00, 0x00,
	0x00, 0x00, 0x00, 0x00, 0x00, 0x00, 0x00, 0x00, 0x00, 0x00, 0x00, 0x00, 0x00, 0x00, 0x00, 0x00,
	0x00, 0x81, 0x82, 0x00, 0x84, 0x00, 0x00, 0x00, 0x00, 0x00, 0x82, 0x82, 0x82, 0x82, 0x00, 0x00,
	0x82, 0x00, 0xE6, 0xE6, 0x09, 0x00, 0xE6, 0xE6, 0x00, 0x00, 0x00, 0x00, 0x00, 0x00, 0x00, 0x00,
	0x00, 0x00, 0x00, 0x00, 0x00, 0x00, 0x00, 0x00, 0x00, 0x00, 0x00, 0x00, 0x00, 0x00, 0x00, 0x00,
	0x00, 0x00, 0x00, 0x00, 0x00, 0x00, 0x00, 0x00, 0x00, 0x00, 0x00, 0x00, 0x00, 0x00, 0x00, 0x00,
	0x00, 0x00, 0x00, 0x00, 0x00, 0x00, 0x00, 0x00, 0x00, 0x00, 0x00, 0x00, 0x00, 0x00, 0x00, 0x00,
	0x00, 0x00, 0x00, 0x00, 0x00, 0x00, 0xDC, 0x00, 0x00, 0x00, 0x00, 0x00, 0x00, 0x00, 0x00, 0x00,
	0x00, 0x00, 0x00, 0x00, 0x00, 0x00, 0x00, 0x00, 0x00, 0x00, 0x00, 0x00, 0x00, 0x00, 0x00, 0x00,
	0x00, 0x00, 0x00, 0x00, 0x00, 0x00, 0x00, 0x00, 0x00, 0x00, 0x00, 0x00, 0x00, 0x00, 0x00, 0x00,
	0x00, 0x00, 0x00, 0x00, 0x00, 0x00, 0x00, 0x00, 0x00, 0x00, 0x00, 0x00, 0x00, 0x00, 0x00, 0x00,
	0x00, 0x00, 0x00, 0x00, 0x00, 0x00, 0x00, 0x00, 0x00, 0x00, 0x00, 0x00, 0x00, 0x00, 0x00, 0x00,
	0x00, 0x00, 0x00, 0x00, 0x00, 0x00, 0x00, 0x00, 0x00, 0x00, 0x00, 0x00, 0x00, 0x00, 0x00, 0x00,
	0x00, 0x00, 0x00, 0x00, 0x00, 0x00, 0x00, 0x00, 0x00, 0x00, 0x00, 0x00, 0x00, 0x00, 0x00, 0x00,
	0x00, 0x00, 0x00, 0x00, 0x00, 0x00, 0x00, 0x07, 0x00, 0x09, 0x09, 0x00, 0x00, 0x00, 0x00, 0x00,
	0x00, 0x00, 0x00, 0x00, 0x00, 0x00, 0x00, 0x00, 0x00, 0x00, 0x00, 0x00, 0x00, 0x00, 0x00, 0x00,
	0x00, 0x00, 0x00, 0x00, 0x00, 0x00, 0x00, 0x00, 0x00, 0x00, 0x00, 0x00, 0x00, 0x00, 0x00, 0x00,
	0x00, 0x00, 0x00, 0x00, 0x00, 0x00, 0x00, 0x00, 0x00, 0x00, 0x00, 0x00, 0x00, 0x00, 0x00, 0x00,
	0x00, 0x00, 0x00, 0x00, 0x00, 0x00, 0x00, 0x00, 0x00, 0x00, 0x00, 0x00, 0x00, 0x00, 0x00, 0x00,
	0x00, 0x00, 0x00, 0x00, 0x00, 0x00, 0x00, 0x00, 0x00, 0x00, 0x00, 0x00, 0x00, 0xDC, 0x00, 0x00,
	0x00, 0x00, 0x00, 0x00, 0x00, 0x00, 0x00, 0x00, 0x00, 0x00, 0x00, 0x00, 0x00, 0x00, 0x00, 0x00,
	0x00, 0x00, 0x00, 0x00, 0x00, 0x00, 0x00, 0x00, 0x00, 0x00, 0x00, 0x00, 0x00, 0x00, 0x00, 0x00,
	0x00, 0x00, 0x00, 0x00, 0x00, 0x00, 0x00, 0x00, 0x00, 0x00, 0x00, 0x00, 0x00, 0x00, 0x00, 0x00,
	0x00, 0x00, 0x00, 0x00, 0x00, 0x00, 0x00, 0x00, 0x00, 0x00, 0x00, 0x00, 0x00, 0x00, 0x00, 0x00,
	0x00, 0x00, 0x00, 0x00, 0x00, 0x00, 0x00, 0x00, 0x00, 0x00, 0x00, 0x00, 0x00, 0x00, 0x00, 0x00,
	0x00, 0x00, 0x00, 0x00, 0x00, 0x00, 0x00, 0x00, 0x00, 0x00, 0x00, 0x00, 0x00, 0x00, 0x00, 0x00,
	0x00, 0x00, 0x00, 0x00, 0x00, 0x00, 0x00, 0x00, 0x00, 0x00, 0x00, 0x00, 0x00, 0x00, 0x00, 0x00,
	0x00, 0x00, 0x00, 0x00, 0x00, 0x00, 0x00, 0x00, 0x00, 0x00, 0x00, 0x00, 0x00, 0x00, 0x00, 0x00,
	0x00, 0x00, 0x00, 0x00, 0x00, 0x00, 0x00, 0x00, 0x00, 0x00, 0x00, 0x00, 0x00, 0x00, 0x00, 0x00,
	0x00, 0x00, 0x00, 0x00, 0x00, 0x00, 0x00, 0x00, 0x00, 0x00, 0x00, 0x00, 0x00, 0x00, 0x00, 0x00,
	0x00, 0x00, 0x00, 0x00, 0x00, 0x00, 0x00, 0x00, 0x00, 0x00, 0x00, 0x00, 0x00, 0x00, 0x00, 0x00,
	0x00, 0x00, 0x00, 0x00, 0x00, 0x00, 0x00, 0x00, 0x00, 0x00, 0x00, 0x00, 0x00, 0x00, 0x00, 0x00,
	0x00, 0x00, 0x00, 0x00, 0x00, 0x00, 0x00, 0x00, 0x00, 0x00, 0x00, 0x00, 0x00, 0xE6, 0xE6, 0xE6,
	0x00, 0x00, 0x00, 0x00, 0x00, 0x00, 0x00, 0x00, 0x00, 0x00, 0x00, 0x00, 0x00, 0x00, 0x00, 0x00,
	0x00, 0x00, 0x00, 0x00, 0x00, 0x00, 0x00, 0x00, 0x00, 0x00, 0x00, 0x00, 0x00, 0x00, 0x00, 0x00,
	0x00, 0x00, 0x00, 0x00, 0x00, 0x00, 0x00, 0x00, 0x00, 0x00, 0x00, 0x00, 0x00, 0x00, 0x00, 0x00,
	0x00, 0x00, 0x00, 0x00, 0x00, 0x00, 0x00, 0x00, 0x00, 0x00, 0x00, 0x00, 0x00, 0x00, 0x00, 0x00,
	0x00, 0x00, 0x00, 0x00, 0x00, 0x00, 0x00, 0x00, 0x00, 0x00, 0x00, 0x00, 0x00, 0x00, 0x00, 0x00,
	0x00, 0x00, 0x00, 0x00, 0x00, 0x00, 0x00, 0x00, 0x00, 0x00, 0x00, 0x00, 0x00, 0x00, 0x00, 0x00,
	0x00, 0x00, 0x00, 0x00, 0x00, 0x00, 0x00, 0x00, 0x00, 0x00, 0x00, 0x00, 0x00, 0x00, 0x00, 0x00,
	0x00, 0x00, 0x00, 0x00, 0x00, 0x00, 0x00, 0x00, 0x00, 0x00, 0x00, 0x00, 0x00, 0x00, 0x00, 0x00,
	0x00, 0x00, 0x00, 0x00, 0x00, 0x00, 0x00, 0x00, 0x00, 0x00, 0x00, 0x00, 0x00, 0x00, 0x00, 0x00,
	0x00, 0x00, 0x00, 0x00, 0x00, 0x00, 0x00, 0x00, 0x00, 0x00, 0x00, 0x00, 0x00, 0x00, 0x00, 0x00,
	0x00, 0x00, 0x00, 0x00, 0x00, 0x00, 0x00, 0x00, 0x00, 0x00, 0x00, 0x00, 0x00, 0x00, 0x00, 0x00,
	0x00, 0x00, 0x00, 0x00, 0x09, 0x09, 0x00, 0x00, 0x00, 0x00, 0x00, 0x00, 0x00, 0x00, 0x00, 0x00,
	0x00, 0x00, 0x00, 0x00, 0x00, 0x00, 0x00, 0x00, 0x00, 0x00, 0x00, 0x00, 0x00, 0x00, 0x00, 0x00,
	0x00, 0x00, 0x00, 0x00, 0x09, 0x00, 0x00, 0x00, 0x00, 0x00, 0x00, 0x00, 0x00, 0x00, 0x00, 0x00,
	0x00, 0x00, 0x00, 0x00, 0x00, 0x00, 0x00, 0x00, 0x00, 0x00, 0x00, 0x00, 0x00, 0x00, 0x00, 0x00,
	0x00, 0x00, 0x00, 0x00, 0x00, 0x00, 0x00, 0x00, 0x00, 0x00, 0x00, 0x00, 0x00, 0x00, 0x00, 0x00,
	0x00, 0x00, 0x00, 0x00, 0x00, 0x00, 0x00, 0x00, 0x00, 0x00, 0x00, 0x00, 0x00, 0x00, 0x00, 0x00,
	0x00, 0x00, 0x00, 0x00, 0x00, 0x00, 0x00, 0x00, 0x00, 0x00, 0x00, 0x00, 0x00, 0x00, 0x00, 0x00,
	0x00, 0x00, 0x00, 0x00, 0x00, 0x00, 0x00, 0x00, 0x00, 0x00, 0x00, 0x00, 0x00, 0x00, 0x00, 0x00,
	0x00, 0x00, 0x00, 0x00, 0x00, 0x00, 0x00, 0x00, 0x00, 0x00, 0x00, 0x00, 0x00, 0x00, 0x00, 0x00,
	0x00, 0x00, 0x00, 0x00, 0x00, 0x00, 0x00, 0x00, 0x00, 0x00, 0x00, 0x00, 0x00, 0x00, 0x00, 0x00,
	0x00, 0x00, 0x00, 0x00, 0x00, 0x00, 0x00, 0x00, 0x00, 0x00, 0x00, 0x00, 0x00, 0x00, 0x00, 0x00,
	0x00, 0x00, 0x00, 0x00, 0x00, 0x00, 0x00, 0x00, 0x00, 0x00, 0x00, 0x00, 0x00, 0x00, 0x00, 0x00,
	0x00, 0x00, 0x09, 0x00, 0x00, 0x00, 0x00, 0x00, 0x00, 0x00, 0x00, 0x00, 0x00, 0xE6, 0x00, 0x00,
	0x00, 0x00, 0x00, 0x00, 0x00, 0x00, 0x00, 0x00, 0x00, 0x00, 0x00, 0x00, 0x00, 0x00, 0x00, 0x00,
	0x00, 0x00, 0x00, 0x00, 0x00, 0x00, 0x00, 0x00, 0x00, 0x00, 0x00, 0x00, 0x00, 0x00, 0x00, 0x00,
	0x00, 0x00, 0x00, 0x00, 0x00, 0x00, 0x00, 0x00, 0x00, 0x00, 0x00, 0x00, 0x00, 0x00, 0x00, 0x00,
	0x00, 0x00, 0x00, 0x00, 0x00, 0x00, 0x00, 0x00, 0x00, 0x00, 0x00, 0x00, 0x00, 0x00, 0x00, 0x00,
	0x00, 0x00, 0x00, 0x00, 0x00, 0x00, 0x00, 0x00, 0x00, 0x00, 0x00, 0x00, 0x00, 0x00, 0x00, 0x00,
	0x00, 0x00, 0x00, 0x00, 0x00, 0x00, 0x00, 0x00, 0x00, 0x00, 0x00, 0x00, 0x00, 0x00, 0x00, 0x00,
	0x00, 0x00, 0x00, 0x00, 0x00, 0x00, 0x00, 0x00, 0x00, 0x00, 0x00, 0x00, 0x00, 0x00, 0x00, 0x00,
	0x00, 0x00, 0x00, 0x00, 0x00, 0x00, 0x00, 0x00, 0x00, 0x00, 0x00, 0x00, 0x00, 0x00, 0x00, 0x00,
	0x00, 0x00, 0x00, 0x00, 0x00, 0x00, 0x00, 0x00, 0x00, 0x00, 0x00, 0x00, 0x00, 0x00, 0x00, 0x00,
	0x00, 0x00, 0x00, 0x00, 0x00, 0x00, 0x00, 0x00, 0x00, 0x00, 0x00, 0x00, 0x00, 0x00, 0x00, 0x00,
	0x00, 0x00, 0x00, 0x00, 0x00, 0x00, 0x00, 0x00, 0x00, 0x00, 0x00, 0x00, 0x00, 0x00, 0x00, 0x00,
	0x00, 0x00, 0x00, 0x00, 0x00, 0x00, 0x00, 0x00, 0x00, 0x00, 0x00, 0x00, 0x00, 0x00, 0x00, 0x00,
	0x00, 0x00, 0x00, 0x00, 0x00, 0x00, 0x00, 0x00, 0x00, 0xE4, 0x00, 0x00, 0x00, 0x00, 0x00, 0x00,
	0x00, 0x00, 0x00, 0x00, 0x00, 0x00, 0x00, 0x00, 0x00, 0x00, 0x00, 0x00, 0x00, 0x00, 0x00, 0x00,
	0x00, 0x00, 0x00, 0x00, 0x00, 0x00, 0x00, 0x00, 0x00, 0x00, 0x00, 0x00, 0x00, 0x00, 0x00, 0x00,
	0x00, 0x00, 0x00, 0x00, 0x00, 0x00, 0x00, 0x00, 0x00, 0x00, 0x00, 0x00, 0x00, 0x00, 0x00, 0x00,
	0x00, 0x00, 0x00, 0x00, 0x00, 0x00, 0x00, 0x00, 0x00, 0x00, 0x00, 0x00, 0x00, 0x00, 0x00, 0x00,
	0x00, 0x00, 0x00, 0x00, 0x00, 0x00, 0x00, 0x00, 0x00, 0x00, 0x00, 0x00, 0x00, 0x00, 0x00, 0x00,
	0x00, 0x00, 0x00, 0x00, 0x00, 0x00, 0x00, 0x00, 0x00, 0x00, 0x00, 0x00, 0x00, 0x00, 0x00, 0x00,
	0x00, 0x00, 0x00, 0x00, 0x00, 0x00, 0x00, 0x00, 0x00, 0x00, 0x00, 0x00, 0x00, 0x00, 0x00, 0x00,
	0x00, 0x00, 0x00, 0x00, 0x00, 0x00, 0x00, 0x00, 0x00, 0x00, 0x00, 0x00, 0x00, 0x00, 0x00, 0x00,
	0x00, 0x00, 0x00, 0x00, 0x00, 0x00, 0x00, 0x00, 0x00, 0xDE, 0xE6, 0xDC, 0x00, 0x00, 0x00, 0x00,
	0x00, 0x00, 0x00, 0x00, 0x00, 0x00, 0x00, 0x00, 0x00, 0x00, 0x00, 0x00, 0x00, 0x00, 0x00, 0x00,
	0x00, 0x00, 0x00, 0x00, 0x00, 0x00, 0x00, 0x00, 0x00, 0x00, 0x00, 0x00, 0x00, 0x00, 0x00, 0x00,
	0x00, 0x00, 0x00, 0x00, 0x00, 0x00, 0x00, 0x00, 0x00, 0x00, 0x00, 0x00, 0x00, 0x00, 0x00, 0x00,
	0x00, 0x00, 0x00, 0x00, 0x00, 0x00, 0x00, 0x00, 0x00, 0x00, 0x00, 0x00, 0x00, 0x00, 0x00, 0x00,
	0x00, 0x00, 0x00, 0x00, 0x00, 0x00, 0x00, 0x00, 0x00, 0x00, 0x00, 0x00, 0x00, 0x00, 0x00, 0x00,
	0x00, 0x00, 0x00, 0x00, 0x00, 0x00, 0x00, 0x00, 0x00, 0x00, 0x00, 0x00, 0x00, 0x00, 0x00, 0x00,
	0x00, 0x00, 0x00, 0x00, 0x00, 0x00, 0x00, 0x00, 0x00, 0x00, 0x00, 0x00, 0x00, 0x00, 0x00, 0x00,
	0x00, 0x00, 0x00, 0x00, 0x00, 0x00, 0x00, 0x00, 0x00, 0x00, 0x00, 0x00, 0x00, 0x00, 0x00, 0x00,
	0x00, 0x00, 0x00, 0x00, 0x00, 0x00, 0x00, 0x00, 0x00, 0x00, 0x00, 0x00, 0x00, 0x00, 0x00, 0x00,
	0x00, 0x00, 0x00, 0x00, 0x00, 0x00, 0x00, 0x00, 0x00, 0x00, 0x00, 0x00, 0x00, 0x00, 0x00, 0x00,
	0x00, 0x00, 0x00, 0x00, 0x00, 0x00, 0x00, 0x00, 0x00, 0x00, 0x00, 0x00, 0x00, 0x00, 0x00, 0x00,
	0x00, 0x00, 0x00, 0x00, 0x00, 0x00, 0x00, 0x00, 0x00, 0x00, 0x00, 0x00, 0x00, 0x00, 0x00, 0x00,
	0x00, 0x00, 0x00, 0x00, 0x00, 0x00, 0x00, 0x00, 0x00, 0x00, 0x00, 0x00, 0x00, 0x00, 0x00, 0x00,
	0x00, 0x00, 0x00, 0x00, 0x00, 0x00, 0x00, 0xE6, 0xDC, 0x00, 0x00, 0x00, 0x00, 0x00, 0x00, 0x00,
	0x00, 0x00, 0x00, 0x00, 0x00, 0x00, 0x00, 0x00, 0x00, 0x00, 0x00, 0x00, 0x00, 0x00, 0x00, 0x00,
	0x00, 0x00, 0x00, 0x00, 0x00, 0x00, 0x00, 0x00, 0x00, 0x00, 0x00, 0x00, 0x00, 0x00, 0x00, 0x00,
	0x00, 0x00, 0x00, 0x00, 0x00, 0x00, 0x00, 0x00, 0x00, 0x00, 0x00, 0x00, 0x00, 0x00, 0x00, 0x00,
	0x00, 0x00, 0x00, 0x00, 0x00, 0x00, 0x00, 0x00, 0x00, 0x00, 0x00, 0x00, 0x00, 0x00, 0x00, 0x00,
	0x09, 0x00, 0x00, 0x00, 0x00, 0x00, 0x00, 0x00, 0x00, 0x00, 0x00, 0x00, 0x00, 0x00, 0x00, 0x00,
	0x00, 0x00, 0x00, 0x00, 0x00, 0xE6, 0xE6, 0xE6, 0xE6, 0xE6, 0xE6, 0xE6, 0xE6, 0x00, 0x00, 0xDC,
	0x00, 0x00, 0x00, 0x00, 0x00, 0x00, 0x00, 0x00, 0x00, 0x00, 0x00, 0x00, 0x00, 0x00, 0x00, 0x00,
	0x00, 0x00, 0x00, 0x00, 0x00, 0x00, 0x00, 0x00, 0x00, 0x00, 0x00, 0x00, 0x00, 0x00, 0x00, 0x00,
	0x00, 0x00, 0x00, 0x00, 0x00, 0x00, 0x00, 0x00, 0x00, 0x00, 0x00, 0x00, 0x00, 0x00, 0x00, 0x00,
	0xE6, 0xE6, 0xE6, 0xE6, 0xE6, 0xDC, 0xDC, 0xDC, 0xDC, 0xDC, 0xDC, 0xE6, 0xE6, 0xDC, 0x00, 0xDC,
	0xDC, 0xE6, 0xE6, 0xDC, 0xDC, 0xE6, 0xE6, 0xE6, 0xE6, 0xE6, 0xDC, 0xE6, 0xE6, 0xE6, 0xE6, 0xE6,
	0xE6, 0xE6, 0xE6, 0xE6, 0xE6, 0xE6, 0xE6, 0xE6, 0xE6, 0xE6, 0xE6, 0xE6, 0xE6, 0xDC, 0xE6, 0xE6,
	0xE6, 0xE6, 0xE6, 0xE6, 0xE6, 0xE6, 0xDC, 0xE6, 0xE6, 0xE6, 0xE6, 0xEA, 0xE6, 0xE6, 0xDC, 0xDC,
	0xE6, 0x00, 0x00, 0x00, 0x00, 0x00, 0x00, 0x00, 0x00, 0x00, 0x00, 0x00, 0x00, 0x00, 0x00, 0x00,
	0x00, 0x00, 0x00, 0x00, 0x00, 0x00, 0x00, 0x00, 0x00, 0x00, 0x00, 0x00, 0x00, 0x00, 0x00, 0x00,
	0x00, 0x00, 0x00, 0x00, 0x00, 0x00, 0x00, 0x00, 0x00, 0x00, 0x00, 0x00, 0x00, 0x00, 0x00, 0x00,
	0x00, 0x00, 0x00, 0x00, 0x00, 0x00, 0x00, 0x00, 0x00, 0x00, 0x00, 0x00, 0x00, 0x00, 0x00, 0x00,
	0x00, 0x00, 0x00, 0x00, 0x07, 0x00, 0x00, 0x00, 0x00, 0x00, 0x00, 0x00, 0x00, 0x00, 0x00, 0x00,
	0x00, 0x00, 0x00, 0x00, 0x09, 0x00, 0x00, 0x00, 0x00, 0x00, 0x00, 0x00, 0x00, 0x00, 0x00, 0x00,
	0x00, 0x00, 0x00, 0x00, 0x00, 0x00, 0x00, 0x00, 0x00, 0x00, 0x00, 0x00, 0x00, 0x00, 0x00, 0x00,
	0x00, 0x00, 0x00, 0x00, 0x00, 0x00, 0x00, 0x00, 0x00, 0x00, 0x00, 0xE6, 0xDC, 0xE6, 0xE6, 0xE6,
	0xE6, 0xE6, 0xE6, 0xE6, 0x00, 0x00, 0x00, 0x00, 0x00, 0x00, 0x00, 0x00, 0x00, 0x00, 0x00, 0x00,
	0x00, 0x00, 0x00, 0x00, 0x00, 0x00, 0x00, 0x00, 0x00, 0x00, 0x00, 0x00, 0x00, 0x00, 0x00, 0x00,
	0x00, 0x00, 0x00, 0x00, 0x00, 0x00, 0x00, 0x00, 0x00, 0x00, 0x00, 0x00, 0x00, 0x00, 0x00, 0x00,
	0x00, 0x00, 0x00, 0x00, 0x00, 0x00, 0x00, 0x00, 0x00, 0x00, 0x09, 0x09, 0x00, 0x00, 0x00, 0x00,
	0x00, 0x00, 0x00, 0x00, 0x00, 0x00, 0x00, 0x00, 0x00, 0x00, 0x00, 0x00, 0x00, 0x00, 0x00, 0x00,
	0x00, 0x00, 0x00, 0x00, 0x00, 0x00, 0x00, 0x00, 0x00, 0x00, 0x00, 0x00, 0x00, 0x00, 0x00, 0x00,
	0x00, 0x00, 0x00, 0x00, 0x00, 0x00, 0x00, 0x00, 0x00, 0x00, 0x00, 0x00, 0x00, 0x00, 0x00, 0x00,
	0x00, 0x00, 0x00, 0x00, 0x00, 0x00, 0x07, 0x00, 0x00, 0x00, 0x00, 0x00, 0x00, 0x00, 0x00, 0x00,
	0x00, 0x00, 0x09, 0x09, 0x00, 0x00, 0x00, 0x00, 0x00, 0x00, 0x00, 0x00, 0x00, 0x00, 0x00, 0x00,
	0x00, 0x00, 0x00, 0x00, 0x00, 0x00, 0x00, 0x00, 0x00, 0x00, 0x00, 0x00, 0x00, 0x00, 0x00, 0x00,
	0x00, 0x00, 0x00, 0x00, 0x00, 0x00, 0x00, 0x00, 0x00, 0x00, 0x00, 0x00, 0x00, 0x00, 0x00, 0x00,
	0x00, 0x00, 0x00, 0x00, 0x00, 0x00, 0x00, 0x00, 0x00, 0x00, 0x00, 0x00, 0x00, 0x00, 0x00, 0x00,
	0x00, 0x00, 0x00, 0x00, 0x00, 0x00, 0x00, 0x07, 0x00, 0x00, 0x00, 0x00, 0x00, 0x00, 0x00, 0x00,
	0x00, 0x00, 0x00, 0x00, 0x00, 0x00, 0x00, 0x00, 0x00, 0x00, 0x00, 0x00, 0x00, 0x00, 0x00, 0x00,
	0x00, 0x00, 0x00, 0x00, 0x00, 0x00, 0x00, 0x00, 0x00, 0x00, 0x00, 0x00, 0x00, 0x00, 0x00, 0x00,
	0x00, 0x00, 0x00, 0x00, 0x00, 0x00, 0x00, 0x00, 0x00, 0x00, 0x00, 0x00, 0x00, 0x00, 0x00, 0x00,
	0x00, 0x00, 0x00, 0x00, 0x00, 0x00, 0x00, 0x00, 0x00, 0x00, 0x00, 0x00, 0x00, 0x00, 0x00, 0x00,
	0x00, 0x00, 0x00, 0x00, 0x00, 0x00, 0x00, 0x00, 0x00, 0x00, 0x00, 0x00, 0x00, 0x00, 0x00, 0x00,
	0x00, 0x00, 0x00, 0x00, 0x00, 0x00, 0x00, 0x00, 0x00, 0x00, 0x00, 0x00, 0x00, 0x00, 0x00, 0x00,
	0x00, 0x00, 0x00, 0x00, 0x00, 0x00, 0x00, 0x00, 0x00, 0x00, 0x00, 0x00, 0x00, 0x00, 0x00, 0x00,
	0x00, 0x00, 0x00, 0x00, 0x00, 0x00, 0x00, 0x00, 0x00, 0x00, 0x00, 0x00, 0x00, 0x00, 0x00, 0x00,
	0x00, 0x00, 0x00, 0x00, 0x00, 0x00, 0x00, 0x00, 0x00, 0x00, 0x00, 0x00, 0x00, 0x00, 0x00, 0x00,
	0xE6, 0xE6, 0xE6, 0x00, 0x01, 0xDC, 0xDC, 0xDC, 0xDC, 0xDC, 0xE6, 0xE6, 0xDC, 0xDC, 0xDC, 0xDC,
	0xE6, 0x00, 0x01, 0x01, 0x01, 0x01, 0x01, 0x01, 0x01, 0x00, 0x00, 0x00, 0x00, 0xDC, 0x00, 0x00,
	0x00, 0x00, 0x00, 0x00, 0xE6, 0x00, 0x00, 0x00, 0xE6, 0xE6, 0x00, 0x00, 0x00, 0x00, 0x00, 0x00,
	0x00, 0x00, 0x00, 0x00, 0x00, 0x00, 0x00, 0x00, 0x00, 0x00, 0x00, 0x00, 0x00, 0x00, 0x00, 0x00,
	0x00, 0x00, 0x00, 0x00, 0x00, 0x00, 0x00, 0x00, 0x00, 0x00, 0x00, 0x00, 0x00, 0x00, 0x00, 0x00,
	0x00, 0x00, 0x00, 0x00, 0x00, 0x00, 0x00, 0x00, 0x00, 0x00, 0x00, 0x00, 0x00, 0x00, 0x00, 0x00,
	0x00, 0x00, 0x00, 0x00, 0x00, 0x00, 0x00, 0x00, 0x00, 0x00, 0x00, 0x00, 0x00, 0x00, 0x00, 0x00,
	0x00, 0x00, 0x00, 0x00, 0x00, 0x00, 0x00, 0x00, 0x00, 0x00, 0x00, 0x00, 0x00, 0x00, 0x00, 0x00,
	0x00, 0x00, 0x00, 0x00, 0x00, 0x00, 0x00, 0x00, 0x00, 0x00, 0x00, 0x00, 0x00, 0x00, 0x00, 0x00,
	0x00, 0x00, 0x00, 0x00, 0x00, 0x00, 0x00, 0x00, 0x00, 0x00, 0x00, 0x00, 0x00, 0x00, 0x00, 0x00,
	0x00, 0x00, 0x00, 0x00, 0x00, 0x00, 0x00, 0x00, 0x00, 0x00, 0x00, 0x00, 0x00, 0x00, 0x00, 0x00,
	0x00, 0x00, 0x00, 0x00, 0x00, 0x00, 0x00, 0x00, 0x00, 0x00, 0x00, 0x00, 0x00, 0x00, 0x00, 0x00,
	0x00, 0x00, 0x00, 0x00, 0x00, 0x00, 0x00, 0x00, 0x00, 0x00, 0x00, 0x00, 0x00, 0x00, 0x00, 0x00,
	0x00, 0x00, 0x00, 0x00, 0x00, 0x00, 0x00, 0x00, 0x00, 0x00, 0x00, 0x00, 0x00, 0x00, 0x00, 0x00,
	0x00, 0x00, 0x00, 0x00, 0x00, 0x00, 0x00, 0x00, 0x00, 0x00, 0x00, 0x00, 0x00, 0x00, 0x00, 0x00,
	0xE6, 0xE6, 0xDC, 0xE6, 0xE6, 0xE6, 0xE6, 0xE6, 0xE6, 0xE6, 0xDC, 0xE6, 0xE6, 0xEA, 0xD6, 0xDC,
	0xCA, 0xE6, 0xE6, 0xE6, 0xE6, 0xE6, 0xE6, 0xE6, 0xE6, 0xE6, 0xE6, 0xE6, 0xE6, 0xE6, 0xE6, 0xE6,
	0xE6, 0xE6, 0xE6, 0xE6, 0xE6, 0xE6, 0xE6, 0xE6, 0xE6, 0xE6, 0xE6, 0xE6, 0xE6, 0xE6, 0xE6, 0xE6,
	0xE6, 0xE6, 0xE6, 0xE6, 0xE6, 0xE6, 0xE8, 0xE4, 0xE4, 0xDC, 0xDA, 0xE6, 0xE9, 0xDC, 0xE6, 0xDC,
	0x00, 0x00, 0x00, 0x00, 0x00, 0x00, 0x00, 0x00, 0x00, 0x00, 0x00, 0x00, 0x00, 0x00, 0x00, 0x00,
	0x00, 0x00, 0x00, 0x00, 0x00, 0x00, 0x00, 0x00, 0x00, 0x00, 0x00, 0x00, 0x00, 0x00, 0x00, 0x00,
	0x00, 0x00, 0x00, 0x00, 0x00, 0x00, 0x00, 0x00, 0x00, 0x00, 0x00, 0x00, 0x00, 0x00, 0x00, 0x00,
	0x00, 0x00, 0x00, 0x00, 0x00, 0x00, 0x00, 0x00, 0x00, 0x00, 0x00, 0x00, 0x00, 0x00, 0x00, 0x00,
	0x00, 0x00, 0x00, 0x00, 0x00, 0x00, 0x00, 0x00, 0x00, 0x00, 0x00, 0x00, 0x00, 0x00, 0x00, 0x00,
	0x00, 0x00, 0x00, 0x00, 0x00, 0x00, 0x00, 0x00, 0x00, 0x00, 0x00, 0x00, 0x00, 0x00, 0x00, 0x00,
	0x00, 0x00, 0x00, 0x00, 0x00, 0x00, 0x00, 0x00, 0x00, 0x00, 0x00, 0x00, 0x00, 0x00, 0x00, 0x00,
	0x00, 0x00, 0x00, 0x00, 0x00, 0x00, 0x00, 0x00, 0x00, 0x00, 0x00, 0x00, 0x00, 0x00, 0x00, 0x00,
	0x00, 0x00, 0x00, 0x00, 0x00, 0x00, 0x00, 0x00, 0x00, 0x00, 0x00, 0x00, 0x00, 0x00, 0x00, 0x00,
	0x00, 0x00, 0x00, 0x00, 0x00, 0x00, 0x00, 0x00, 0x00, 0x00, 0x00, 0x00, 0x00, 0x00, 0x00, 0x00,
	0x00, 0x00, 0x00, 0x00, 0x00, 0x00, 0x00, 0x00, 0x00, 0x00, 0x00, 0x00, 0x00, 0x00, 0x00, 0x00,
	0x00, 0x00, 0x00, 0x00, 0x00, 0x00, 0x00, 0x00, 0x00, 0x00, 0x00, 0x00, 0x00, 0x00, 0x00, 0x00,
	0x00, 0x00, 0x00, 0x00, 0x00, 0x00, 0x00, 0x00, 0x00, 0x00, 0x00, 0x00, 0x00, 0x00, 0x00, 0x00,
	0xE6, 0xE6, 0x01, 0x01, 0xE6, 0xE6, 0xE6, 0xE6, 0x01, 0x01, 0x01, 0xE6, 0xE6, 0x00, 0x00, 0x00,
	0x00, 0xE6, 0x00, 0x00, 0x00, 0x01, 0x01, 0xE6, 0xDC, 0xE6, 0x01, 0x01, 0xDC, 0xDC, 0xDC, 0xDC,
	0xE6, 0x00, 0x00, 0x00, 0x00, 0x00, 0x00, 0x00, 0x00, 0x00, 0x00, 0x00, 0x00, 0x00, 0x00, 0x00,
	0x00, 0x00, 0x00, 0x00, 0x00, 0x00, 0x00, 0x00, 0x00, 0x00, 0x00, 0x00, 0x00, 0x00, 0x00, 0x00,
	0x00, 0x00, 0x00, 0x00, 0x00, 0x00, 0x00, 0x00, 0x00, 0x00, 0x00, 0x00, 0x00, 0x00, 0x00, 0x00,
	0x00, 0x00, 0x00, 0x00, 0x00, 0x00, 0x00, 0x00, 0x00, 0x00, 0x00, 0x00, 0x00, 0x00, 0x00, 0x00,
	0x00, 0x00, 0x00, 0x00, 0x00, 0x00, 0x00, 0x00, 0x00, 0x00, 0x00, 0x00, 0x00, 0x00, 0x00, 0x00,
	0x00, 0x00, 0x00, 0x00, 0x00, 0x00, 0x00, 0x00, 0x00, 0x00, 0x00, 0x00, 0x00, 0x00, 0x00, 0x00,
	0x00, 0x00, 0x00, 0x00, 0x00, 0x00, 0x00, 0x00, 0x00, 0x00, 0x00, 0x00, 0x00, 0x00, 0x00, 0x00,
	0x00, 0x00, 0x00, 0x00, 0x00, 0x00, 0x00, 0x00, 0x00, 0x00, 0x00, 0x00, 0x00, 0x00, 0x00, 0x00,
	0x00, 0x00, 0x00, 0x00, 0x00, 0x00, 0x00, 0x00, 0x00, 0x00, 0x00, 0x00, 0x00, 0x00, 0x00, 0x00,
	0x00, 0x00, 0x00, 0x00, 0x00, 0x00, 0x00, 0x00, 0x00, 0x00, 0x00, 0x00, 0x00, 0x00, 0x00, 0x00,
	0x00, 0x00, 0x00, 0x00, 0x00, 0x00, 0x00, 0x00, 0x00, 0x00, 0x00, 0x00, 0x00, 0x00, 0x00, 0x00,
	0x00, 0x00, 0x00, 0x00, 0x00, 0x00, 0x00, 0x00, 0x00, 0x00, 0x00, 0x00, 0x00, 0x00, 0x00, 0x00,
	0x00, 0x00, 0x00, 0x00, 0x00, 0x00, 0x00, 0x00, 0x00, 0x00, 0x00, 0x00, 0x00, 0x00, 0x00, 0x00,
	0x00, 0x00, 0x00, 0x00, 0x00, 0x00, 0x00, 0x00, 0x00, 0x00, 0x00, 0x00, 0x00, 0x00, 0x00, 0x00,
	0x00, 0x00, 0x00, 0x00, 0x00, 0x00, 0x00, 0x00, 0x00, 0x00, 0x00, 0x00, 0x00, 0x00, 0x00, 0x00,
	0x00, 0x00, 0x00, 0x00, 0x00, 0x00, 0x00, 0x00, 0x00, 0x00, 0x00, 0x00, 0x00, 0x00, 0x00, 0xE6,
	0xE6, 0xE6, 0x00, 0x00, 0x00, 0x00, 0x00, 0x00, 0x00, 0x00, 0x00, 0x00, 0x00, 0x00, 0x00, 0x00,
	0x00, 0x00, 0x00, 0x00, 0x00, 0x00, 0x00, 0x00, 0x00, 0x00, 0x00, 0x00, 0x00, 0x00, 0x00, 0x00,
	0x00, 0x00, 0x00, 0x00, 0x00, 0x00, 0x00, 0x00, 0x00, 0x00, 0x00, 0x00, 0x00, 0x00, 0x00, 0x00,
	0x00, 0x00, 0x00, 0x00, 0x00, 0x00, 0x00, 0x00, 0x00, 0x00, 0x00, 0x00, 0x00, 0x00, 0x00, 0x00,
	0x00, 0x00, 0x00, 0x00, 0x00, 0x00, 0x00, 0x00, 0x00, 0x00, 0x00, 0x00, 0x00, 0x00, 0x00, 0x00,
	0x00, 0x00, 0x00, 0x00, 0x00, 0x00, 0x00, 0x00, 0x00, 0x00, 0x00, 0x00, 0x00, 0x00, 0x00, 0x00,
	0x00, 0x00, 0x00, 0x00, 0x00, 0x00, 0x00, 0x00, 0x00, 0x00, 0x00, 0x00, 0x00, 0x00, 0x00, 0x00,
	0x00, 0x00, 0x00, 0x00, 0x00, 0x00, 0x00, 0x00, 0x00, 0x00, 0x00, 0x00, 0x00, 0x00, 0x00, 0x00,
	0x00, 0x00, 0x00, 0x00, 0x00, 0x00, 0x00, 0x00, 0x00, 0x00, 0x00, 0x00, 0x00, 0x00, 0x00, 0x09,
	0x00, 0x00, 0x00, 0x00, 0x00, 0x00, 0x00, 0x00, 0x00, 0x00, 0x00, 0x00, 0x00, 0x00, 0x00, 0x00,
	0x00, 0x00, 0x00, 0x00, 0x00, 0x00, 0x00, 0x00, 0x00, 0x00, 0x00, 0x00, 0x00, 0x00, 0x00, 0x00,
	0x00, 0x00, 0x00, 0x00, 0x00, 0x00, 0x00, 0x00, 0x00, 0x00, 0x00, 0x00, 0x00, 0x00, 0x00, 0x00,
	0x00, 0x00, 0x00, 0x00, 0x00, 0x00, 0x00, 0x00, 0x00, 0x00, 0x00, 0x00, 0x00, 0x00, 0x00, 0x00,
	0x00, 0x00, 0x00, 0x00, 0x00, 0x00, 0x00, 0x00, 0x00, 0x00, 0x00, 0x00, 0x00, 0x00, 0x00, 0x00,
	0x00, 0x00, 0x00, 0x00, 0x00, 0x00, 0x00, 0x00, 0x00, 0x00, 0x00, 0x00, 0x00, 0x00, 0x00, 0x00,
	0xE6, 0xE6, 0xE6, 0xE6, 0xE6, 0xE6, 0xE6, 0xE6, 0xE6, 0xE6, 0xE6, 0xE6, 0xE6, 0xE6, 0xE6, 0xE6,
	0xE6, 0xE6, 0xE6, 0xE6, 0xE6, 0xE6, 0xE6, 0xE6, 0xE6, 0xE6, 0xE6, 0xE6, 0xE6, 0xE6, 0xE6, 0xE6,
	0x00, 0x00, 0x00, 0x00, 0x00, 0x00, 0x00, 0x00, 0x00, 0x00, 0x00, 0x00, 0x00, 0x00, 0x00, 0x00,
	0x00, 0x00, 0x00, 0x00, 0x00, 0x00, 0x00, 0x00, 0x00, 0x00, 0x00, 0x00, 0x00, 0x00, 0x00, 0x00,
	0x00, 0x00, 0x00, 0x00, 0x00, 0x00, 0x00, 0x00, 0x00, 0x00, 0xDA, 0xE4, 0xE8, 0xDE, 0xE0, 0xE0,
	0x00, 0x00, 0x00, 0x00, 0x00, 0x00, 0x00, 0x00, 0x00, 0x00, 0x00, 0x00, 0x00, 0x00, 0x00, 0x00,
	0x00, 0x00, 0x00, 0x00, 0x00, 0x00, 0x00, 0x00, 0x00, 0x00, 0x00, 0x00, 0x00, 0x00, 0x00, 0x00,
	0x00, 0x00, 0x00, 0x00, 0x00, 0x00, 0x00, 0x00, 0x00, 0x00, 0x00, 0x00, 0x00, 0x00, 0x00, 0x00,
	0x00, 0x00, 0x00, 0x00, 0x00, 0x00, 0x00, 0x00, 0x00, 0x00, 0x00, 0x00, 0x00, 0x00, 0x00, 0x00,
	0x00, 0x00, 0x00, 0x00, 0x00, 0x00, 0x00, 0x00, 0x00, 0x00, 0x00, 0x00, 0x00, 0x00, 0x00, 0x00,
	0x00, 0x00, 0x00, 0x00, 0x00, 0x00, 0x00, 0x00, 0x00, 0x00, 0x00, 0x00, 0x00, 0x00, 0x00, 0x00,
	0x00, 0x00, 0x00, 0x00, 0x00, 0x00, 0x00, 0x00, 0x00, 0x08, 0x08, 0x00, 0x00, 0x00, 0x00, 0x00,
	0x00, 0x00, 0x00, 0x00, 0x00, 0x00, 0x00, 0x00, 0x00, 0x00, 0x00, 0x00, 0x00, 0x00, 0x00, 0x00,
	0x00, 0x00, 0x00, 0x00, 0x00, 0x00, 0x00, 0x00, 0x00, 0x00, 0x00, 0x00, 0x00, 0x00, 0x00, 0x00,
	0x00, 0x00, 0x00, 0x00, 0x00, 0x00, 0x00, 0x00, 0x00, 0x00, 0x00, 0x00, 0x00, 0x00, 0x00, 0x00,
	0x00, 0x00, 0x00, 0x00, 0x00, 0x00, 0x00, 0x00, 0x00, 0x00, 0x00, 0x00, 0x00, 0x00, 0x00, 0x00,
	0x00, 0x00, 0x00, 0x00, 0x00, 0x00, 0x00, 0x00, 0x00, 0x00, 0x00, 0x00, 0x00, 0x00, 0x00, 0x00,
	0x00, 0x00, 0x00, 0x00, 0x00, 0x00, 0x00, 0x00, 0x00, 0x00, 0x00, 0x00, 0x00, 0x00, 0x00, 0x00,
	0x00, 0x00, 0x00, 0x00, 0x00, 0x00, 0x00, 0x00, 0x00, 0x00, 0x00, 0x00, 0x00, 0x00, 0x00, 0x00,
	0x00, 0x00, 0x00, 0x00, 0x00, 0x00, 0x00, 0x00, 0x00, 0x00, 0x00, 0x00, 0x00, 0x00, 0x00, 0x00,
	0x00, 0x00, 0x00, 0x00, 0x00, 0x00, 0x00, 0x00, 0x00, 0x00, 0x00, 0x00, 0x00, 0x00, 0x00, 0x00,
	0x00, 0x00, 0x00, 0x00, 0x00, 0x00, 0x00, 0x00, 0x00, 0x00, 0x00, 0x00, 0x00, 0x00, 0x00, 0x00,
	0x00, 0x00, 0x00, 0x00, 0x00, 0x00, 0x00, 0x00, 0x00, 0x00, 0x00, 0x00, 0x00, 0x00, 0x00, 0x00,
	0x00, 0x00, 0x00, 0x00, 0x00, 0x00, 0x00, 0x00, 0x00, 0x00, 0x00, 0x00, 0x00, 0x00, 0x00, 0x00,
	0x00, 0x00, 0x00, 0x00, 0x00, 0x00, 0x00, 0x00, 0x00, 0x00, 0x00, 0x00, 0x00, 0x00, 0x00, 0xE6,
	0x00, 0x00, 0x00, 0x00, 0xE6, 0xE6, 0xE6, 0xE6, 0xE6, 0xE6, 0xE6, 0xE6, 0xE6, 0xE6, 0x00, 0x00,
	0x00, 0x00, 0x00, 0x00, 0x00, 0x00, 0x00, 0x00, 0x00, 0x00, 0x00, 0x00, 0x00, 0x00, 0x00, 0x00,
	0x00, 0x00, 0x00, 0x00, 0x00, 0x00, 0x00, 0x00, 0x00, 0x00, 0x00, 0x00, 0x00, 0x00, 0xE6, 0xE6,
	0x00, 0x00, 0x00, 0x00, 0x00, 0x00, 0x00, 0x00, 0x00, 0x00, 0x00, 0x00, 0x00, 0x00, 0x00, 0x00,
	0x00, 0x00, 0x00, 0x00, 0x00, 0x00, 0x00, 0x00, 0x00, 0x00, 0x00, 0x00, 0x00, 0x00, 0x00, 0x00,
	0x00, 0x00, 0x00, 0x00, 0x00, 0x00, 0x00, 0x00, 0x00, 0x00, 0x00, 0x00, 0x00, 0x00, 0x00, 0x00,
	0x00, 0x00, 0x00, 0x00, 0x00, 0x00, 0x00, 0x00, 0x00, 0x00, 0x00, 0x00, 0x00, 0x00, 0x00, 0x00,
	0x00, 0x00, 0x00, 0x00, 0x00, 0x00, 0x00, 0x00, 0x00, 0x00, 0x00, 0x00, 0x00, 0x00, 0x00, 0x00,
	0xE6, 0xE6, 0x00, 0x00, 0x00, 0x00, 0x00, 0x00, 0x00, 0x00, 0x00, 0x00, 0x00, 0x00, 0x00, 0x00,
	0x00, 0x00, 0x00, 0x00, 0x00, 0x00, 0x09, 0x00, 0x00, 0x00, 0x00, 0x00, 0x00, 0x00, 0x00, 0x00,
	0x00, 0x00, 0x00, 0x00, 0x00, 0x00, 0x00, 0x00, 0x00, 0x00, 0x00, 0x00, 0x00, 0x00, 0x00, 0x00,
	0x00, 0x00, 0x00, 0x00, 0x00, 0x00, 0x00, 0x00, 0x00, 0x00, 0x00, 0x00, 0x09, 0x00, 0x00, 0x00,
	0x00, 0x00, 0x00, 0x00, 0x00, 0x00, 0x00, 0x00, 0x00, 0x00, 0x00, 0x00, 0x00, 0x00, 0x00, 0x00,
	0x00, 0x00, 0x00, 0x00, 0x00, 0x00, 0x00, 0x00, 0x00, 0x00, 0x00, 0x00, 0x00, 0x00, 0x00, 0x00,
	0x00, 0x00, 0x00, 0x00, 0x00, 0x00, 0x00, 0x00, 0x00, 0x00, 0x00, 0x00, 0x00, 0x00, 0x00, 0x00,
	0x00, 0x00, 0x00, 0x00, 0x00, 0x00, 0x00, 0x00, 0x00, 0x00, 0x00, 0x00, 0x00, 0x00, 0x00, 0x00,
	0x00, 0x00, 0x00, 0x00, 0x00, 0x00, 0x00, 0x00, 0x00, 0x00, 0x00, 0x00, 0x00, 0x00, 0x00, 0x00,
	0x00, 0x00, 0x00, 0x00, 0x00, 0x00, 0x00, 0x00, 0x00, 0x00, 0x00, 0x00, 0x00, 0x00, 0x00, 0x00,
	0x00, 0x00, 0x00, 0x00, 0x00, 0x00, 0x00, 0x00, 0x00, 0x00, 0x00, 0x00, 0x00, 0x00, 0x00, 0x00,
	0x00, 0x00, 0x00, 0x00, 0x00, 0x00, 0x00, 0x00, 0x00, 0x00, 0x00, 0x00, 0x00, 0x00, 0x00, 0x00,
	0x00, 0x00, 0x00, 0x00, 0x00, 0x00, 0x00, 0x00, 0x00, 0x00, 0x00, 0x00, 0x00, 0x00, 0x00, 0x00,
	0x00, 0x00, 0x00, 0x00, 0x09, 0x00, 0x00, 0x00, 0x00, 0x00, 0x00, 0x00, 0x00, 0x00, 0x00, 0x00,
	0x00, 0x00, 0x00, 0x00, 0x00, 0x00, 0x00, 0x00, 0x00, 0x00, 0x00, 0x00, 0x00, 0x00, 0x00, 0x00,
	0xE6, 0xE6, 0xE6, 0xE6, 0xE6, 0xE6, 0xE6, 0xE6, 0xE6, 0xE6, 0xE6, 0xE6, 0xE6, 0xE6, 0xE6, 0xE6,
	0xE6, 0xE6, 0x00, 0x00, 0x00, 0x00, 0x00, 0x00, 0x00, 0x00, 0x00, 0x00, 0x00, 0x00, 0x00, 0x00,
	0x00, 0x00, 0x00, 0x00, 0x00, 0x00, 0x00, 0x00, 0x00, 0x00, 0x00, 0x00, 0x00, 0x00, 0x00, 0x00,
	0x00, 0x00, 0x00, 0x00, 0x00, 0x00, 0x00, 0x00, 0x00, 0x00, 0x00, 0x00, 0x00, 0x00, 0x00, 0x00,
	0x00, 0x00, 0x00, 0x00, 0x00, 0x00, 0x00, 0x00, 0x00, 0x00, 0x00, 0xDC, 0xDC, 0xDC, 0x00, 0x00,
	0x00, 0x00, 0x00, 0x00, 0x00, 0x00, 0x00, 0x00, 0x00, 0x00, 0x00, 0x00, 0x00, 0x00, 0x00, 0x00,
	0x00, 0x00, 0x00, 0x00, 0x00, 0x00, 0x00, 0x00, 0x00, 0x00, 0x00, 0x00, 0x00, 0x00, 0x00, 0x00,
	0x00, 0x00, 0x00, 0x09, 0x00, 0x00, 0x00, 0x00, 0x00, 0x00, 0x00, 0x00, 0x00, 0x00, 0x00, 0x00,
	0x00, 0x00, 0x00, 0x00, 0x00, 0x00, 0x00, 0x00, 0x00, 0x00, 0x00, 0x00, 0x00, 0x00, 0x00, 0x00,
	0x00, 0x00, 0x00, 0x00, 0x00, 0x00, 0x00, 0x00, 0x00, 0x00, 0x00, 0x00, 0x00, 0x00, 0x00, 0x00,
	0x00, 0x00, 0x00, 0x00, 0x00, 0x00, 0x00, 0x00, 0x00, 0x00, 0x00, 0x00, 0x00, 0x00, 0x00, 0x00,
	0x00, 0x00, 0x00, 0x00, 0x00, 0x00, 0x00, 0x00, 0x00, 0x00, 0x00, 0x00, 0x00, 0x00, 0x00, 0x00,
	0x00, 0x00, 0x00, 0x00, 0x00, 0x00, 0x00, 0x00, 0x00, 0x00, 0x00, 0x00, 0x00, 0x00, 0x00, 0x00,
	0x00, 0x00, 0x00, 0x07, 0x00, 0x00, 0x00, 0x00, 0x00, 0x00, 0x00, 0x00, 0x00, 0x00, 0x00, 0x00,
	0x09, 0x00, 0x00, 0x00, 0x00, 0x00, 0x00, 0x00, 0x00, 0x00, 0x00, 0x00, 0x00, 0x00, 0x00, 0x00,
	0x00, 0x00, 0x00, 0x00, 0x00, 0x00, 0x00, 0x00, 0x00, 0x00, 0x00, 0x00, 0x00, 0x00, 0x00, 0x00,
	0x00, 0x00, 0x00, 0x00, 0x00, 0x00, 0x00, 0x00, 0x00, 0x00, 0x00, 0x00, 0x00, 0x00, 0x00, 0x00,
	0x00, 0x00, 0x00, 0x00, 0x00, 0x00, 0x00, 0x00, 0x00, 0x00, 0x00, 0x00, 0x00, 0x00, 0x00, 0x00,
	0x00, 0x00, 0x00, 0x00, 0x00, 0x00, 0x00, 0x00, 0x00, 0x00, 0x00, 0x00, 0x00, 0x00, 0x00, 0x00,
	0x00, 0x00, 0x00, 0x00, 0x00, 0x00, 0x00, 0x00, 0x00, 0x00, 0x00, 0x00, 0x00, 0x00, 0x00, 0x00,
	0x00, 0x00, 0x00, 0x00, 0x00, 0x00, 0x00, 0x00, 0x00, 0x00, 0x00, 0x00, 0x00, 0x00, 0x00, 0x00,
	0x00, 0x00, 0x00, 0x00, 0x00, 0x00, 0x00, 0x00, 0x00, 0x00, 0x00, 0x00, 0x00, 0x00, 0x00, 0x00,
	0x00, 0x00, 0x00, 0x00, 0x00, 0x00, 0x00, 0x00, 0x00, 0x00, 0x00, 0x00, 0x00, 0x00, 0x00, 0x00,
	0x00, 0x00, 0x00, 0x00, 0x00, 0x00, 0x00, 0x00, 0x00, 0x00, 0x00, 0x00, 0x00, 0x00, 0x00, 0x00,
	0x00, 0x00, 0x00, 0x00, 0x00, 0x00, 0x00, 0x00, 0x00, 0x00, 0x00, 0x00, 0x00, 0x00, 0x00, 0x00,
	0x00, 0x00, 0x00, 0x00, 0x00, 0x00, 0x00, 0x00, 0x00, 0x00, 0x00, 0x00, 0x00, 0x00, 0x00, 0x00,
	0x00, 0x00, 0x00, 0x00, 0x00, 0x00, 0x00, 0x00, 0x00, 0x00, 0x00, 0x00, 0x00, 0x00, 0x00, 0x00,
	0x00, 0x00, 0x00, 0x00, 0x00, 0x00, 0x00, 0x00, 0x00, 0x00, 0x00, 0x00, 0x00, 0x00, 0x00, 0x00,
	0x00, 0x00, 0x00, 0x00, 0x00, 0x00, 0x00, 0x00, 0x00, 0x00, 0x00, 0x00, 0x00, 0x00, 0x00, 0x00,
	0xE6, 0x00, 0xE6, 0xE6, 0xDC, 0x00, 0x00, 0xE6, 0xE6, 0x00, 0x00, 0x00, 0x00, 0x00, 0xE6, 0xE6,
	0x00, 0xE6, 0x00, 0x00, 0x00, 0x00, 0x00, 0x00, 0x00, 0x00, 0x00, 0x00, 0x00, 0x00, 0x00, 0x00,
	0x00, 0x00, 0x00, 0x00, 0x00, 0x00, 0x00, 0x00, 0x00, 0x00, 0x00, 0x00, 0x00, 0x00, 0x00, 0x00,
	0x00, 0x00, 0x00, 0x00, 0x00, 0x00, 0x00, 0x00, 0x00, 0x00, 0x00, 0x00, 0x00, 0x00, 0x00, 0x00,
	0x00, 0x00, 0x00, 0x00, 0x00, 0x00, 0x09, 0x00, 0x00, 0x00, 0x00, 0x00, 0x00, 0x00, 0x00, 0x00,
	0x00, 0x00, 0x00, 0x00, 0x00, 0x00, 0x00, 0x00, 0x00, 0x00, 0x00, 0x00, 0x00, 0x00, 0x00, 0x00,
	0x00, 0x00, 0x00, 0x00, 0x00, 0x00, 0x00, 0x00, 0x00, 0x00, 0x00, 0x00, 0x00, 0x00, 0x00, 0x00,
	0x00, 0x00, 0x00, 0x00, 0x00, 0x00, 0x00, 0x00, 0x00, 0x00, 0x00, 0x00, 0x00, 0x00, 0x00, 0x00,
	0x00, 0x00, 0x00, 0x00, 0x00, 0x00, 0x00, 0x00, 0x00, 0x00, 0x00, 0x00, 0x00, 0x00, 0x00, 0x00,
	0x00, 0x00, 0x00, 0x00, 0x00, 0x00, 0x00, 0x00, 0x00, 0x00, 0x00, 0x00, 0x00, 0x00, 0x00, 0x00,
	0x00, 0x00, 0x00, 0x00, 0x00, 0x00, 0x00, 0x00, 0x00, 0x00, 0x00, 0x00, 0x00, 0x00, 0x00, 0x00,
	0x00, 0x00, 0x00, 0x00, 0x00, 0x00, 0x00, 0x00, 0x00, 0x00, 0x00, 0x00, 0x00, 0x00, 0x00, 0x00,
	0x00, 0x00, 0x00, 0x00, 0x00, 0x00, 0x00, 0x00, 0x00, 0x00, 0x00, 0x00, 0x00, 0x00, 0x00, 0x00,
	0x00, 0x00, 0x00, 0x00, 0x00, 0x00, 0x00, 0x00, 0x00, 0x00, 0x00, 0x00, 0x00, 0x00, 0x00, 0x00,
	0x00, 0x00, 0x00, 0x00, 0x00, 0x00, 0x00, 0x00, 0x00, 0x00, 0x00, 0x00, 0x00, 0x00, 0x00, 0x00,
	0x00, 0x00, 0x00, 0x00, 0x00, 0x00, 0x00, 0x00, 0x00, 0x00, 0x00, 0x00, 0x00, 0x00, 0x00, 0x00,
	0x00, 0x00, 0x00, 0x00, 0x00, 0x00, 0x00, 0x00, 0x00, 0x00, 0x00, 0x00, 0x00, 0x00, 0x00, 0x00,
	0x00, 0x00, 0x00, 0x00, 0x00, 0x00, 0x00, 0x00, 0x00, 0x00, 0x00, 0x00, 0x00, 0x00, 0x00, 0x00,
	0x00, 0x00, 0x00, 0x00, 0x00, 0x00, 0x00, 0x00, 0x00, 0x00, 0x00, 0x00, 0x00, 0x00, 0x00, 0x00,
	0x00, 0x00, 0x00, 0x00, 0x00, 0x00, 0x00, 0x00, 0x00, 0x00, 0x00, 0x00, 0x00, 0x09, 0x00, 0x00,
	0x00, 0x00, 0x00, 0x00, 0x00, 0x00, 0x00, 0x00, 0x00, 0x00, 0x00, 0x00, 0x00, 0x00, 0x00, 0x00,
	0x00, 0x00, 0x00, 0x00, 0x00, 0x00, 0x00, 0x00, 0x00, 0x00, 0x00, 0x00, 0x00, 0x00, 0x00, 0x00,
	0x00, 0x00, 0x00, 0x00, 0x00, 0x00, 0x00, 0x00, 0x00, 0x00, 0x00, 0x00, 0x00, 0x00, 0x1A, 0x00,
	0x00, 0x00, 0x00, 0x00, 0x00, 0x00, 0x00, 0x00, 0x00, 0x00, 0x00, 0x00, 0x00, 0x00, 0x00, 0x00,
	0x00, 0x00, 0x00, 0x00, 0x00, 0x00, 0x00, 0x00, 0x00, 0x00, 0x00, 0x00, 0x00, 0x00, 0x00, 0x00,
	0x00, 0x00, 0x00, 0x00, 0x00, 0x00, 0x00, 0x00, 0x00, 0x00, 0x00, 0x00, 0x00, 0x00, 0x00, 0x00,
	0x00, 0x00, 0x00, 0x00, 0x00, 0x00, 0x00, 0x00, 0x00, 0x00, 0x00, 0x00, 0x00, 0x00, 0x00, 0x00,
	0x00, 0x00, 0x00, 0x00, 0x00, 0x00, 0x00, 0x00, 0x00, 0x00, 0x00, 0x00, 0x00, 0x00, 0x00, 0x00,
	0x00, 0x00, 0x00, 0x00, 0x00, 0x00, 0x00, 0x00, 0x00, 0x00, 0x00, 0x00, 0x00, 0x00, 0x00, 0x00,
	0x00, 0x00, 0x00, 0x00, 0x00, 0x00, 0x00, 0x00, 0x00, 0x00, 0x00, 0x00, 0x00, 0x00, 0x00, 0x00,
	0x00, 0x00, 0x00, 0x00, 0x00, 0x00, 0x00, 0x00, 0x00, 0x00, 0x00, 0x00, 0x00, 0x00, 0x00, 0x00,
	0x00, 0x00, 0x00, 0x00, 0x00, 0x00, 0x00, 0x00, 0x00, 0x00, 0x00, 0x00, 0x00, 0x00, 0x00, 0x00,
	0x00, 0x00, 0x00, 0x00, 0x00, 0x00, 0x00, 0x00, 0x00, 0x00, 0x00, 0x00, 0x00, 0x00, 0x00, 0x00,
	0x00, 0x00, 0x00, 0x00, 0x00, 0x00, 0x00, 0x00, 0x00, 0x00, 0x00, 0x00, 0x00, 0x00, 0x00, 0x00,
	0x00, 0x00, 0x00, 0x00, 0x00, 0x00, 0x00, 0x00, 0x00, 0x00, 0x00, 0x00, 0x00, 0x00, 0x00, 0x00,
	0x00, 0x00, 0x00, 0x00, 0x00, 0x00, 0x00, 0x00, 0x00, 0x00, 0x00, 0x00, 0x00, 0x00, 0x00, 0x00,
	0x00, 0x00, 0x00, 0x00, 0x00, 0x00, 0x00, 0x00, 0x00, 0x00, 0x00, 0x00, 0x00, 0x00, 0x00, 0x00,
	0x00, 0x00, 0x00, 0x00, 0x00, 0x00, 0x00, 0x00, 0x00, 0x00, 0x00, 0x00, 0x00, 0x00, 0x00, 0x00,
	0x00, 0x00, 0x00, 0x00, 0x00, 0x00, 0x00, 0x00, 0x00, 0x00, 0x00, 0x00, 0x00, 0x00, 0x00, 0x00,
	0xE6, 0xE6, 0xE6, 0xE6, 0xE6, 0xE6, 0xE6, 0xDC, 0xDC, 0xDC, 0xDC, 0xDC, 0xDC, 0xDC, 0xE6, 0xE6,
	0x00, 0x00, 0x00, 0x00, 0x00, 0x00, 0x00, 0x00, 0x00, 0x00, 0x00, 0x00, 0x00, 0x00, 0x00, 0x00,
	0x00, 0x00, 0x00, 0x00, 0x00, 0x00, 0x00, 0x00, 0x00, 0x00, 0x00, 0x00, 0x00, 0x00, 0x00, 0x00,
	0x00, 0x00, 0x00, 0x00, 0x00, 0x00, 0x00, 0x00, 0x00, 0x00, 0x00, 0x00, 0x00, 0x00, 0x00, 0x00,
	0x00, 0x00, 0x00, 0x00, 0x00, 0x00, 0x00, 0x00, 0x00, 0x00, 0x00, 0x00, 0x00, 0x00, 0x00, 0x00,
	0x00, 0x00, 0x00, 0x00, 0x00, 0x00, 0x00, 0x00, 0x00, 0x00, 0x00, 0x00, 0x00, 0x00, 0x00, 0x00,
	0x00, 0x00, 0x00, 0x00, 0x00, 0x00, 0x00, 0x00, 0x00, 0x00, 0x00, 0x00, 0x00, 0x00, 0x00, 0x00,
	0x00, 0x00, 0x00, 0x00, 0x00, 0x00, 0x00, 0x00, 0x00, 0x00, 0x00, 0x00, 0x00, 0x00, 0x00, 0x00,
	0x00, 0x00, 0x00, 0x00, 0x00, 0x00, 0x00, 0x00, 0x00, 0x00, 0x00, 0x00, 0x00, 0x00, 0x00, 0x00,
	0x00, 0x00, 0x00, 0x00, 0x00, 0x00, 0x00, 0x00, 0x00, 0x00, 0x00, 0x00, 0x00, 0x00, 0x00, 0x00,
	0x00, 0x00, 0x00, 0x00, 0x00, 0x00, 0x00, 0x00, 0x00, 0x00, 0x00, 0x00, 0x00, 0x00, 0x00, 0x00,
	0x00, 0x00, 0x00, 0x00, 0x00, 0x00, 0x00, 0x00, 0x00, 0x00, 0x00, 0x00, 0x00, 0x00, 0x00, 0x00,
	0x00, 0x00, 0x00, 0x00, 0x00, 0x00, 0x00, 0x00, 0x00, 0x00, 0x00, 0x00, 0x00, 0x00, 0x00, 0x00,
	0x00, 0x00, 0x00, 0x00, 0x00, 0x00, 0x00, 0x00, 0x00, 0x00, 0x00, 0x00, 0x00, 0x00, 0x00, 0x00,
	0x00, 0x00, 0x00, 0x00, 0x00, 0x00, 0x00, 0x00, 0x00, 0x00, 0x00, 0x00, 0x00, 0x00, 0x00, 0x00,
	0x00, 0x00, 0x00, 0x00, 0x00, 0x00, 0x00, 0x00, 0x00, 0x00, 0x00, 0x00, 0x00, 0x00, 0x00, 0x00,
	0x00, 0x00, 0x00, 0x00, 0x00, 0x00, 0x00, 0x00, 0x00, 0x00, 0x00, 0x00, 0x00, 0x00, 0x00, 0x00,
	0x00, 0x00, 0x00, 0x00, 0x00, 0x00, 0x00, 0x00, 0x00, 0x00, 0x00, 0x00, 0x00, 0x00, 0x00, 0x00,
	0x00, 0x00, 0x00, 0x00, 0x00, 0x00, 0x00, 0x00, 0x00, 0x00, 0x00, 0x00, 0x00, 0x00, 0x00, 0x00,
	0x00, 0x00, 0x00, 0x00, 0x00, 0x00, 0x00, 0x00, 0x00, 0x00, 0x00, 0x00, 0x00, 0x00, 0x00, 0x00,
	0x00, 0x00, 0x00, 0x00, 0x00, 0x00, 0x00, 0x00, 0x00, 0x00, 0x00, 0x00, 0x00, 0x00, 0x00, 0x00,
	0x00, 0x00, 0x00, 0x00, 0x00, 0x00, 0x00, 0x00, 0x00, 0x00, 0x00, 0x00, 0x00, 0x00, 0x00, 0x00,
	0x00, 0x00, 0x00, 0x00, 0x00, 0x00, 0x00, 0x00, 0x00, 0x00, 0x00, 0x00, 0x00, 0x00, 0x00, 0x00,
	0x00, 0x00, 0x00, 0x00, 0x00, 0x00, 0x00, 0x00, 0x00, 0x00, 0x00, 0x00, 0x00, 0x00, 0x00, 0x00,
	0x00, 0x00, 0x00, 0x00, 0x00, 0x00, 0x00, 0x00, 0x00, 0x00, 0x00, 0x00, 0x00, 0x00, 0x00, 0x00,
	0x00, 0x00, 0x00, 0x00, 0x00, 0x00, 0x00, 0x00, 0x00, 0x00, 0x00, 0x00, 0x00, 0x00, 0x00, 0x00,
	0x00, 0x00, 0x00, 0x00, 0x00, 0x00, 0x00, 0x00, 0x00, 0x00, 0x00, 0x00, 0x00, 0x00, 0x00, 0x00,
	0x00, 0x00, 0x00, 0x00, 0x00, 0x00, 0x00, 0x00, 0x00, 0x00, 0x00, 0x00, 0x00, 0x00, 0x00, 0x00,
	0x00, 0x00, 0x00, 0x00, 0x00, 0x00, 0x00, 0x00, 0x00, 0x00, 0x00, 0x00, 0x00, 0x00, 0x00, 0x00,
	0x00, 0x00, 0x00, 0x00, 0x00, 0x00, 0x00, 0x00, 0x00, 0x00, 0x00, 0x00, 0x00, 0xDC, 0x00, 0x00,
	0x00, 0x00, 0x00, 0x00, 0x00, 0x00, 0x00, 0x00, 0x00, 0x00, 0x00, 0x00, 0x00, 0x00, 0x00, 0x00,
	0x00, 0x00, 0x00, 0x00, 0x00, 0x00, 0x00, 0x00, 0x00, 0x00, 0x00, 0x00, 0x00, 0x00, 0x00, 0x00,
	0x00, 0x00, 0x00, 0x00, 0x00, 0x00, 0x00, 0x00, 0x00, 0x00, 0x00, 0x00, 0x00, 0x00, 0x00, 0x00,
	0x00, 0x00, 0x00, 0x00, 0x00, 0x00, 0x00, 0x00, 0x00, 0x00, 0x00, 0x00, 0x00, 0x00, 0x00, 0x00,
	0x00, 0x00, 0x00, 0x00, 0x00, 0x00, 0x00, 0x00, 0x00, 0x00, 0x00, 0x00, 0x00, 0x00, 0x00, 0x00,
	0x00, 0x00, 0x00, 0x00, 0x00, 0x00, 0x00, 0x00, 0x00, 0x00, 0x00, 0x00, 0x00, 0x00, 0x00, 0x00,
	0x00, 0x00, 0x00, 0x00, 0x00, 0x00, 0x00, 0x00, 0x00, 0x00, 0x00, 0x00, 0x00, 0x00, 0x00, 0x00,
	0x00, 0x00, 0x00, 0x00, 0x00, 0x00, 0x00, 0x00, 0x00, 0x00, 0x00, 0x00, 0x00, 0x00, 0x00, 0x00,
	0x00, 0x00, 0x00, 0x00, 0x00, 0x00, 0x00, 0x00, 0x00, 0x00, 0x00, 0x00, 0x00, 0x00, 0x00, 0x00,
	0x00, 0x00, 0x00, 0x00, 0x00, 0x00, 0x00, 0x00, 0x00, 0x00, 0x00, 0x00, 0x00, 0x00, 0x00, 0x00,
	0x00, 0x00, 0x00, 0x00, 0x00, 0x00, 0x00, 0x00, 0x00, 0x00, 0x00, 0x00, 0x00, 0x00, 0x00, 0x00,
	0x00, 0x00, 0x00, 0x00, 0x00, 0x00, 0x00, 0x00, 0x00, 0x00, 0x00, 0x00, 0x00, 0x00, 0x00, 0x00,
	0x00, 0x00, 0x00, 0x00, 0x00, 0x00, 0x00, 0x00, 0x00, 0x00, 0x00, 0x00, 0x00, 0x00, 0x00, 0x00,
	0x00, 0x00, 0x00, 0x00, 0x00, 0x00, 0x00, 0x00, 0x00, 0x00, 0x00, 0x00, 0x00, 0x00, 0x00, 0x00,
	0xDC, 0x00, 0x00, 0x00, 0x00, 0x00, 0x00, 0x00, 0x00, 0x00, 0x00, 0x00, 0x00, 0x00, 0x00, 0x00,
	0x00, 0x00, 0x00, 0x00, 0x00, 0x00, 0x00, 0x00, 0x00, 0x00, 0x00, 0x00, 0x00, 0x00, 0x00, 0x00,
	0x00, 0x00, 0x00, 0x00, 0x00, 0x00, 0x00, 0x00, 0x00, 0x00, 0x00, 0x00, 0x00, 0x00, 0x00, 0x00,
	0x00, 0x00, 0x00, 0x00, 0x00, 0x00, 0x00, 0x00, 0x00, 0x00, 0x00, 0x00, 0x00, 0x00, 0x00, 0x00,
	0x00, 0x00, 0x00, 0x00, 0x00, 0x00, 0x00, 0x00, 0x00, 0x00, 0x00, 0x00, 0x00, 0x00, 0x00, 0x00,
	0x00, 0x00, 0x00, 0x00, 0x00, 0x00, 0x00, 0x00, 0x00, 0x00, 0x00, 0x00, 0x00, 0x00, 0x00, 0x00,
	0x00, 0x00, 0x00, 0x00, 0x00, 0x00, 0x00, 0x00, 0x00, 0x00, 0x00, 0x00, 0x00, 0x00, 0x00, 0x00,
	0x00, 0x00, 0x00, 0x00, 0x00, 0x00, 0x00, 0x00, 0x00, 0x00, 0x00, 0x00, 0x00, 0x00, 0x00, 0x00,
	0x00, 0x00, 0x00, 0x00, 0x00, 0x00, 0x00, 0x00, 0x00, 0x00, 0x00, 0x00, 0x00, 0x00, 0x00, 0x00,
	0x00, 0x00, 0x00, 0x00, 0x00, 0x00, 0xE6, 0xE6, 0xE6, 0xE6, 0xE6, 0x00, 0x00, 0x00, 0x00, 0x00,
	0x00, 0x00, 0x00, 0x00, 0x00, 0x00, 0x00, 0x00, 0x00, 0x00, 0x00, 0x00, 0x00, 0x00, 0x00, 0x00,
	0x00, 0x00, 0x00, 0x00, 0x00, 0x00, 0x00, 0x00, 0x00, 0x00, 0x00, 0x00, 0x00, 0x00, 0x00, 0x00,
	0x00, 0x00, 0x00, 0x00, 0x00, 0x00, 0x00, 0x00, 0x00, 0x00, 0x00, 0x00, 0x00, 0x00, 0x00, 0x00,
	0x00, 0x00, 0x00, 0x00, 0x00, 0x00, 0x00, 0x00, 0x00, 0x00, 0x00, 0x00, 0x00, 0x00, 0x00, 0x00,
	0x00, 0x00, 0x00, 0x00, 0x00, 0x00, 0x00, 0x00, 0x00, 0x00, 0x00, 0x00, 0x00, 0x00, 0x00, 0x00,
	0x00, 0x00, 0x00, 0x00, 0x00, 0x00, 0x00, 0x00, 0x00, 0x00, 0x00, 0x00, 0x00, 0x00, 0x00, 0x00,
	0x00, 0x00, 0x00, 0x00, 0x00, 0x00, 0x00, 0x00, 0x00, 0x00, 0x00, 0x00, 0x00, 0x00, 0x00, 0x00,
	0x00, 0x00, 0x00, 0x00, 0x00, 0x00, 0x00, 0x00, 0x00, 0x00, 0x00, 0x00, 0x00, 0x00, 0x00, 0x00,
	0x00, 0x00, 0x00, 0x00, 0x00, 0x00, 0x00, 0x00, 0x00, 0x00, 0x00, 0x00, 0x00, 0xDC, 0x00, 0xE6,
	0x00, 0x00, 0x00, 0x00, 0x00, 0x00, 0x00, 0x00, 0x00, 0x00, 0x00, 0x00, 0x00, 0x00, 0x00, 0x00,
	0x00, 0x00, 0x00, 0x00, 0x00, 0x00, 0x00, 0x00, 0x00, 0x00, 0x00, 0x00, 0x00, 0x00, 0x00, 0x00,
	0x00, 0x00, 0x00, 0x00, 0x00, 0x00, 0x00, 0x00, 0xE6, 0x01, 0xDC, 0x00, 0x00, 0x00, 0x00, 0x09,
	0x00, 0x00, 0x00, 0x00, 0x00, 0x00, 0x00, 0x00, 0x00, 0x00, 0x00, 0x00, 0x00, 0x00, 0x00, 0x00,
	0x00, 0x00, 0x00, 0x00, 0x00, 0x00, 0x00, 0x00, 0x00, 0x00, 0x00, 0x00, 0x00, 0x00, 0x00, 0x00,
	0x00, 0x00, 0x00, 0x00, 0x00, 0x00, 0x00, 0x00, 0x00, 0x00, 0x00, 0x00, 0x00, 0x00, 0x00, 0x00,
	0x00, 0x00, 0x00, 0x00, 0x00, 0x00, 0x00, 0x00, 0x00, 0x00, 0x00, 0x00, 0x00, 0x00, 0x00, 0x00,
	0x00, 0x00, 0x00, 0x00, 0x00, 0x00, 0x00, 0x00, 0x00, 0x00, 0x00, 0x00, 0x00, 0x00, 0x00, 0x00,
	0x00, 0x00, 0x00, 0x00, 0x00, 0x00, 0x00, 0x00, 0x00, 0x00, 0x00, 0x00, 0x00, 0x00, 0x00, 0x00,
	0x00, 0x00, 0x00, 0x00, 0x00, 0x00, 0x00, 0x00, 0x00, 0x00, 0x00, 0x00, 0x00, 0x00, 0x00, 0x00,
	0x00, 0x00, 0x00, 0x00, 0x00, 0x00, 0x00, 0x00, 0x00, 0x00, 0x00, 0x00, 0x00, 0x00, 0x00, 0x00,
	0x00, 0x00, 0x00, 0x00, 0x00, 0x00, 0x00, 0x00, 0x00, 0x00, 0x00, 0x00, 0x00, 0x00, 0x00, 0x00,
	0x00, 0x00, 0x00, 0x00, 0x00, 0x00, 0x00, 0x00, 0x00, 0x00, 0x00, 0x00, 0x00, 0x00, 0x00, 0x00,
	0x00, 0x00, 0x00, 0x00, 0x00, 0xE6, 0xDC, 0x00, 0x00, 0x00, 0x00, 0x00, 0x00, 0x00, 0x00, 0x00,
	0x00, 0x00, 0x00, 0x00, 0x00, 0x00, 0x00, 0x00, 0x00, 0x00, 0x00, 0x00, 0x00, 0x00, 0x00, 0x00,
	0x00, 0x00, 0x00, 0x00, 0x00, 0x00, 0x00, 0x00, 0x00, 0x00, 0x00, 0x00, 0x00, 0x00, 0x00, 0x00,
	0x00, 0x00, 0x00, 0x00, 0x00, 0x00, 0x00, 0x00, 0x00, 0x00, 0x00, 0x00, 0x00, 0x00, 0x00, 0x00,
	0x00, 0x00, 0x00, 0x00, 0xE6, 0xE6, 0xE6, 0xE6, 0x00, 0x00, 0x00, 0x00, 0x00, 0x00, 0x00, 0x00,
	0x00, 0x00, 0x00, 0x00, 0x00, 0x00, 0x00, 0x00, 0x00, 0x00, 0x00, 0x00, 0x00, 0x00, 0x00, 0x00,
	0x00, 0x00, 0x00, 0x00, 0x00, 0x00, 0x00, 0x00, 0x00, 0x00, 0x00, 0x00, 0x00, 0x00, 0x00, 0x00,
	0x00, 0x00, 0x00, 0x00, 0x00, 0x00, 0x00, 0x00, 0x00, 0x00, 0x00, 0x00, 0x00, 0x00, 0x00, 0x00,
	0x00, 0x00, 0x00, 0x00, 0x00, 0x00, 0x00, 0x00, 0x00, 0xE6, 0xE6, 0xE6, 0xE6, 0xE6, 0x00, 0x00,
	0x00, 0x00, 0x00, 0x00, 0x00, 0x00, 0x00, 0x00, 0x00, 0x00, 0x00, 0x00, 0x00, 0x00, 0x00, 0x00,
	0x00, 0x00, 0x00, 0x00, 0x00, 0x00, 0x00, 0x00, 0x00, 0x00, 0x00, 0x00, 0x00, 0x00, 0x00, 0x00,
	0x00, 0x00, 0x00, 0x00, 0x00, 0x00, 0x00, 0x00, 0x00, 0x00, 0x00, 0x00, 0x00, 0x00, 0x00, 0x00,
	0x00, 0x00, 0x00, 0x00, 0x00, 0x00, 0x00, 0x00, 0x00, 0x00, 0x00, 0x00, 0x00, 0x00, 0x00, 0x00,
	0x00, 0x00, 0x00, 0x00, 0x00, 0x00, 0x00, 0x00, 0x00, 0x00, 0x00, 0x00, 0x00, 0x00, 0x00, 0x00,
	0x00, 0x00, 0x00, 0x00, 0x00, 0x00, 0x00, 0x00, 0x00, 0x00, 0x00, 0x00, 0x00, 0x00, 0x00, 0x00,
	0x00, 0x00, 0x00, 0x00, 0x00, 0x00, 0x00, 0x00, 0x00, 0x00, 0x00, 0x00, 0x00, 0x00, 0x00, 0x00,
	0x00, 0x00, 0x00, 0x00, 0x00, 0x00, 0x00, 0x00, 0x00, 0x00, 0x00, 0x00, 0x00, 0x00, 0x00, 0x00,
	0x00, 0x00, 0x00, 0x00, 0x00, 0x00, 0x00, 0x00, 0x00, 0x00, 0x00, 0x00, 0x00, 0x00, 0x00, 0x00,
	0x00, 0x00, 0x00, 0x00, 0x00, 0x00, 0x00, 0x00, 0x00, 0x00, 0x00, 0x00, 0x00, 0x00, 0x00, 0x00,
	0x00, 0x00, 0x00, 0x00, 0x00, 0x00, 0x00, 0x00, 0x00, 0x00, 0x00, 0x00, 0x00, 0x00, 0x00, 0x00,
	0x00, 0x00, 0x00, 0x00, 0x00, 0x00, 0x00, 0x00, 0x00, 0x00, 0x00, 0x00, 0x00, 0x00, 0x00, 0x00,
	0x00, 0x00, 0x00, 0x00, 0x00, 0x00, 0x00, 0x00, 0x00, 0x00, 0x00, 0x00, 0x00, 0x00, 0x00, 0x00,
	0x00, 0x00, 0x00, 0x00, 0x00, 0x00, 0x00, 0x00, 0x00, 0x00, 0x00, 0x00, 0x00, 0x00, 0x00, 0x00,
	0x00, 0x00, 0x00, 0x00, 0x00, 0x00, 0x00, 0x00, 0x00, 0x00, 0x00, 0x00, 0x00, 0x00, 0x00, 0x00,
	0x00, 0x00, 0x00, 0x00, 0x00, 0x00, 0x00, 0x00, 0x00, 0x00, 0x00, 0x00, 0x00, 0x00, 0x00, 0x00,
	0x00, 0x00, 0x00, 0x00, 0x00, 0x00, 0x00, 0x00, 0x00, 0x00, 0x00, 0x00, 0x00, 0x00, 0x00, 0x00,
	0x00, 0x00, 0x00, 0x00, 0x00, 0x00, 0x00, 0x00, 0x00, 0x00, 0x00, 0x00, 0x00, 0x00, 0x00, 0x00,
	0x00, 0x00, 0x00, 0x00, 0x00, 0x00, 0x00, 0x00, 0x00, 0x00, 0x00, 0x00, 0x00, 0x00, 0x00, 0x00,
	0x00, 0x00, 0x00, 0x00, 0x00, 0x00, 0x00, 0x00, 0x00, 0x00, 0x00, 0xE6, 0xE6, 0x00, 0x00, 0x00,
	0x00, 0x00, 0x00, 0x00, 0x00, 0x00, 0x00, 0x00, 0x00, 0x00, 0x00, 0x00, 0x00, 0x00, 0x00, 0x00,
	0x00, 0x00, 0x00, 0x00, 0x00, 0x00, 0x00, 0x00, 0x00, 0x00, 0x00, 0xE6, 0xDC, 0xDC, 0xE6, 0xE6,
	0x00, 0x00, 0x00, 0x00, 0x00, 0x00, 0x00, 0x00, 0x00, 0x00, 0x00, 0x00, 0x00, 0x00, 0x00, 0x00,
	0x00, 0x00, 0x00, 0x00, 0x00, 0x00, 0x00, 0x00, 0x00, 0x00, 0x00, 0x00, 0x00, 0x00, 0x00, 0x00,
	0xDC, 0xDC, 0xDC, 0xE6, 0xDC, 0xE6, 0xDC, 0xE6, 0xE6, 0xE6, 0xDC, 0xDC, 0x00, 0xDC, 0xDC, 0xDC,
	0x00, 0x00, 0x00, 0x00, 0x00, 0x00, 0x00, 0x00, 0x00, 0x00, 0x00, 0x00, 0x00, 0x00, 0x00, 0x00,
	0x00, 0x00, 0x00, 0x00, 0x00, 0x00, 0x00, 0x00, 0x00, 0x00, 0x00, 0x00, 0x00, 0x00, 0x00, 0x00,
	0x00, 0x00, 0x00, 0x00, 0x00, 0x00, 0x00, 0x00, 0x00, 0x00, 0x00, 0x00, 0x00, 0x00, 0x00, 0x00,
	0x00, 0x00, 0x00, 0x00, 0x00, 0x00, 0x00, 0x00, 0x00, 0x00, 0x00, 0x00, 0x00, 0x00, 0x00, 0x00,
	0x00, 0x00, 0x00, 0x00, 0x00, 0x00, 0xDC, 0xDC, 0xE6, 0xE6, 0xE6, 0xDC, 0xE6, 0xDC, 0xDC, 0xDC,
	0xDC, 0x00, 0x00, 0x00, 0x00, 0x00, 0x00, 0x00, 0x00, 0x00, 0x00, 0x00, 0x00, 0x00, 0x00, 0x00,
	0x00, 0x00, 0x00, 0x00, 0x00, 0x00, 0x00, 0x00, 0x00, 0x00, 0x00, 0x00, 0x00, 0x00, 0x00, 0x00,
	0x00, 0x00, 0x00, 0x00, 0x00, 0x00, 0x00, 0x00, 0x00, 0x00, 0x00, 0x00, 0x00, 0x00, 0x00, 0x00,
	0x00, 0x00, 0xE6, 0xDC, 0xE6, 0xDC, 0x00, 0x00, 0x00, 0x00, 0x00, 0x00, 0x00, 0x00, 0x00, 0x00,
	0x00, 0x00, 0x00, 0x00, 0x00, 0x00, 0x00, 0x00, 0x00, 0x00, 0x00, 0x00, 0x00, 0x00, 0x00, 0x00,
	0x00, 0x00, 0x00, 0x00, 0x00, 0x00, 0x00, 0x00, 0x00, 0x00, 0x00, 0x00, 0x00, 0x00, 0x00, 0x00,
	0x00, 0x00, 0x00, 0x00, 0x00, 0x00, 0x00, 0x00, 0x00, 0x00, 0x00, 0x00, 0x00, 0x00, 0x00, 0x00,
	0x00, 0x00, 0x00, 0x00, 0x00, 0x00, 0x00, 0x00, 0x00, 0x00, 0x00, 0x00, 0x00, 0x00, 0x00, 0x00,
	0x00, 0x00, 0x00, 0x00, 0x00, 0x00, 0x00, 0x00, 0x00, 0x00, 0x00, 0x00, 0x00, 0x00, 0x00, 0x00,
	0x00, 0x00, 0x00, 0x00, 0x00, 0x00, 0x00, 0x00, 0x00, 0x00, 0x00, 0x00, 0x00, 0x00, 0x00, 0x00,
	0x00, 0x00, 0x00, 0x00, 0x00, 0x00, 0x00, 0x00, 0x00, 0x00, 0x00, 0x00, 0x00, 0x00, 0x00, 0x00,
	0x00, 0x00, 0x00, 0x00, 0x00, 0x00, 0x00, 0x00, 0x00, 0x00, 0x00, 0x00, 0x00, 0x00, 0x00, 0x00,
	0x00, 0x00, 0x00, 0x00, 0x00, 0x00, 0x00, 0x00, 0x00, 0x00, 0x00, 0x00, 0x00, 0x00, 0x00, 0x00,
	0x00, 0x00, 0x00, 0x00, 0x00, 0x00, 0x00, 0x00, 0x00, 0x00, 0x00, 0x00, 0x00, 0x00, 0x00, 0x00,
	0x00, 0x00, 0x00, 0x00, 0x00, 0x00, 0x00, 0x00, 0x00, 0x00, 0x00, 0x00, 0x00, 0x00, 0x00, 0x00,
	0x00, 0x00, 0x00, 0x00, 0x00, 0x00, 0x09, 0x00, 0x00, 0x00, 0x00, 0x00, 0x00, 0x00, 0x00, 0x00,
	0x00, 0x00, 0x00, 0x00, 0x00, 0x00, 0x00, 0x00, 0x00, 0x00, 0x00, 0x00, 0x00, 0x00, 0x00, 0x00,
	0x00, 0x00, 0x00, 0x00, 0x00, 0x00, 0x00, 0x00, 0x00, 0x00, 0x00, 0x00, 0x00, 0x00, 0x00, 0x00,
	0x09, 0x00, 0x00, 0x00, 0x00, 0x00, 0x00, 0x00, 0x00, 0x00, 0x00, 0x00, 0x00, 0x00, 0x00, 0x09,
	0x00, 0x00, 0x00, 0x00, 0x00, 0x00, 0x00, 0x00, 0x00, 0x00, 0x00, 0x00, 0x00, 0x00, 0x00, 0x00,
	0x00, 0x00, 0x00, 0x00, 0x00, 0x00, 0x00, 0x00, 0x00, 0x00, 0x00, 0x00, 0x00, 0x00, 0x00, 0x00,
	0x00, 0x00, 0x00, 0x00, 0x00, 0x00, 0x00, 0x00, 0x00, 0x00, 0x00, 0x00, 0x00, 0x00, 0x00, 0x00,
	0x00, 0x00, 0x00, 0x00, 0x00, 0x00, 0x00, 0x00, 0x00, 0x09, 0x07, 0x00, 0x00, 0x00, 0x00, 0x00,
	0x00, 0x00, 0x00, 0x00, 0x00, 0x00, 0x00, 0x00, 0x00, 0x00, 0x00, 0x00, 0x00, 0x00, 0x00, 0x00,
	0x00, 0x00, 0x00, 0x00, 0x00, 0x00, 0x00, 0x00, 0x00, 0x00, 0x00, 0x00, 0x00, 0x00, 0x00, 0x00,
	0x00, 0x00, 0x00, 0x00, 0x00, 0x00, 0x00, 0x00, 0x00, 0x00, 0x00, 0x00, 0x00, 0x00, 0x00, 0x00,
	0x00, 0x00, 0x00, 0x00, 0x00, 0x00, 0x00, 0x00, 0x00, 0x00, 0x00, 0x00, 0x00, 0x00, 0x00, 0x00,
	0xE6, 0xE6, 0xE6, 0x00, 0x00, 0x00, 0x00, 0x00, 0x00, 0x00, 0x00, 0x00, 0x00, 0x00, 0x00, 0x00,
	0x00, 0x00, 0x00, 0x00, 0x00, 0x00, 0x00, 0x00, 0x00, 0x00, 0x00, 0x00, 0x00, 0x00, 0x00, 0x00,
	0x00, 0x00, 0x00, 0x00, 0x00, 0x00, 0x00, 0x00, 0x00, 0x00, 0x00, 0x00, 0x00, 0x00, 0x00, 0x00,
	0x00, 0x00, 0x00, 0x09, 0x09, 0x00, 0x00, 0x00, 0x00, 0x00, 0x00, 0x00, 0x00, 0x00, 0x00, 0x00,
	0x00, 0x00, 0x00, 0x00, 0x00, 0x00, 0x00, 0x00, 0x00, 0x00, 0x00, 0x00, 0x00, 0x00, 0x00, 0x00,
	0x00, 0x00, 0x00, 0x00, 0x00, 0x00, 0x00, 0x00, 0x00, 0x00, 0x00, 0x00, 0x00, 0x00, 0x00, 0x00,
	0x00, 0x00, 0x00, 0x00, 0x00, 0x00, 0x00, 0x00, 0x00, 0x00, 0x00, 0x00, 0x00, 0x00, 0x00, 0x00,
	0x00, 0x00, 0x00, 0x07, 0x00, 0x00, 0x00, 0x00, 0x00, 0x00, 0x00, 0x00, 0x00, 0x00, 0x00, 0x00,
	0x00, 0x00, 0x00, 0x00, 0x00, 0x00, 0x00, 0x00, 0x00, 0x00, 0x00, 0x00, 0x00, 0x00, 0x00, 0x00,
	0x00, 0x00, 0x00, 0x00, 0x00, 0x00, 0x00, 0x00, 0x00, 0x00, 0x00, 0x00, 0x00, 0x00, 0x00, 0x00,
	0x00, 0x00, 0x00, 0x00, 0x00, 0x00, 0x00, 0x00, 0x00, 0x00, 0x00, 0x00, 0x00, 0x00, 0x00, 0x00,
	0x00, 0x00, 0x00, 0x00, 0x00, 0x00, 0x00, 0x00, 0x00, 0x00, 0x00, 0x00, 0x00, 0x00, 0x00, 0x00,
	0x09, 0x00, 0x00, 0x00, 0x00, 0x00, 0x00, 0x00, 0x00, 0x00, 0x07, 0x00, 0x00, 0x00, 0x00, 0x00,
	0x00, 0x00, 0x00, 0x00, 0x00, 0x00, 0x00, 0x00, 0x00, 0x00, 0x00, 0x00, 0x00, 0x00, 0x00, 0x00,
	0x00, 0x00, 0x00, 0x00, 0x00, 0x00, 0x00, 0x00, 0x00, 0x00, 0x00, 0x00, 0x00, 0x00, 0x00, 0x00,
	0x00, 0x00, 0x00, 0x00, 0x00, 0x00, 0x00, 0x00, 0x00, 0x00, 0x00, 0x00, 0x00, 0x00, 0x00, 0x00,
	0x00, 0x00, 0x00, 0x00, 0x00, 0x00, 0x00, 0x00, 0x00, 0x00, 0x00, 0x00, 0x00, 0x00, 0x00, 0x00,
	0x00, 0x00, 0x00, 0x00, 0x00, 0x00, 0x00, 0x00, 0x00, 0x00, 0x00, 0x00, 0x00, 0x00, 0x00, 0x00,
	0x00, 0x00, 0x00, 0x00, 0x00, 0x00, 0x00, 0x00, 0x00, 0x00, 0x00, 0x00, 0x00, 0x00, 0x00, 0x00,
	0x00, 0x00, 0x00, 0x00, 0x00, 0x09, 0x07, 0x00, 0x00, 0x00, 0x00, 0x00, 0x00, 0x00, 0x00, 0x00,
	0x00, 0x00, 0x00, 0x00, 0x00, 0x00, 0x00, 0x00, 0x00, 0x00, 0x00, 0x00, 0x00, 0x00, 0x00, 0x00,
	0x00, 0x00, 0x00, 0x00, 0x00, 0x00, 0x00, 0x00, 0x00, 0x00, 0x00, 0x00, 0x00, 0x00, 0x00, 0x00,
	0x00, 0x00, 0x00, 0x00, 0x00, 0x00, 0x00, 0x00, 0x00, 0x00, 0x00, 0x00, 0x00, 0x00, 0x00, 0x00,
	0x00, 0x00, 0x00, 0x00, 0x00, 0x00, 0x00, 0x00, 0x00, 0x00, 0x00, 0x00, 0x00, 0x00, 0x00, 0x00,
	0x00, 0x00, 0x00, 0x00, 0x00, 0x00, 0x00, 0x00, 0x00, 0x00, 0x00, 0x00, 0x00, 0x00, 0x00, 0x00,
	0x00, 0x00, 0x00, 0x00, 0x00, 0x00, 0x00, 0x00, 0x00, 0x00, 0x00, 0x00, 0x00, 0x00, 0x00, 0x00,
	0x00, 0x00, 0x00, 0x00, 0x00, 0x00, 0x00, 0x00, 0x00, 0x00, 0x00, 0x00, 0x00, 0x00, 0x00, 0x00,
	0x00, 0x00, 0x00, 0x00, 0x00, 0x00, 0x00, 0x00, 0x00, 0x00, 0x00, 0x00, 0x00, 0x00, 0x00, 0x00,
	0x00, 0x00, 0x00, 0x00, 0x00, 0x00, 0x00, 0x00, 0x00, 0x00, 0x00, 0x00, 0x00, 0x00, 0x00, 0x00,
	0x00, 0x00, 0x00, 0x00, 0x00, 0x00, 0x00, 0x00, 0x00, 0x00, 0x00, 0x00, 0x00, 0x00, 0x00, 0x00,
	0x00, 0x00, 0x00, 0x00, 0x00, 0x00, 0x00, 0x00, 0x00, 0x07, 0x09, 0x00, 0x00, 0x00, 0x00, 0x00,
	0x00, 0x00, 0x00, 0x00, 0x00, 0x00, 0x00, 0x00, 0x00, 0x00, 0x00, 0x00, 0x00, 0x00, 0x00, 0x00,
	0x00, 0x00, 0x00, 0x00, 0x00, 0x00, 0x00, 0x00, 0x00, 0x00, 0x00, 0x00, 0x00, 0x00, 0x00, 0x00,
	0x00, 0x00, 0x00, 0x00, 0x00, 0x00, 0x00, 0x00, 0x00, 0x00, 0x00, 0x00, 0x00, 0x00, 0x00, 0x00,
	0x00, 0x00, 0x00, 0x00, 0x00, 0x00, 0x00, 0x00, 0x00, 0x00, 0x00, 0x00, 0x00, 0x00, 0x00, 0x00,
	0x00, 0x00, 0x00, 0x00, 0x00, 0x00, 0x00, 0x00, 0x00, 0x00, 0x00, 0x07, 0x07, 0x00, 0x00, 0x00,
	0x00, 0x00, 0x00, 0x00, 0x00, 0x00, 0x00, 0x00, 0x00, 0x00, 0x00, 0x00, 0x00, 0x09, 0x00, 0x00,
	0x00, 0x00, 0x00, 0x00, 0x00, 0x00, 0x00, 0x00, 0x00, 0x00, 0x00, 0x00, 0x00, 0x00, 0x00, 0x00,
	0x00, 0x00, 0x00, 0x00, 0x00, 0x00, 0xE6, 0xE6, 0xE6, 0xE6, 0xE6, 0xE6, 0xE6, 0x00, 0x00, 0x00,
	0xE6, 0xE6, 0xE6, 0xE6, 0xE6, 0x00, 0x00, 0x00, 0x00, 0x00, 0x00, 0x00, 0x00, 0x00, 0x00, 0x00,
	0x00, 0x00, 0x00, 0x00, 0x00, 0x00, 0x00, 0x00, 0x00, 0x00, 0x00, 0x00, 0x00, 0x00, 0x00, 0x00,
	0x00, 0x00, 0x00, 0x00, 0x00, 0x00, 0x00, 0x00, 0x00, 0x00, 0x00, 0x00, 0x00, 0x00, 0x00, 0x00,
	0x00, 0x00, 0x00, 0x00, 0x00, 0x00, 0x00, 0x00, 0x00, 0x00, 0x00, 0x00, 0x00, 0x00, 0x00, 0x00,
	0x00, 0x00, 0x00, 0x00, 0x00, 0x00, 0x00, 0x00, 0x00, 0x00, 0x00, 0x00, 0x00, 0x00, 0x00, 0x00,
	0x00, 0x00, 0x00, 0x00, 0x00, 0x00, 0x00, 0x00, 0x00, 0x00, 0x00, 0x00, 0x00, 0x00, 0x09, 0x09,
	0x09, 0x00, 0x00, 0x00, 0x00, 0x00, 0x00, 0x00, 0x00, 0x00, 0x00, 0x00, 0x00, 0x00, 0x00, 0x00,
	0x00, 0x00, 0x00, 0x00, 0x00, 0x00, 0x00, 0x00, 0x00, 0x00, 0x00, 0x00, 0x00, 0x00, 0x00, 0x00,
	0x00, 0x00, 0x00, 0x00, 0x00, 0x00, 0x00, 0x00, 0x00, 0x00, 0x00, 0x00, 0x00, 0x00, 0x00, 0x00,
	0x00, 0x00, 0x00, 0x00, 0x00, 0x00, 0x00, 0x00, 0x00, 0x00, 0x00, 0x00, 0x00, 0x00, 0x00, 0x00,
	0x00, 0x00, 0x00, 0x00, 0x00, 0x00, 0x00, 0x00, 0x00, 0x00, 0x00, 0x00, 0x00, 0x00, 0x00, 0x00,
	0x00, 0x00, 0x00, 0x00, 0x00, 0x00, 0x00, 0x00, 0x00, 0x00, 0x00, 0x00, 0x00, 0x00, 0x00, 0x00,
	0x00, 0x00, 0x00, 0x00, 0x00, 0x00, 0x00, 0x00, 0x00, 0x00, 0x00, 0x00, 0x00, 0x00, 0x00, 0x00,
	0x00, 0x00, 0x09, 0x00, 0x00, 0x00, 0x07, 0x00, 0x00, 0x00, 0x00, 0x00, 0x00, 0x00, 0x00, 0x00,
	0x00, 0x00, 0x00, 0x00, 0x00, 0x00, 0x00, 0x00, 0x00, 0x00, 0x00, 0x00, 0x00, 0x00, 0xE6, 0x00,
	0x00, 0x00, 0x00, 0x00, 0x00, 0x00, 0x00, 0x00, 0x00, 0x00, 0x00, 0x00, 0x00, 0x00, 0x00, 0x00,
	0x00, 0x00, 0x00, 0x00, 0x00, 0x00, 0x00, 0x00, 0x00, 0x00, 0x00, 0x00, 0x00, 0x00, 0x00, 0x00,
	0x00, 0x00, 0x00, 0x00, 0x00, 0x00, 0x00, 0x00, 0x00, 0x00, 0x00, 0x00, 0x00, 0x00, 0x00, 0x00,
	0x00, 0x00, 0x00, 0x00, 0x00, 0x00, 0x00, 0x00, 0x00, 0x00, 0x00, 0x00, 0x00, 0x00, 0x00, 0x00,
	0x00, 0x00, 0x00, 0x00, 0x00, 0x00, 0x00, 0x00, 0x00, 0x00, 0x00, 0x00, 0x00, 0x00, 0x00, 0x00,
	0x00, 0x00, 0x00, 0x00, 0x00, 0x00, 0x00, 0x00, 0x00, 0x00, 0x00, 0x00, 0x00, 0x00, 0x00, 0x00,
	0x00, 0x00, 0x09, 0x07, 0x00, 0x00, 0x00, 0x00, 0x00, 0x00, 0x00, 0x00, 0x00, 0x00, 0x00, 0x00,
	0x00, 0x00, 0x00, 0x00, 0x00, 0x00, 0x00, 0x00, 0x00, 0x00, 0x00, 0x00, 0x00, 0x00, 0x00, 0x00,
	0x00, 0x00, 0x00, 0x00, 0x00, 0x00, 0x00, 0x00, 0x00, 0x00, 0x00, 0x00, 0x00, 0x00, 0x00, 0x00,
	0x00, 0x00, 0x00, 0x00, 0x00, 0x00, 0x00, 0x00, 0x00, 0x00, 0x00, 0x00, 0x00, 0x00, 0x00, 0x00,
	0x00, 0x00, 0x00, 0x00, 0x00, 0x00, 0x00, 0x00, 0x00, 0x00, 0x00, 0x00, 0x00, 0x00, 0x00, 0x00,
	0x00, 0x00, 0x00, 0x00, 0x00, 0x00, 0x00, 0x00, 0x00, 0x00, 0x00, 0x00, 0x00, 0x00, 0x00, 0x00,
	0x00, 0x00, 0x00, 0x00, 0x00, 0x00, 0x00, 0x00, 0x00, 0x00, 0x00, 0x00, 0x00, 0x00, 0x00, 0x00,
	0x00, 0x00, 0x00, 0x00, 0x00, 0x00, 0x00, 0x00, 0x00, 0x00, 0x00, 0x00, 0x00, 0x00, 0x00, 0x00,
	0x00, 0x00, 0x00, 0x00, 0x00, 0x00, 0x00, 0x00, 0x00, 0x00, 0x00, 0x00, 0x00, 0x00, 0x00, 0x00,
	0x00, 0x00, 0x00, 0x00, 0x00, 0x00, 0x00, 0x00, 0x00, 0x00, 0x00, 0x00, 0x00, 0x00, 0x00, 0x00,
	0x00, 0x00, 0x00, 0x00, 0x00, 0x00, 0x00, 0x00, 0x00, 0x00, 0x00, 0x00, 0x00, 0x00, 0x00, 0x00,
	0x00, 0x00, 0x00, 0x00, 0x00, 0x00, 0x00, 0x00, 0x00, 0x00, 0x00, 0x00, 0x00, 0x00, 0x00, 0x00,
	0x00, 0x00, 0x00, 0x00, 0x00, 0x00, 0x00, 0x00, 0x00, 0x00, 0x00, 0x00, 0x00, 0x00, 0x00, 0x00,
	0x00, 0x00, 0x00, 0x00, 0x00, 0x00, 0x00, 0x00, 0x00, 0x00, 0x00, 0x00, 0x00, 0x00, 0x00, 0x00,
	0x00, 0x00, 0x00, 0x00, 0x00, 0x00, 0x00, 0x00, 0x00, 0x00, 0x00, 0x00, 0x00, 0x00, 0x00, 0x00,
	0x00, 0x00, 0x00, 0x00, 0x00, 0x00, 0x00, 0x00, 0x00, 0x00, 0x00, 0x00, 0x00, 0x00, 0x00, 0x09,
	0x07, 0x00, 0x00, 0x00, 0x00, 0x00, 0x00, 0x00, 0x00, 0x00, 0x00, 0x00, 0x00, 0x00, 0x00, 0x00,
	0x00, 0x00, 0x00, 0x00, 0x00, 0x00, 0x00, 0x00, 0x00, 0x00, 0x00, 0x00, 0x00, 0x00, 0x00, 0x00,
	0x00, 0x00, 0x00, 0x00, 0x00, 0x00, 0x00, 0x00, 0x00, 0x00, 0x00, 0x00, 0x00, 0x00, 0x00, 0x00,
	0x00, 0x00, 0x00, 0x00, 0x00, 0x00, 0x00, 0x00, 0x00, 0x00, 0x00, 0x00, 0x00, 0x00, 0x00, 0x00,
	0x00, 0x00, 0x00, 0x00, 0x00, 0x00, 0x00, 0x00, 0x00, 0x00, 0x00, 0x00, 0x00, 0x00, 0x00, 0x00,
	0x00, 0x00, 0x00, 0x00, 0x00, 0x00, 0x00, 0x00, 0x00, 0x00, 0x00, 0x00, 0x00, 0x00, 0x00, 0x00,
	0x00, 0x00, 0x00, 0x00, 0x00, 0x00, 0x00, 0x00, 0x00, 0x00, 0x00, 0x00, 0x00, 0x00, 0x00, 0x00,
	0x00, 0x00, 0x00, 0x00, 0x00, 0x00, 0x00, 0x00, 0x00, 0x00, 0x00, 0x00, 0x00, 0x00, 0x00, 0x09,
	0x00, 0x00, 0x00, 0x00, 0x00, 0x00, 0x00, 0x00, 0x00, 0x00, 0x00, 0x00, 0x00, 0x00, 0x00, 0x00,
	0x00, 0x00, 0x00, 0x00, 0x00, 0x00, 0x00, 0x00, 0x00, 0x00, 0x00, 0x00, 0x00, 0x00, 0x00, 0x00,
	0x00, 0x00, 0x00, 0x00, 0x00, 0x00, 0x00, 0x00, 0x00, 0x00, 0x00, 0x00, 0x00, 0x00, 0x00, 0x00,
	0x00, 0x00, 0x00, 0x00, 0x00, 0x00, 0x00, 0x00, 0x00, 0x00, 0x00, 0x00, 0x00, 0x00, 0x00, 0x00,
	0x00, 0x00, 0x00, 0x00, 0x00, 0x00, 0x00, 0x00, 0x00, 0x00, 0x00, 0x00, 0x00, 0x00, 0x00, 0x00,
	0x00, 0x00, 0x00, 0x00, 0x00, 0x00, 0x00, 0x00, 0x00, 0x00, 0x00, 0x00, 0x00, 0x00, 0x00, 0x00,
	0x00, 0x00, 0x00, 0x00, 0x00, 0x00, 0x00, 0x00, 0x00, 0x00, 0x00, 0x00, 0x00, 0x00, 0x00, 0x00,
	0x00, 0x00, 0x00, 0x00, 0x00, 0x00, 0x09, 0x07, 0x00, 0x00, 0x00, 0x00, 0x00, 0x00, 0x00, 0x00,
	0x00, 0x00, 0x00, 0x00, 0x00, 0x00, 0x00, 0x00, 0x00, 0x00, 0x00, 0x00, 0x00, 0x00, 0x00, 0x00,
	0x00, 0x00, 0x00, 0x00, 0x00, 0x00, 0x00, 0x00, 0x00, 0x00, 0x00, 0x00, 0x00, 0x00, 0x00, 0x00,
	0x00, 0x00, 0x00, 0x00, 0x00, 0x00, 0x00, 0x00, 0x00, 0x00, 0x00, 0x00, 0x00, 0x00, 0x00, 0x00,
	0x00, 0x00, 0x00, 0x00, 0x00, 0x00, 0x00, 0x00, 0x00, 0x00, 0x00, 0x00, 0x00, 0x00, 0x00, 0x00,
	0x00, 0x00, 0x00, 0x00, 0x00, 0x00, 0x00, 0x00, 0x00, 0x00, 0x00, 0x00, 0x00, 0x00, 0x00, 0x00,
	0x00, 0x00, 0x00, 0x00, 0x00, 0x00, 0x00, 0x00, 0x00, 0x00, 0x00, 0x00, 0x00, 0x00, 0x00, 0x00,
	0x00, 0x00, 0x00, 0x00, 0x00, 0x00, 0x00, 0x00, 0x00, 0x00, 0x00, 0x09, 0x00, 0x00, 0x00, 0x00,
	0x00, 0x00, 0x00, 0x00, 0x00, 0x00, 0x00, 0x00, 0x00, 0x00, 0x00, 0x00, 0x00, 0x00, 0x00, 0x00,
	0x00, 0x00, 0x00, 0x00, 0x00, 0x00, 0x00, 0x00, 0x00, 0x00, 0x00, 0x00, 0x00, 0x00, 0x00, 0x00,
	0x00, 0x00, 0x00, 0x00, 0x00, 0x00, 0x00, 0x00, 0x00, 0x00, 0x00, 0x00, 0x00, 0x00, 0x00, 0x00,
	0x00, 0x00, 0x00, 0x00, 0x00, 0x00, 0x00, 0x00, 0x00, 0x00, 0x00, 0x00, 0x00, 0x00, 0x00, 0x00,
	0x00, 0x00, 0x00, 0x00, 0x00, 0x00, 0x00, 0x00, 0x00, 0x00, 0x00, 0x00, 0x00, 0x00, 0x00, 0x00,
	0x00, 0x00, 0x00, 0x00, 0x00, 0x00, 0x00, 0x00, 0x00, 0x00, 0x00, 0x00, 0x00, 0x00, 0x00, 0x00,
	0x00, 0x00, 0x00, 0x00, 0x00, 0x00, 0x00, 0x00, 0x00, 0x00, 0x00, 0x00, 0x00, 0x00, 0x00, 0x00,
	0x00, 0x00, 0x00, 0x00, 0x00, 0x00, 0x00, 0x00, 0x00, 0x00, 0x00, 0x00, 0x00, 0x00, 0x00, 0x00,
	0x00, 0x00, 0x00, 0x00, 0x00, 0x00, 0x00, 0x00, 0x00, 0x00, 0x00, 0x00, 0x00, 0x00, 0x00, 0x00,
	0x00, 0x00, 0x00, 0x00, 0x00, 0x00, 0x00, 0x00, 0x00, 0x00, 0x00, 0x00, 0x00, 0x00, 0x00, 0x00,
	0x00, 0x00, 0x00, 0x00, 0x00, 0x00, 0x00, 0x00, 0x00, 0x00, 0x00, 0x00, 0x00, 0x00, 0x00, 0x00,
	0x00, 0x00, 0x00, 0x00, 0x00, 0x00, 0x00, 0x00, 0x00, 0x00, 0x00, 0x00, 0x00, 0x00, 0x00, 0x00,
	0x00, 0x00, 0x00, 0x00, 0x00, 0x00, 0x00, 0x00, 0x00, 0x00, 0x00, 0x00, 0x00, 0x00, 0x00, 0x00,
	0x00, 0x00, 0x00, 0x00, 0x00, 0x00, 0x00, 0x00, 0x00, 0x00, 0x00, 0x00, 0x00, 0x00, 0x00, 0x00,
	0x00, 0x00, 0x00, 0x00, 0x00, 0x00, 0x00, 0x00, 0x00, 0x00, 0x00, 0x00, 0x00, 0x00, 0x00, 0x00,
	0x00, 0x00, 0x00, 0x00, 0x00, 0x00, 0x00, 0x00, 0x00, 0x00, 0x00, 0x00, 0x00, 0x00, 0x00, 0x00,
	0x00, 0x00, 0x00, 0x00, 0x00, 0x00, 0x00, 0x00, 0x00, 0x09, 0x07, 0x00, 0x00, 0x00, 0x00, 0x00,
	0x00, 0x00, 0x00, 0x00, 0x00, 0x00, 0x00, 0x00, 0x00, 0x00, 0x00, 0x00, 0x00, 0x00, 0x00, 0x00,
	0x00, 0x00, 0x00, 0x00, 0x00, 0x00, 0x00, 0x00, 0x00, 0x00, 0x00, 0x00, 0x00, 0x00, 0x00, 0x00,
	0x00, 0x00, 0x00, 0x00, 0x00, 0x00, 0x00, 0x00, 0x00, 0x00, 0x00, 0x00, 0x00, 0x00, 0x00, 0x00,
	0x00, 0x00, 0x00, 0x00, 0x00, 0x00, 0x00, 0x00, 0x00, 0x00, 0x00, 0x00, 0x00, 0x00, 0x00, 0x00,
	0x00, 0x00, 0x00, 0x00, 0x00, 0x00, 0x00, 0x00, 0x00, 0x00, 0x00, 0x00, 0x00, 0x00, 0x00, 0x00,
	0x00, 0x00, 0x00, 0x00, 0x00, 0x00, 0x00, 0x00, 0x00, 0x00, 0x00, 0x00, 0x00, 0x00, 0x00, 0x00,
	0x00, 0x00, 0x00, 0x00, 0x00, 0x00, 0x00, 0x00, 0x00, 0x00, 0x00, 0x00, 0x00, 0x00, 0x00, 0x00,
	0x00, 0x00, 0x00, 0x00, 0x00, 0x00, 0x00, 0x00, 0x00, 0x00, 0x00, 0x00, 0x00, 0x00, 0x00, 0x00,
	0x00, 0x00, 0x00, 0x00, 0x00, 0x00, 0x00, 0x00, 0x00, 0x00, 0x00, 0x00, 0x00, 0x00, 0x00, 0x00,
	0x00, 0x00, 0x00, 0x00, 0x00, 0x00, 0x00, 0x00, 0x00, 0x00, 0x00, 0x00, 0x00, 0x00, 0x00, 0x00,
	0x00, 0x00, 0x00, 0x00, 0x00, 0x00, 0x00, 0x00, 0x00, 0x00, 0x00, 0x00, 0x00, 0x00, 0x00, 0x00,
	0x00, 0x00, 0x00, 0x00, 0x00, 0x00, 0x00, 0x00, 0x00, 0x00, 0x00, 0x00, 0x00, 0x00, 0x00, 0x00,
	0x00, 0x00, 0x00, 0x00, 0x00, 0x00, 0x00, 0x00, 0x00, 0x00, 0x00, 0x00, 0x00, 0x00, 0x00, 0x00,
	0x00, 0x00, 0x00, 0x00, 0x00, 0x00, 0x00, 0x00, 0x00, 0x00, 0x00, 0x00, 0x00, 0x00, 0x00, 0x00,
	0x00, 0x00, 0x00, 0x00, 0x00, 0x00, 0x00, 0x00, 0x00, 0x00, 0x00, 0x00, 0x00, 0x00, 0x00, 0x00,
	0x00, 0x00, 0x00, 0x00, 0x00, 0x00, 0x00, 0x00, 0x00, 0x00, 0x00, 0x00, 0x00, 0x09, 0x09, 0x00,
	0x00, 0x00, 0x00, 0x07, 0x00, 0x00, 0x00, 0x00, 0x00, 0x00, 0x00, 0x00, 0x00, 0x00, 0x00, 0x00,
	0x00, 0x00, 0x00, 0x00, 0x00, 0x00, 0x00, 0x00, 0x00, 0x00, 0x00, 0x00, 0x00, 0x00, 0x00, 0x00,
	0x00, 0x00, 0x00, 0x00, 0x00, 0x00, 0x00, 0x00, 0x00, 0x00, 0x00, 0x00, 0x00, 0x00, 0x00, 0x00,
	0x00, 0x00, 0x00, 0x00, 0x00, 0x00, 0x00, 0x00, 0x00, 0x00, 0x00, 0x00, 0x00, 0x00, 0x00, 0x00,
	0x00, 0x00, 0x00, 0x00, 0x00, 0x00, 0x00, 0x00, 0x00, 0x00, 0x00, 0x00, 0x00, 0x00, 0x00, 0x00,
	0x00, 0x00, 0x00, 0x00, 0x00, 0x00, 0x00, 0x00, 0x00, 0x00, 0x00, 0x00, 0x00, 0x00, 0x00, 0x00,
	0x00, 0x00, 0x00, 0x00, 0x00, 0x00, 0x00, 0x00, 0x00, 0x00, 0x00, 0x00, 0x00, 0x00, 0x00, 0x00,
	0x00, 0x00, 0x00, 0x00, 0x00, 0x00, 0x00, 0x00, 0x00, 0x00, 0x00, 0x00, 0x00, 0x00, 0x00, 0x00,
	0x00, 0x00, 0x00, 0x00, 0x00, 0x00, 0x00, 0x00, 0x00, 0x00, 0x00, 0x00, 0x00, 0x00, 0x00, 0x00,
	0x00, 0x00, 0x00, 0x00, 0x00, 0x00, 0x00, 0x00, 0x00, 0x00, 0x00, 0x00, 0x00, 0x00, 0x00, 0x00,
	0x09, 0x00, 0x00, 0x00, 0x00, 0x00, 0x00, 0x00, 0x00, 0x00, 0x00, 0x00, 0x00, 0x00, 0x00, 0x00,
	0x00, 0x00, 0x00, 0x00, 0x00, 0x00, 0x00, 0x00, 0x00, 0x00, 0x00, 0x00, 0x00, 0x00, 0x00, 0x00,
	0x00, 0x00, 0x00, 0x00, 0x00, 0x00, 0x00, 0x00, 0x00, 0x00, 0x00, 0x00, 0x00, 0x00, 0x00, 0x00,
	0x00, 0x00, 0x00, 0x00, 0x00, 0x00, 0x00, 0x00, 0x00, 0x00, 0x00, 0x00, 0x00, 0x00, 0x00, 0x00,
	0x00, 0x00, 0x00, 0x00, 0x00, 0x00, 0x00, 0x00, 0x00, 0x00, 0x00, 0x00, 0x00, 0x00, 0x00, 0x00,
	0x00, 0x00, 0x00, 0x00, 0x09, 0x00, 0x00, 0x00, 0x00, 0x00, 0x00, 0x00, 0x00, 0x00, 0x00, 0x00,
	0x00, 0x00, 0x00, 0x00, 0x00, 0x00, 0x00, 0x09, 0x00, 0x00, 0x00, 0x00, 0x00, 0x00, 0x00, 0x00,
	0x00, 0x00, 0x00, 0x00, 0x00, 0x00, 0x00, 0x00, 0x00, 0x00, 0x00, 0x00, 0x00, 0x00, 0x00, 0x00,
	0x00, 0x00, 0x00, 0x00, 0x00, 0x00, 0x00, 0x00, 0x00, 0x00, 0x00, 0x00, 0x00, 0x00, 0x00, 0x00,
	0x00, 0x00, 0x00, 0x00, 0x00, 0x00, 0x00, 0x00, 0x00, 0x00, 0x00, 0x00, 0x00, 0x00, 0x00, 0x00,
	0x00, 0x00, 0x00, 0x00, 0x00, 0x00, 0x00, 0x00, 0x00, 0x00, 0x00, 0x00, 0x00, 0x00, 0x00, 0x00,
	0x00, 0x00, 0x00, 0x00, 0x00, 0x00, 0x00, 0x00, 0x00, 0x09, 0x00, 0x00, 0x00, 0x00, 0x00, 0x00,
	0x00, 0x00, 0x00, 0x00, 0x00, 0x00, 0x00, 0x00, 0x00, 0x00, 0x00, 0x00, 0x00, 0x00, 0x00, 0x00,
	0x00, 0x00, 0x00, 0x00, 0x00, 0x00, 0x00, 0x00, 0x00, 0x00, 0x00, 0x00, 0x00, 0x00, 0x00, 0x00,
	0x00, 0x00, 0x00, 0x00, 0x00, 0x00, 0x00, 0x00, 0x00, 0x00, 0x00, 0x00, 0x00, 0x00, 0x00, 0x00,
	0x00, 0x00, 0x00, 0x00, 0x00, 0x00, 0x00, 0x00, 0x00, 0x00, 0x00, 0x00, 0x00, 0x00, 0x00, 0x00,
	0x00, 0x00, 0x00, 0x00, 0x00, 0x00, 0x00, 0x00, 0x00, 0x00, 0x00, 0x00, 0x00, 0x00, 0x00, 0x00,
	0x00, 0x00, 0x00, 0x00, 0x00, 0x00, 0x00, 0x00, 0x00, 0x00, 0x00, 0x00, 0x00, 0x00, 0x00, 0x00,
	0x00, 0x00, 0x00, 0x00, 0x00, 0x00, 0x00, 0x00, 0x00, 0x00, 0x00, 0x00, 0x00, 0x00, 0x00, 0x00,
	0x00, 0x00, 0x00, 0x00, 0x00, 0x00, 0x00, 0x00, 0x00, 0x00, 0x00, 0x00, 0x00, 0x00, 0x00, 0x00,
	0x00, 0x00, 0x00, 0x00, 0x00, 0x00, 0x00, 0x00, 0x00, 0x00, 0x00, 0x00, 0x00, 0x00, 0x00, 0x00,
	0x00, 0x00, 0x00, 0x00, 0x00, 0x00, 0x00, 0x00, 0x00, 0x00, 0x00, 0x00, 0x00, 0x00, 0x00, 0x09,
	0x00, 0x00, 0x00, 0x00, 0x00, 0x00, 0x00, 0x00, 0x00, 0x00, 0x00, 0x00, 0x00, 0x00, 0x00, 0x00,
	0x00, 0x00, 0x00, 0x00, 0x00, 0x00, 0x00, 0x00, 0x00, 0x00, 0x00, 0x00, 0x00, 0x00, 0x00, 0x00,
	0x00, 0x00, 0x00, 0x00, 0x00, 0x00, 0x00, 0x00, 0x00, 0x00, 0x00, 0x00, 0x00, 0x00, 0x00, 0x00,
	0x00, 0x00, 0x00, 0x00, 0x00, 0x00, 0x00, 0x00, 0x00, 0x00, 0x00, 0x00, 0x00, 0x00, 0x00, 0x00,
	0x00, 0x00, 0x00, 0x00, 0x00, 0x00, 0x00, 0x00, 0x00, 0x00, 0x00, 0x00, 0x00, 0x00, 0x00, 0x00,
	0x00, 0x00, 0x00, 0x00, 0x00, 0x00, 0x00, 0x00, 0x00, 0x00, 0x00, 0x00, 0x00, 0x00, 0x00, 0x00,
	0x00, 0x00, 0x00, 0x00, 0x00, 0x00, 0x00, 0x00, 0x00, 0x00, 0x00, 0x00, 0x00, 0x00, 0x00, 0x00,
	0x00, 0x00, 0x00, 0x00, 0x00, 0x00, 0x00, 0x00, 0x00, 0x00, 0x00, 0x00, 0x00, 0x00, 0x00, 0x00,
	0x00, 0x00, 0x00, 0x00, 0x00, 0x00, 0x00, 0x00, 0x00, 0x00, 0x00, 0x00, 0x00, 0x00, 0x00, 0x00,
	0x00, 0x00, 0x00, 0x00, 0x00, 0x00, 0x00, 0x00, 0x00, 0x00, 0x00, 0x00, 0x00, 0x00, 0x00, 0x00,
	0x00, 0x00, 0x00, 0x00, 0x00, 0x00, 0x00, 0x00, 0x00, 0x00, 0x00, 0x00, 0x00, 0x00, 0x00, 0x00,
	0x00, 0x00, 0x00, 0x00, 0x00, 0x00, 0x00, 0x00, 0x00, 0x00, 0x00, 0x00, 0x00, 0x00, 0x00, 0x00,
	0x00, 0x00, 0x00, 0x00, 0x00, 0x00, 0x00, 0x00, 0x00, 0x00, 0x00, 0x00, 0x00, 0x00, 0x00, 0x00,
	0x00, 0x00, 0x00, 0x00, 0x00, 0x00, 0x00, 0x00, 0x00, 0x00, 0x00, 0x00, 0x00, 0x00, 0x00, 0x00,
	0x00, 0x00, 0x00, 0x00, 0x00, 0x00, 0x00, 0x00, 0x00, 0x00, 0x00, 0x00, 0x00, 0x00, 0x00, 0x00,
	0x00, 0x00, 0x00, 0x00, 0x00, 0x00, 0x00, 0x00, 0x00, 0x00, 0x00, 0x00, 0x00, 0x00, 0x00, 0x00,
	0x00, 0x00, 0x07, 0x00, 0x09, 0x09, 0x00, 0x00, 0x00, 0x00, 0x00, 0x00, 0x00, 0x00, 0x00, 0x00,
	0x00, 0x00, 0x00, 0x00, 0x00, 0x00, 0x00, 0x00, 0x00, 0x00, 0x00, 0x00, 0x00, 0x00, 0x00, 0x00,
	0x00, 0x00, 0x00, 0x00, 0x00, 0x00, 0x00, 0x00, 0x00, 0x00, 0x00, 0x00, 0x00, 0x00, 0x00, 0x00,
	0x00, 0x00, 0x00, 0x00, 0x00, 0x00, 0x00, 0x00, 0x00, 0x00, 0x00, 0x00, 0x00, 0x00, 0x00, 0x00,
	0x00, 0x00, 0x00, 0x00, 0x00, 0x00, 0x00, 0x00, 0x00, 0x00, 0x00, 0x00, 0x00, 0x00, 0x00, 0x00,
	0x00, 0x00, 0x00, 0x00, 0x00, 0x00, 0x00, 0x09, 0x00, 0x00, 0x00, 0x00, 0x00, 0x00, 0x00, 0x00,
	0x00, 0x00, 0x00, 0x00, 0x00, 0x00, 0x00, 0x00, 0x00, 0x00, 0x00, 0x00, 0x00, 0x00, 0x00, 0x00,
	0x00, 0x00, 0x00, 0x00, 0x00, 0x00, 0x00, 0x00, 0x00, 0x00, 0x00, 0x00, 0x00, 0x00, 0x00, 0x00,
	0x00, 0x00, 0x00, 0x00, 0x00, 0x00, 0x00, 0x00, 0x00, 0x00, 0x00, 0x00, 0x00, 0x00, 0x00, 0x00,
	0x00, 0x00, 0x00, 0x00, 0x00, 0x00, 0x00, 0x00, 0x00, 0x00, 0x00, 0x00, 0x00, 0x00, 0x00, 0x00,
	0x00, 0x00, 0x00, 0x00, 0x00, 0x00, 0x00, 0x00, 0x00, 0x00, 0x00, 0x00, 0x00, 0x00, 0x00, 0x00,
	0x00, 0x00, 0x00, 0x00, 0x00, 0x00, 0x00, 0x00, 0x00, 0x00, 0x00, 0x00, 0x00, 0x00, 0x00, 0x00,
	0x00, 0x00, 0x00, 0x00, 0x00, 0x00, 0x00, 0x00, 0x00, 0x00, 0x00, 0x00, 0x00, 0x00, 0x00, 0x00,
	0x00, 0x00, 0x00, 0x00, 0x00, 0x00, 0x00, 0x00, 0x00, 0x00, 0x00, 0x00, 0x00, 0x00, 0x00, 0x00,
	0x00, 0x00, 0x00, 0x00, 0x00, 0x00, 0x00, 0x00, 0x00, 0x00, 0x00, 0x00, 0x00, 0x00, 0x00, 0x00,
	0x00, 0x00, 0x00, 0x00, 0x00, 0x00, 0x00, 0x00, 0x00, 0x00, 0x00, 0x00, 0x00, 0x00, 0x00, 0x00,
	0x00, 0x09, 0x09, 0x00, 0x00, 0x00, 0x00, 0x00, 0x00, 0x00, 0x00, 0x00, 0x00, 0x00, 0x00, 0x00,
	0x00, 0x00, 0x00, 0x00, 0x00, 0x00, 0x00, 0x00, 0x00, 0x00, 0x00, 0x00, 0x00, 0x00, 0x00, 0x00,
	0x00, 0x00, 0x00, 0x00, 0x00, 0x00, 0x00, 0x00, 0x00, 0x00, 0x00, 0x00, 0x00, 0x00, 0x00, 0x00,
	0x00, 0x00, 0x00, 0x00, 0x00, 0x00, 0x00, 0x00, 0x00, 0x00, 0x00, 0x00, 0x00, 0x00, 0x00, 0x00,
	0x00, 0x00, 0x00, 0x00, 0x00, 0x00, 0x00, 0x00, 0x00, 0x00, 0x00, 0x00, 0x00, 0x00, 0x00, 0x00,
	0x00, 0x00, 0x00, 0x00, 0x00, 0x00, 0x00, 0x00, 0x00, 0x00, 0x00, 0x00, 0x00, 0x00, 0x00, 0x00,
	0x00, 0x00, 0x00, 0x00, 0x00, 0x00, 0x00, 0x00, 0x00, 0x00, 0x00, 0x00, 0x00, 0x00, 0x00, 0x00,
	0x00, 0x00, 0x00, 0x00, 0x00, 0x00, 0x00, 0x00, 0x00, 0x00, 0x00, 0x00, 0x00, 0x00, 0x00, 0x00,
	0x00, 0x00, 0x00, 0x00, 0x00, 0x00, 0x00, 0x00, 0x00, 0x00, 0x00, 0x00, 0x00, 0x00, 0x00, 0x00,
	0x00, 0x00, 0x00, 0x00, 0x00, 0x00, 0x00, 0x00, 0x00, 0x00, 0x00, 0x00, 0x00, 0x00, 0x00, 0x00,
	0x00, 0x00, 0x00, 0x00, 0x00, 0x00, 0x00, 0x00, 0x00, 0x00, 0x00, 0x00, 0x00, 0x00, 0x00, 0x00,
	0x00, 0x00, 0x00, 0x00, 0x00, 0x00, 0x00, 0x00, 0x00, 0x00, 0x00, 0x00, 0x00, 0x00, 0x00, 0x00,
	0x00, 0x00, 0x00, 0x00, 0x00, 0x00, 0x00, 0x00, 0x00, 0x00, 0x00, 0x00, 0x00, 0x00, 0x00, 0x00,
	0x00, 0x00, 0x00, 0x00, 0x00, 0x00, 0x00, 0x00, 0x00, 0x00, 0x00, 0x00, 0x00, 0x00, 0x00, 0x00,
	0x00, 0x00, 0x00, 0x00, 0x00, 0x00, 0x00, 0x00, 0x00, 0x00, 0x00, 0x00, 0x00, 0x00, 0x00, 0x09,
	0x00, 0x00, 0x00, 0x00, 0x00, 0x00, 0x00, 0x00, 0x00, 0x00, 0x00, 0x00, 0x00, 0x00, 0x00, 0x00,
	0x00, 0x00, 0x00, 0x00, 0x00, 0x00, 0x00, 0x00, 0x00, 0x00, 0x00, 0x00, 0x00, 0x00, 0x00, 0x00,
	0x00, 0x00, 0x00, 0x00, 0x00, 0x00, 0x00, 0x00, 0x00, 0x00, 0x00, 0x00, 0x00, 0x00, 0x00, 0x00,
	0x00, 0x00, 0x00, 0x00, 0x00, 0x00, 0x00, 0x00, 0x00, 0x00, 0x00, 0x00, 0x00, 0x00, 0x00, 0x00,
	0x00, 0x00, 0x00, 0x00, 0x00, 0x00, 0x00, 0x00, 0x00, 0x00, 0x00, 0x00, 0x00, 0x00, 0x00, 0x00,
	0x00, 0x00, 0x00, 0x00, 0x00, 0x00, 0x00, 0x00, 0x00, 0x00, 0x00, 0x00, 0x00, 0x00, 0x00, 0x00,
	0x00, 0x00, 0x00, 0x00, 0x00, 0x00, 0x00, 0x00, 0x00, 0x00, 0x00, 0x00, 0x00, 0x00, 0x00, 0x00,
	0x00, 0x00, 0x00, 0x00, 0x00, 0x00, 0x00, 0x00, 0x00, 0x00, 0x00, 0x00, 0x00, 0x00, 0x00, 0x00,
	0x00, 0x00, 0x00, 0x00, 0x00, 0x00, 0x00, 0x00, 0x00, 0x00, 0x00, 0x00, 0x00, 0x00, 0x00, 0x00,
	0x00, 0x00, 0x00, 0x00, 0x00, 0x00, 0x00, 0x00, 0x00, 0x00, 0x00, 0x00, 0x00, 0x00, 0x00, 0x00,
	0x00, 0x00, 0x00, 0x00, 0x00, 0x00, 0x00, 0x00, 0x00, 0x00, 0x00, 0x00, 0x00, 0x00, 0x00, 0x00,
	0x00, 0x00, 0x00, 0x00, 0x00, 0x00, 0x00, 0x00, 0x00, 0x00, 0x00, 0x00, 0x00, 0x00, 0x00, 0x00,
	0x00, 0x00, 0x00, 0x00, 0x00, 0x00, 0x00, 0x00, 0x00, 0x00, 0x00, 0x00, 0x00, 0x00, 0x00, 0x00,
	0x00, 0x00, 0x00, 0x00, 0x00, 0x00, 0x00, 0x00, 0x00, 0x00, 0x00, 0x00, 0x00, 0x00, 0x00, 0x00,
	0x00, 0x00, 0x00, 0x00, 0x00, 0x00, 0x00, 0x00, 0x00, 0x00, 0x00, 0x00, 0x00, 0x00, 0x00, 0x00,
	0x00, 0x00, 0x00, 0x00, 0x00, 0x00, 0x00, 0x00, 0x00, 0x00, 0x00, 0x00, 0x00, 0x00, 0x00, 0x00,
	0x00, 0x00, 0x00, 0x00, 0x00, 0x00, 0x00, 0x00, 0x00, 0x00, 0x00, 0x00, 0x00, 0x00, 0x00, 0x00,
	0x00, 0x00, 0x00, 0x00, 0x00, 0x00, 0x00, 0x00, 0x00, 0x00, 0x00, 0x00, 0x00, 0x00, 0x00, 0x00,
	0x00, 0x00, 0x00, 0x00, 0x00, 0x00, 0x00, 0x00, 0x00, 0x00, 0x00, 0x00, 0x00, 0x00, 0x00, 0x00,
	0x00, 0x00, 0x00, 0x00, 0x00, 0x00, 0x00, 0x00, 0x00, 0x00, 0x00, 0x00, 0x00, 0x00, 0x00, 0x00,
	0x00, 0x00, 0x00, 0x00, 0x00, 0x00, 0x00, 0x00, 0x00, 0x00, 0x00, 0x00, 0x00, 0x00, 0x00, 0x00,
	0x00, 0x00, 0x00, 0x00, 0x00, 0x00, 0x00, 0x00, 0x00, 0x00, 0x00, 0x00, 0x00, 0x00, 0x00, 0x00,
	0x00, 0x00, 0x00, 0x00, 0x00, 0x00, 0x00, 0x00, 0x00, 0x00, 0x00, 0x00, 0x00, 0x00, 0x00, 0x00,
	0x00, 0x00, 0x00, 0x00, 0x00, 0x00, 0x00, 0x00, 0x00, 0x00, 0x00, 0x00, 0x00, 0x00, 0x00, 0x00,
	0x00, 0x00, 0x00, 0x00, 0x00, 0x00, 0x00, 0x00, 0x00, 0x00, 0x00, 0x00, 0x00, 0x00, 0x00, 0x00,
	0x00, 0x00, 0x00, 0x00, 0x00, 0x00, 0x00, 0x00, 0x00, 0x00, 0x00, 0x00, 0x00, 0x00, 0x00, 0x00,
	0x00, 0x00, 0x00, 0x00, 0x00, 0x00, 0x00, 0x00, 0x00, 0x00, 0x00, 0x00, 0x00, 0x00, 0x00, 0x00,
	0x00, 0x00, 0x00, 0x00, 0x00, 0x00, 0x00, 0x00, 0x00, 0x00, 0x00, 0x00, 0x00, 0x00, 0x00, 0x00,
	0x01, 0x01, 0x01, 0x01, 0x01, 0x00, 0x00, 0x00, 0x00, 0x00, 0x00, 0x00, 0x00, 0x00, 0x00, 0x00,
	0x00, 0x00, 0x00, 0x00, 0x00, 0x00, 0x00, 0x00, 0x00, 0x00, 0x00, 0x00, 0x00, 0x00, 0x00, 0x00,
	0x00, 0x00, 0x00, 0x00, 0x00, 0x00, 0x00, 0x00, 0x00, 0x00, 0x00, 0x00, 0x00, 0x00, 0x00, 0x00,
	0x00, 0x00, 0x00, 0x00, 0x00, 0x00, 0x00, 0x00, 0x00, 0x00, 0x00, 0x00, 0x00, 0x00, 0x00, 0x00,
	0xE6, 0xE6, 0xE6, 0xE6, 0xE6, 0xE6, 0xE6, 0x00, 0x00, 0x00, 0x00, 0x00, 0x00, 0x00, 0x00, 0x00,
	0x00, 0x00, 0x00, 0x00, 0x00, 0x00, 0x00, 0x00, 0x00, 0x00, 0x00, 0x00, 0x00, 0x00, 0x00, 0x00,
	0x00, 0x00, 0x00, 0x00, 0x00, 0x00, 0x00, 0x00, 0x00, 0x00, 0x00, 0x00, 0x00, 0x00, 0x00, 0x00,
	0x00, 0x00, 0x00, 0x00, 0x00, 0x00, 0x00, 0x00, 0x00, 0x00, 0x00, 0x00, 0x00, 0x00, 0x00, 0x00,
	0x00, 0x00, 0x00, 0x00, 0x00, 0x00, 0x00, 0x00, 0x00, 0x00, 0x00, 0x00, 0x00, 0x00, 0x00, 0x00,
	0x00, 0x00, 0x00, 0x00, 0x00, 0x00, 0x00, 0x00, 0x00, 0x00, 0x00, 0x00, 0x00, 0x00, 0x00, 0x00,
	0x00, 0x00, 0x00, 0x00, 0x00, 0x00, 0x00, 0x00, 0x00, 0x00, 0x00, 0x00, 0x00, 0x00, 0x00, 0x00,
	0x00, 0x00, 0x00, 0x00, 0x00, 0x00, 0x00, 0x00, 0x00, 0x00, 0x00, 0x00, 0x00, 0x00, 0x00, 0x00,
	0x00, 0x00, 0x00, 0x00, 0x00, 0x00, 0x00, 0x00, 0x00, 0x00, 0x00, 0x00, 0x00, 0x00, 0x00, 0x00,
	0x00, 0x00, 0x00, 0x00, 0x00, 0x00, 0x00, 0x00, 0x00, 0x00, 0x00, 0x00, 0x00, 0x00, 0x00, 0x00,
	0x00, 0x00, 0x00, 0x00, 0x00, 0x00, 0x00, 0x00, 0x00, 0x00, 0x00, 0x00, 0x00, 0x00, 0x00, 0x00,
	0x00, 0x00, 0x00, 0x00, 0x00, 0x00, 0x00, 0x00, 0x00, 0x00, 0x00, 0x00, 0x00, 0x00, 0x00, 0x00,
	0x00, 0x00, 0x00, 0x00, 0x00, 0x00, 0x00, 0x00, 0x00, 0x00, 0x00, 0x00, 0x00, 0x00, 0x00, 0x00,
	0x00, 0x00, 0x00, 0x00, 0x00, 0x00, 0x00, 0x00, 0x00, 0x00, 0x00, 0x00, 0x00, 0x00, 0x00, 0x00,
	0x00, 0x00, 0x00, 0x00, 0x00, 0x00, 0x00, 0x00, 0x00, 0x00, 0x00, 0x00, 0x00, 0x00, 0x00, 0x00,
	0x00, 0x00, 0x00, 0x00, 0x00, 0x00, 0x00, 0x00, 0x00, 0x00, 0x00, 0x00, 0x00, 0x00, 0x00, 0x00,
	0x00, 0x00, 0x00, 0x00, 0x00, 0x00, 0x00, 0x00, 0x00, 0x00, 0x00, 0x00, 0x00, 0x00, 0x00, 0x00,
	0x00, 0x00, 0x00, 0x00, 0x00, 0x00, 0x00, 0x00, 0x00, 0x00, 0x00, 0x00, 0x00, 0x00, 0x00, 0x00,
	0x00, 0x00, 0x00, 0x00, 0x00, 0x00, 0x00, 0x00, 0x00, 0x00, 0x00, 0x00, 0x00, 0x00, 0x00, 0x00,
	0x00, 0x00, 0x00, 0x00, 0x00, 0x00, 0x00, 0x00, 0x00, 0x00, 0x00, 0x00, 0x00, 0x00, 0x00, 0x00,
	0x00, 0x00, 0x00, 0x00, 0x00, 0x00, 0x00, 0x00, 0x00, 0x00, 0x00, 0x00, 0x00, 0x00, 0x00, 0x00,
	0x00, 0x00, 0x00, 0x00, 0x00, 0x00, 0x00, 0x00, 0x00, 0x00, 0x00, 0x00, 0x00, 0x00, 0x00, 0x00,
	0x00, 0x00, 0x00, 0x00, 0x00, 0x00, 0x00, 0x00, 0x00, 0x00, 0x00, 0x00, 0x00, 0x00, 0x00, 0x00,
	0x00, 0x00, 0x00, 0x00, 0x00, 0x00, 0x00, 0x00, 0x00, 0x00, 0x00, 0x00, 0x00, 0x00, 0x00, 0x00,
	0x00, 0x00, 0x00, 0x00, 0x00, 0x00, 0x00, 0x00, 0x00, 0x00, 0x00, 0x00, 0x00, 0x00, 0x00, 0x00,
	0x00, 0x00, 0x00, 0x00, 0x00, 0x00, 0x00, 0x00, 0x00, 0x00, 0x00, 0x00, 0x00, 0x00, 0x00, 0x00,
	0x00, 0x00, 0x00, 0x00, 0x00, 0x00, 0x00, 0x00, 0x00, 0x00, 0x00, 0x00, 0x00, 0x00, 0x00, 0x00,
	0x00, 0x00, 0x00, 0x00, 0x00, 0x00, 0x00, 0x00, 0x00, 0x00, 0x00, 0x00, 0x00, 0x00, 0x00, 0x00,
	0x06, 0x06, 0x00, 0x00, 0x00, 0x00, 0x00, 0x00, 0x00, 0x00, 0x00, 0x00, 0x00, 0x00, 0x00, 0x00,
	0x00, 0x00, 0x00, 0x00, 0x00, 0x00, 0x00, 0x00, 0x00, 0x00, 0x00, 0x00, 0x00, 0x00, 0x00, 0x00,
	0x00, 0x00, 0x00, 0x00, 0x00, 0x00, 0x00, 0x00, 0x00, 0x00, 0x00, 0x00, 0x00, 0x00, 0x00, 0x00,
	0x00, 0x00, 0x00, 0x00, 0x00, 0x00, 0x00, 0x00, 0x00, 0x00, 0x00, 0x00, 0x00, 0x00, 0x00, 0x00,
	0x00, 0x00, 0x00, 0x00, 0x00, 0x00, 0x00, 0x00, 0x00, 0x00, 0x00, 0x00, 0x00, 0x00, 0x00, 0x00,
	0x00, 0x00, 0x00, 0x00, 0x00, 0x00, 0x00, 0x00, 0x00, 0x00, 0x00, 0x00, 0x00, 0x00, 0x00, 0x00,
	0x00, 0x00, 0x00, 0x00, 0x00, 0x00, 0x00, 0x00, 0x00, 0x00, 0x00, 0x00, 0x00, 0x00, 0x00, 0x00,
	0x00, 0x00, 0x00, 0x00, 0x00, 0x00, 0x00, 0x00, 0x00, 0x00, 0x00, 0x00, 0x00, 0x00, 0x00, 0x00,
	0x00, 0x00, 0x00, 0x00, 0x00, 0x00, 0x00, 0x00, 0x00, 0x00, 0x00, 0x00, 0x00, 0x00, 0x00, 0x00,
	0x00, 0x00, 0x00, 0x00, 0x00, 0x00, 0x00, 0x00, 0x00, 0x00, 0x00, 0x00, 0x00, 0x00, 0x00, 0x00,
	0x00, 0x00, 0x00, 0x00, 0x00, 0x00, 0x00, 0x00, 0x00, 0x00, 0x00, 0x00, 0x00, 0x00, 0x01, 0x00,
	0x00, 0x00, 0x00, 0x00, 0x00, 0x00, 0x00, 0x00, 0x00, 0x00, 0x00, 0x00, 0x00, 0x00, 0x00, 0x00,
	0x00, 0x00, 0x00, 0x00, 0x00, 0x00, 0x00, 0x00, 0x00, 0x00, 0x00, 0x00, 0x00, 0x00, 0x00, 0x00,
	0x00, 0x00, 0x00, 0x00, 0x00, 0x00, 0x00, 0x00, 0x00, 0x00, 0x00, 0x00, 0x00, 0x00, 0x00, 0x00,
	0x00, 0x00, 0x00, 0x00, 0x00, 0x00, 0x00, 0x00, 0x00, 0x00, 0x00, 0x00, 0x00, 0x00, 0x00, 0x00,
	0x00, 0x00, 0x00, 0x00, 0x00, 0x00, 0x00, 0x00, 0x00, 0x00, 0x00, 0x00, 0x00, 0x00, 0x00, 0x00,
	0x00, 0x00, 0x00, 0x00, 0x00, 0x00, 0x00, 0x00, 0x00, 0x00, 0x00, 0x00, 0x00, 0x00, 0x00, 0x00,
	0x00, 0x00, 0x00, 0x00, 0x00, 0x00, 0x00, 0x00, 0x00, 0x00, 0x00, 0x00, 0x00, 0x00, 0x00, 0x00,
	0x00, 0x00, 0x00, 0x00, 0x00, 0x00, 0x00, 0x00, 0x00, 0x00, 0x00, 0x00, 0x00, 0x00, 0x00, 0x00,
	0x00, 0x00, 0x00, 0x00, 0x00, 0x00, 0x00, 0xDC, 0xDC, 0x00, 0x00, 0x00, 0x00, 0x00, 0x00, 0x00,
	0x00, 0x00, 0x00, 0x00, 0x00, 0x00, 0x00, 0x00, 0x00, 0x00, 0x00, 0x00, 0x00, 0x00, 0x00, 0x00,
	0x00, 0x00, 0x00, 0x00, 0x00, 0x00, 0x00, 0x00, 0x00, 0x00, 0x00, 0x00, 0x00, 0x00, 0x00, 0x00,
	0x00, 0x00, 0x00, 0x00, 0x00, 0x00, 0x00, 0x00, 0x00, 0x00, 0x00, 0x00, 0x00, 0x00, 0x00, 0x00,
	0x00, 0x00, 0x00, 0x00, 0x00, 0xD8, 0xD8, 0x01, 0x01, 0x01, 0x00, 0x00, 0x00, 0xE2, 0xD8, 0xD8,
	0xD8, 0xD8, 0xD8, 0x00, 0x00, 0x00, 0x00, 0x00, 0x00, 0x00, 0x00, 0xDC, 0xDC, 0xDC, 0xDC, 0xDC,
	0xDC, 0xDC, 0xDC, 0x00, 0x00, 0xE6, 0xE6, 0xE6, 0xE6, 0xE6, 0xDC, 0xDC, 0x00, 0x00, 0x00, 0x00,
	0x00, 0x00, 0x00, 0x00, 0x00, 0x00, 0x00, 0x00, 0x00, 0x00, 0x00, 0x00, 0x00, 0x00, 0x00, 0x00,
	0x00, 0x00, 0x00, 0x00, 0x00, 0x00, 0x00, 0x00, 0x00, 0x00, 0xE6, 0xE6, 0xE6, 0xE6, 0x00, 0x00,
	0x00, 0x00, 0x00, 0x00, 0x00, 0x00, 0x00, 0x00, 0x00, 0x00, 0x00, 0x00, 0x00, 0x00, 0x00, 0x00,
	0x00, 0x00, 0x00, 0x00, 0x00, 0x00, 0x00, 0x00, 0x00, 0x00, 0x00, 0x00, 0x00, 0x00, 0x00, 0x00,
	0x00, 0x00, 0x00, 0x00, 0x00, 0x00, 0x00, 0x00, 0x00, 0x00, 0x00, 0x00, 0x00, 0x00, 0x00, 0x00,
	0x00, 0x00, 0x00, 0x00, 0x00, 0x00, 0x00, 0x00, 0x00, 0x00, 0x00, 0x00, 0x00, 0x00, 0x00, 0x00,
	0x00, 0x00, 0x00, 0x00, 0x00, 0x00, 0x00, 0x00, 0x00, 0x00, 0x00, 0x00, 0x00, 0x00, 0x00, 0x00,
	0x00, 0x00, 0x00, 0x00, 0x00, 0x00, 0x00, 0x00, 0x00, 0x00, 0x00, 0x00, 0x00, 0x00, 0x00, 0x00,
	0x00, 0x00, 0x00, 0x00, 0x00, 0x00, 0x00, 0x00, 0x00, 0x00, 0x00, 0x00, 0x00, 0x00, 0x00, 0x00,
	0x00, 0x00, 0x00, 0x00, 0x00, 0x00, 0x00, 0x00, 0x00, 0x00, 0x00, 0x00, 0x00, 0x00, 0x00, 0x00,
	0x00, 0x00, 0x00, 0x00, 0x00, 0x00, 0x00, 0x00, 0x00, 0x00, 0x00, 0x00, 0x00, 0x00, 0x00, 0x00,
	0x00, 0x00, 0xE6, 0xE6, 0xE6, 0x00, 0x00, 0x00, 0x00, 0x00, 0x00, 0x00, 0x00, 0x00, 0x00, 0x00,
	0xD8, 0xD8, 0xD8, 0x00, 0x00, 0x00, 0x00, 0x00, 0x00, 0x00, 0x00, 0x01, 0x01, 0x00, 0x00, 0xD8,
	0x00, 0x00, 0x00, 0x00, 0x00, 0x00, 0x00, 0x00, 0x00, 0x00, 0x00, 0x00, 0x00, 0x00, 0x00, 0x00,
	0x00, 0x00, 0x00, 0x00, 0x00, 0x00, 0x00, 0x00, 0x00, 0x00, 0x00, 0x00, 0x00, 0x00, 0x00, 0x00,
	0xD8, 0xD8, 0x00, 0x00, 0x00, 0x00, 0x00, 0x00, 0x00, 0x00, 0x00, 0x00, 0x00, 0x00, 0x00, 0x00,
	0x00, 0x00, 0x00, 0x00, 0x00, 0x00, 0x00, 0x00, 0x00, 0x00, 0x00, 0x00, 0x00, 0x00, 0x00, 0x00,
	0x00, 0x00, 0x00, 0x00, 0x00, 0x00, 0x00, 0x00, 0x00, 0x00, 0x00, 0x00, 0x00, 0x00, 0x00, 0x00,
	0x00, 0x00, 0x00, 0x00, 0x00, 0x00, 0x00, 0x00, 0x00, 0x00, 0x00, 0x00, 0x00, 0x00, 0x00, 0x00,
	0x00, 0x00, 0x00, 0x00, 0x00, 0x00, 0x00, 0x00, 0x00, 0x00, 0x00, 0x00, 0x00, 0x00, 0x00, 0x00,
	0x00, 0x00, 0x00, 0x00, 0x00, 0x00, 0x00, 0x00, 0x00, 0x00, 0x00, 0x00, 0x00, 0x00, 0x00, 0x00,
	0x00, 0x00, 0x00, 0x00, 0x00, 0x00, 0x00, 0x00, 0x00, 0x00, 0x00, 0x00, 0x00, 0x00, 0x00, 0x00,
	0x00, 0x00, 0x00, 0x00, 0x00, 0x00, 0x00, 0x00, 0x00, 0x00, 0x00, 0x00, 0x00, 0x00, 0x00, 0x00,
	0xE6, 0xE6, 0xE6, 0xE6, 0xE6, 0xE6, 0xE6, 0x00, 0xE6, 0xE6, 0xE6, 0xE6, 0xE6, 0xE6, 0xE6, 0xE6,
	0xE6, 0xE6, 0xE6, 0xE6, 0xE6, 0xE6, 0xE6, 0xE6, 0xE6, 0x00, 0x00, 0xE6, 0xE6, 0xE6, 0xE6, 0xE6,
	0xE6, 0xE6, 0x00, 0xE6, 0xE6, 0x00, 0xE6, 0xE6, 0xE6, 0xE6, 0xE6, 0x00, 0x00, 0x00, 0x00, 0x00,
	0x00, 0x00, 0x00, 0x00, 0x00, 0x00, 0x00, 0x00, 0x00, 0x00, 0x00, 0x00, 0x00, 0x00, 0x00, 0x00,
	0x00, 0x00, 0x00, 0x00, 0x00, 0x00, 0x00, 0x00, 0x00, 0x00, 0x00, 0x00, 0x00, 0x00, 0x00, 0x00,
	0x00, 0x00, 0x00, 0x00, 0x00, 0x00, 0x00, 0x00, 0x00, 0x00, 0x00, 0x00, 0x00, 0x00, 0x00, 0x00,
	0x00, 0x00, 0x00, 0x00, 0x00, 0x00, 0x00, 0x00, 0x00, 0x00, 0x00, 0x00, 0x00, 0x00, 0x00, 0x00,
	0x00, 0x00, 0x00, 0x00, 0x00, 0x00, 0x00, 0x00, 0x00, 0x00, 0x00, 0x00, 0x00, 0x00, 0x00, 0x00,
	0x00, 0x00, 0x00, 0x00, 0x00, 0x00, 0x00, 0x00, 0x00, 0x00, 0x00, 0x00, 0x00, 0x00, 0x00, 0xE6,
	0x00, 0x00, 0x00, 0x00, 0x00, 0x00, 0x00, 0x00, 0x00, 0x00, 0x00, 0x00, 0x00, 0x00, 0x00, 0x00,
	0x00, 0x00, 0x00, 0x00, 0x00, 0x00, 0x00, 0x00, 0x00, 0x00, 0x00, 0x00, 0x00, 0x00, 0x00, 0x00,
	0x00, 0x00, 0x00, 0x00, 0x00, 0x00, 0x00, 0x00, 0x00, 0x00, 0x00, 0x00, 0x00, 0x00, 0x00, 0x00,
	0x00, 0x00, 0x00, 0x00, 0x00, 0x00, 0x00, 0x00, 0x00, 0x00, 0x00, 0x00, 0x00, 0x00, 0x00, 0x00,
	0x00, 0x00, 0x00, 0x00, 0x00, 0x00, 0x00, 0x00, 0x00, 0x00, 0x00, 0x00, 0x00, 0x00, 0x00, 0x00,
	0x00, 0x00, 0x00, 0x00, 0x00, 0x00, 0x00, 0x00, 0x00, 0x00, 0x00, 0x00, 0x00, 0x00, 0x00, 0x00,
	0x00, 0x00, 0x00, 0x00, 0x00, 0x00, 0x00, 0x00, 0x00, 0x00, 0x00, 0x00, 0x00, 0x00, 0x00, 0x00,
	0x00, 0x00, 0x00, 0x00, 0x00, 0x00, 0x00, 0x00, 0x00, 0x00, 0x00, 0x00, 0x00, 0x00, 0x00, 0x00,
	0x00, 0x00, 0x00, 0x00, 0x00, 0x00, 0x00, 0x00, 0x00, 0x00, 0x00, 0x00, 0x00, 0x00, 0x00, 0x00,
	0x00, 0x00, 0x00, 0x00, 0x00, 0x00, 0x00, 0x00, 0x00, 0x00, 0x00, 0x00, 0x00, 0x00, 0x00, 0x00,
	0x00, 0x00, 0x00, 0x00, 0x00, 0x00, 0x00, 0x00, 0x00, 0x00, 0x00, 0x00, 0x00, 0x00, 0x00, 0x00,
	0x00, 0x00, 0x00, 0x00, 0x00, 0x00, 0x00, 0x00, 0x00, 0x00, 0x00, 0x00, 0x00, 0x00, 0x00, 0x00,
	0x00, 0x00, 0x00, 0x00, 0x00, 0x00, 0x00, 0x00, 0x00, 0x00, 0x00, 0x00, 0x00, 0x00, 0x00, 0x00,
	0x00, 0x00, 0x00, 0x00, 0x00, 0x00, 0x00, 0x00, 0x00, 0x00, 0x00, 0x00, 0x00, 0x00, 0x00, 0x00,
	0x00, 0x00, 0x00, 0x00, 0x00, 0x00, 0x00, 0x00, 0x00, 0x00, 0x00, 0x00, 0x00, 0x00, 0x00, 0x00,
	0x00, 0x00, 0x00, 0x00, 0x00, 0x00, 0x00, 0x00, 0x00, 0x00, 0x00, 0x00, 0x00, 0x00, 0x00, 0x00,
	0x00, 0x00, 0x00, 0x00, 0x00, 0x00, 0x00, 0x00, 0x00, 0x00, 0x00, 0x00, 0x00, 0x00, 0x00, 0x00,
	0x00, 0x00, 0x00, 0x00, 0x00, 0x00, 0x00, 0x00, 0x00, 0x00, 0x00, 0x00, 0x00, 0x00, 0xE6, 0x00,
	0x00, 0x00, 0x00, 0x00, 0x00, 0x00, 0x00, 0x00, 0x00, 0x00, 0x00, 0x00, 0x00, 0x00, 0x00, 0x00,
	0x00, 0x00, 0x00, 0x00, 0x00, 0x00, 0x00, 0x00, 0x00, 0x00, 0x00, 0x00, 0x00, 0x00, 0x00, 0x00,
	0x00, 0x00, 0x00, 0x00, 0x00, 0x00, 0x00, 0x00, 0x00, 0x00, 0x00, 0x00, 0x00, 0x00, 0x00, 0x00,
	0x00, 0x00, 0x00, 0x00, 0x00, 0x00, 0x00, 0x00, 0x00, 0x00, 0x00, 0x00, 0xE6, 0xE6, 0xE6, 0xE6,
	0x00, 0x00, 0x00, 0x00, 0x00, 0x00, 0x00, 0x00, 0x00, 0x00, 0x00, 0x00, 0x00, 0x00, 0x00, 0x00,
	0x00, 0x00, 0x00, 0x00, 0x00, 0x00, 0x00, 0x00, 0x00, 0x00, 0x00, 0x00, 0x00, 0x00, 0x00, 0x00,
	0x00, 0x00, 0x00, 0x00, 0x00, 0x00, 0x00, 0x00, 0x00, 0x00, 0x00, 0x00, 0x00, 0x00, 0x00, 0x00,
	0x00, 0x00, 0x00, 0x00, 0x00, 0x00, 0x00, 0x00, 0x00, 0x00, 0x00, 0x00, 0x00, 0x00, 0x00, 0x00,
	0x00, 0x00, 0x00, 0x00, 0x00, 0x00, 0x00, 0x00, 0x00, 0x00, 0x00, 0x00, 0x00, 0x00, 0x00, 0x00,
	0x00, 0x00, 0x00, 0x00, 0x00, 0x00, 0x00, 0x00, 0x00, 0x00, 0x00, 0x00, 0x00, 0x00, 0x00, 0x00,
	0x00, 0x00, 0x00, 0x00, 0x00, 0x00, 0x00, 0x00, 0x00, 0x00, 0x00, 0x00, 0x00, 0x00, 0x00, 0x00,
	0x00, 0x00, 0x00, 0x00, 0x00, 0x00, 0x00, 0x00, 0x00, 0x00, 0x00, 0x00, 0x00, 0x00, 0x00, 0x00,
	0x00, 0x00, 0x00, 0x00, 0x00, 0x00, 0x00, 0x00, 0x00, 0x00, 0x00, 0x00, 0x00, 0x00, 0x00, 0x00,
	0x00, 0x00, 0x00, 0x00, 0x00, 0x00, 0x00, 0x00, 0x00, 0x00, 0x00, 0x00, 0x00, 0x00, 0x00, 0x00,
	0x00, 0x00, 0x00, 0x00, 0x00, 0x00, 0x00, 0x00, 0x00, 0x00, 0x00, 0x00, 0x00, 0x00, 0x00, 0x00,
	0x00, 0x00, 0x00, 0x00, 0x00, 0x00, 0x00, 0x00, 0x00, 0x00, 0x00, 0x00, 0x00, 0x00, 0x00, 0x00,
	0x00, 0x00, 0x00, 0x00, 0x00, 0x00, 0x00, 0x00, 0x00, 0x00, 0x00, 0x00, 0x00, 0x00, 0x00, 0x00,
	0x00, 0x00, 0x00, 0x00, 0x00, 0x00, 0x00, 0x00, 0x00, 0x00, 0x00, 0x00, 0x00, 0x00, 0x00, 0x00,
	0x00, 0x00, 0x00, 0x00, 0x00, 0x00, 0x00, 0x00, 0x00, 0x00, 0x00, 0x00, 0x00, 0x00, 0x00, 0x00,
	0x00, 0x00, 0x00, 0x00, 0x00, 0x00, 0x00, 0x00, 0x00, 0x00, 0x00, 0x00, 0xE8, 0xE8, 0xDC, 0xE6,
	0x00, 0x00, 0x00, 0x00, 0x00, 0x00, 0x00, 0x00, 0x00, 0x00, 0x00, 0x00, 0x00, 0x00, 0x00, 0x00,
	0x00, 0x00, 0x00, 0x00, 0x00, 0x00, 0x00, 0x00, 0x00, 0x00, 0x00, 0x00, 0x00, 0x00, 0x00, 0x00,
	0x00, 0x00, 0x00, 0x00, 0x00, 0x00, 0x00, 0x00, 0x00, 0x00, 0x00, 0x00, 0x00, 0x00, 0x00, 0x00,
	0x00, 0x00, 0x00, 0x00, 0x00, 0x00, 0x00, 0x00, 0x00, 0x00, 0x00, 0x00, 0x00, 0x00, 0x00, 0x00,
	0x00, 0x00, 0x00, 0x00, 0x00, 0x00, 0x00, 0x00, 0x00, 0x00, 0x00, 0x00, 0x00, 0x00, 0x00, 0x00,
	0x00, 0x00, 0x00, 0x00, 0x00, 0x00, 0x00, 0x00, 0x00, 0x00, 0x00, 0x00, 0x00, 0x00, 0x00, 0x00,
	0x00, 0x00, 0x00, 0x00, 0x00, 0x00, 0x00, 0x00, 0x00, 0x00, 0x00, 0x00, 0x00, 0x00, 0x00, 0x00,
	0x00, 0x00, 0x00, 0x00, 0x00, 0x00, 0x00, 0x00, 0x00, 0x00, 0x00, 0x00, 0x00, 0x00, 0x00, 0x00,
	0x00, 0x00, 0x00, 0x00, 0x00, 0x00, 0x00, 0x00, 0x00, 0x00, 0x00, 0x00, 0x00, 0x00, 0x00, 0x00,
	0x00, 0x00, 0x00, 0x00, 0x00, 0x00, 0x00, 0x00, 0x00, 0x00, 0x00, 0x00, 0x00, 0x00, 0x00, 0x00,
	0x00, 0x00, 0x00, 0x00, 0x00, 0x00, 0x00, 0x00, 0x00, 0x00, 0x00, 0x00, 0x00, 0x00, 0x00, 0x00,
	0x00, 0x00, 0x00, 0x00, 0x00, 0x00, 0x00, 0x00, 0x00, 0x00, 0x00, 0x00, 0x00, 0x00, 0x00, 0x00,
	0x00, 0x00, 0x00, 0x00, 0x00, 0x00, 0x00, 0x00, 0x00, 0x00, 0x00, 0x00, 0x00, 0x00, 0x00, 0x00,
	0x00, 0x00, 0x00, 0x00, 0x00, 0x00, 0x00, 0x00, 0x00, 0x00, 0x00, 0x00, 0x00, 0x00, 0x00, 0x00,
	0x00, 0x00, 0x00, 0x00, 0x00, 0x00, 0x00, 0x00, 0x00, 0x00, 0x00, 0x00, 0x00, 0x00, 0x00, 0x00,
	0x00, 0x00, 0x00, 0x00, 0x00, 0x00, 0x00, 0x00, 0x00, 0x00, 0x00, 0x00, 0x00, 0x00, 0xE6, 0xDC,
	0x00, 0x00, 0x00, 0x00, 0x00, 0x00, 0x00, 0x00, 0x00, 0x00, 0x00, 0x00, 0x00, 0x00, 0x00, 0x00,
	0x00, 0x00, 0x00, 0x00, 0x00, 0x00, 0x00, 0x00, 0x00, 0x00, 0x00, 0x00, 0x00, 0x00, 0x00, 0x00,
	0x00, 0x00, 0x00, 0x00, 0x00, 0x00, 0x00, 0x00, 0x00, 0x00, 0x00, 0x00, 0x00, 0x00, 0x00, 0x00,
	0x00, 0x00, 0x00, 0x00, 0x00, 0x00, 0x00, 0x00, 0x00, 0x00, 0x00, 0x00, 0x00, 0x00, 0x00, 0x00,
	0x00, 0x00, 0x00, 0x00, 0x00, 0x00, 0x00, 0x00, 0x00, 0x00, 0x00, 0x00, 0x00, 0x00, 0x00, 0x00,
	0x00, 0x00, 0x00, 0x00, 0x00, 0x00, 0x00, 0x00, 0x00, 0x00, 0x00, 0x00, 0x00, 0x00, 0x00, 0x00,
	0x00, 0x00, 0x00, 0x00, 0x00, 0x00, 0x00, 0x00, 0x00, 0x00, 0x00, 0x00, 0x00, 0x00, 0x00, 0x00,
	0x00, 0x00, 0x00, 0x00, 0x00, 0x00, 0x00, 0x00, 0x00, 0x00, 0x00, 0x00, 0x00, 0x00, 0x00, 0x00,
	0x00, 0x00, 0x00, 0x00, 0x00, 0x00, 0x00, 0x00, 0x00, 0x00, 0x00, 0x00, 0x00, 0x00, 0x00, 0x00,
	0x00, 0x00, 0x00, 0x00, 0x00, 0x00, 0x00, 0x00, 0x00, 0x00, 0x00, 0x00, 0x00, 0x00, 0x00, 0x00,
	0x00, 0x00, 0x00, 0x00, 0x00, 0x00, 0x00, 0x00, 0x00, 0x00, 0x00, 0x00, 0x00, 0x00, 0x00, 0x00,
	0x00, 0x00, 0x00, 0x00, 0x00, 0x00, 0x00, 0x00, 0x00, 0x00, 0x00, 0x00, 0x00, 0x00, 0x00, 0x00,
	0x00, 0x00, 0x00, 0x00, 0x00, 0x00, 0x00, 0x00, 0x00, 0x00, 0x00, 0x00, 0x00, 0x00, 0x00, 0x00,
	0x00, 0x00, 0x00, 0x00, 0x00, 0x00, 0x00, 0x00, 0x00, 0x00, 0x00, 0x00, 0x00, 0x00, 0x00, 0x00,
	0x00, 0x00, 0x00, 0x00, 0x00, 0x00, 0x00, 0x00, 0x00, 0x00, 0x00, 0x00, 0x00, 0x00, 0x00, 0x00,
	0x00, 0x00, 0x00, 0xE6, 0x00, 0x00, 0xE6, 0x00, 0x00, 0x00, 0x00, 0x00, 0x00, 0x00, 0xE6, 0xE6,
	0x00, 0x00, 0x00, 0x00, 0x00, 0xE6, 0x00, 0x00, 0x00, 0x00, 0x00, 0x00, 0x00, 0x00, 0x00, 0x00,
	0x00, 0x00, 0x00, 0x00, 0x00, 0x00, 0x00, 0x00, 0x00, 0x00, 0x00, 0x00, 0x00, 0x00, 0x00, 0x00,
	0x00, 0x00, 0x00, 0x00, 0x00, 0x00, 0x00, 0x00, 0x00, 0x00, 0x00, 0x00, 0x00, 0x00, 0x00, 0x00,
	0x00, 0x00, 0x00, 0x00, 0x00, 0x00, 0x00, 0x00, 0x00, 0x00, 0x00, 0x00, 0x00, 0x00, 0x00, 0x00,
	0x00, 0x00, 0x00, 0x00, 0x00, 0x00, 0x00, 0x00, 0x00, 0x00, 0x00, 0x00, 0x00, 0x00, 0x00, 0x00,
	0x00, 0x00, 0x00, 0x00, 0x00, 0x00, 0x00, 0x00, 0x00, 0x00, 0x00, 0x00, 0x00, 0x00, 0x00, 0x00,
	0x00, 0x00, 0x00, 0x00, 0x00, 0x00, 0x00, 0x00, 0x00, 0x00, 0x00, 0x00, 0x00, 0x00, 0x00, 0x00,
	0x00, 0x00, 0x00, 0x00, 0x00, 0x00, 0x00, 0x00, 0x00, 0x00, 0x00, 0x00, 0x00, 0x00, 0x00, 0x00,
	0x00, 0x00, 0x00, 0x00, 0x00, 0x00, 0x00, 0x00, 0x00, 0x00, 0x00, 0x00, 0x00, 0x00, 0x00, 0x00,
	0x00, 0x00, 0x00, 0x00, 0x00, 0x00, 0x00, 0x00, 0x00, 0x00, 0x00, 0x00, 0x00, 0x00, 0x00, 0x00,
	0x00, 0x00, 0x00, 0x00, 0x00, 0x00, 0x00, 0x00, 0x00, 0x00, 0x00, 0x00, 0x00, 0x00, 0x00, 0x00,
	0x00, 0x00, 0x00, 0x00, 0x00, 0x00, 0x00, 0x00, 0x00, 0x00, 0x00, 0x00, 0x00, 0x00, 0x00, 0x00,
	0x00, 0x00, 0x00, 0x00, 0x00, 0x00, 0x00, 0x00, 0x00, 0x00, 0x00, 0x00, 0x00, 0x00, 0x00, 0x00,
	0x00, 0x00, 0x00, 0x00, 0x00, 0x00, 0x00, 0x00, 0x00, 0x00, 0x00, 0x00, 0x00, 0x00, 0x00, 0x00,
	0xDC, 0xDC, 0xDC, 0xDC, 0xDC, 0xDC, 0xDC, 0x00, 0x00, 0x00, 0x00, 0x00, 0x00, 0x00, 0x00, 0x00,
	0x00, 0x00, 0x00, 0x00, 0x00, 0x00, 0x00, 0x00, 0x00, 0x00, 0x00, 0x00, 0x00, 0x00, 0x00, 0x00,
	0x00, 0x00, 0x00, 0x00, 0x00, 0x00, 0x00, 0x00, 0x00, 0x00, 0x00, 0x00, 0x00, 0x00, 0x00, 0x00,
	0x00, 0x00, 0x00, 0x00, 0x00, 0x00, 0x00, 0x00, 0x00, 0x00, 0x00, 0x00, 0x00, 0x00, 0x00, 0x00,
	0x00, 0x00, 0x00, 0x00, 0x00, 0x00, 0x00, 0x00, 0x00, 0x00, 0x00, 0x00, 0x00, 0x00, 0x00, 0x00,
	0x00, 0x00, 0x00, 0x00, 0x00, 0x00, 0x00, 0x00, 0x00, 0x00, 0x00, 0x00, 0x00, 0x00, 0x00, 0x00,
	0x00, 0x00, 0x00, 0x00, 0x00, 0x00, 0x00, 0x00, 0x00, 0x00, 0x00, 0x00, 0x00, 0x00, 0x00, 0x00,
	0x00, 0x00, 0x00, 0x00, 0xE6, 0xE6, 0xE6, 0xE6, 0xE6, 0xE6, 0x07, 0x00, 0x00, 0x00, 0x00, 0x00,
	0x00, 0x00, 0x00, 0x00, 0x00, 0x00, 0x00, 0x00, 0x00, 0x00, 0x00, 0x00, 0x00, 0x00, 0x00, 0x00,
	0x00, 0x00, 0x00, 0x00, 0x00, 0x00, 0x00, 0x00, 0x00, 0x00, 0x00, 0x00, 0x00, 0x00, 0x00, 0x00,
	0x00, 0x00, 0x00, 0x00, 0x00, 0x00, 0x00, 0x00, 0x00, 0x00, 0x00, 0x00, 0x00, 0x00, 0x00, 0x00,
	0x00, 0x00, 0x00, 0x00, 0x00, 0x00, 0x00, 0x00, 0x00, 0x00, 0x00, 0x00, 0x00, 0x00, 0x00, 0x00,
	0x00, 0x00, 0x00, 0x00, 0x00, 0x00, 0x00, 0x00, 0x00, 0x00, 0x00, 0x00, 0x00, 0x00, 0x00, 0x00,
	0x00, 0x00, 0x00, 0x00, 0x00, 0x00, 0x00, 0x00, 0x00, 0x00, 0x00, 0x00, 0x00, 0x00, 0x00, 0x00,
	0x00, 0x00, 0x00, 0x00, 0x00, 0x00, 0x00, 0x00, 0x00, 0x00, 0x00, 0x00, 0x00, 0x00, 0x00, 0x00,
	0x00, 0x00, 0x00, 0x00, 0x00, 0x00, 0x00, 0x00, 0x00, 0x00, 0x00, 0x00, 0x00, 0x00, 0x00, 0x00,
	0x00, 0x00, 0x00, 0x00, 0x00, 0x00, 0x00, 0x00, 0x00, 0x00, 0x00, 0x00, 0x00, 0x00, 0x00, 0x00,
	0x00, 0x00, 0x00, 0x00, 0x00, 0x00, 0x00, 0x00, 0x00, 0x00, 0x00, 0x00, 0x00, 0x00, 0x00, 0x00,
	0x00, 0x00, 0x00, 0x00, 0x00, 0x00, 0x00, 0x00, 0x00, 0x00, 0x00, 0x00, 0x00, 0x00, 0x00, 0x00,
}

// stableBlocks and stablePages are for each code point, the forms it is a stable starter in, a bit
// each: NFC 1, NFD 2, NFKC 4 and NFKD 8. A stable starter is a starter whose quick check for the
// form is Yes. Text made only of them is its own normalization in the form, and one of them ends
// what comes before it: no mark after it is put in order before it or composes with a starter
// before it, and it composes with nothing before it, since what does is Maybe, which the generator
// checks. The value of r is at stablePages[int(stableBlocks[r>>8])<<8|int(r&0xFF)]: each block of
// 256 code points has the page of its values, and blocks that hold the same values share one (107
// pages).
var stableBlocks = [4352]uint8{
	0x00, 0x01, 0x02, 0x03, 0x04, 0x05, 0x06, 0x07, 0x08, 0x09, 0x0A, 0x0B, 0x0C, 0x0D, 0x0E, 0x0F,
	0x10, 0x11, 0x12, 0x13, 0x12, 0x12, 0x12, 0x14, 0x15, 0x16, 0x17, 0x18, 0x19, 0x1A, 0x1B, 0x1C,
	0x1D, 0x1E, 0x1F, 0x20, 0x21, 0x12, 0x12, 0x12, 0x12, 0x12, 0x22, 0x12, 0x23, 0x24, 0x25, 0x26,
	0x27, 0x28, 0x29, 0x2A, 0x12, 0x12, 0x12, 0x12, 0x12, 0x12, 0x12, 0x12, 0x12, 0x12, 0x12, 0x12,
	0x12, 0x12, 0x12, 0x12, 0x12, 0x12, 0x12, 0x12, 0x12, 0x12, 0x12, 0x12, 0x12, 0x12, 0x12, 0x12,
	0x12, 0x12, 0x12, 0x12, 0x12, 0x12, 0x12, 0x12, 0x12, 0x12, 0x12, 0x12, 0x12, 0x12, 0x12, 0x12,
	0x12, 0x12, 0x12, 0x12, 0x12, 0x12, 0x12, 0x12, 0x12, 0x12, 0x12, 0x12, 0x12, 0x12, 0x12, 0x12,
	0x12, 0x12, 0x12, 0x12, 0x12, 0x12, 0x12, 0x12, 0x12, 0x12, 0x12, 0x12, 0x12, 0x12, 0x12, 0x12,
	0x12, 0x12, 0x12, 0x12, 0x12, 0x12, 0x12, 0x12, 0x12, 0x12, 0x12, 0x12, 0x12, 0x12, 0x12, 0x12,
	0x12, 0x12, 0x12, 0x12, 0x12, 0x12, 0x12, 0x12, 0x12, 0x12, 0x12, 0x12, 0x12, 0x12, 0x12, 0x12,
	0x12, 0x12, 0x12, 0x12, 0x12, 0x12, 0x2B, 0x2C, 0x2D, 0x2E, 0x2F, 0x30, 0x31, 0x31, 0x31, 0x31,
	0x31, 0x31, 0x31, 0x31, 0x31, 0x31, 0x31, 0x31, 0x31, 0x31, 0x31, 0x31, 0x31, 0x31, 0x31, 0x31,
	0x31, 0x31, 0x31, 0x31, 0x31, 0x31, 0x31, 0x31, 0x31, 0x31, 0x31, 0x31, 0x31, 0x31, 0x31, 0x31,
	0x31, 0x31, 0x31, 0x31, 0x31, 0x31, 0x31, 0x32, 0x12, 0x12, 0x12, 0x12, 0x12, 0x12, 0x12, 0x12,
	0x12, 0x12, 0x12, 0x12, 0x12, 0x12, 0x12, 0x12, 0x12, 0x12, 0x12, 0x12, 0x12, 0x12, 0x12, 0x12,
	0x12, 0x12, 0x12, 0x12, 0x12, 0x12, 0x12, 0x12, 0x12, 0x33, 0x34, 0x35, 0x2A, 0x36, 0x37, 0x38,
	0x12, 0x39, 0x3A, 0x3B, 0x12, 0x3C, 0x12, 0x3D, 0x12, 0x12, 0x3E, 0x12, 0x12, 0x3F, 0x40, 0x41,
	0x42, 0x43, 0x44, 0x45, 0x46, 0x47, 0x48, 0x49, 0x4A, 0x4B, 0x4C, 0x12, 0x4D, 0x4E, 0x12, 0x4F,
	0x12, 0x12, 0x12, 0x12, 0x12, 0x12, 0x12, 0x12, 0x12, 0x12, 0x12, 0x12, 0x12, 0x12, 0x12, 0x12,
	0x12, 0x12, 0x12, 0x12, 0x12, 0x12, 0x12, 0x12, 0x12, 0x12, 0x12, 0x12, 0x12, 0x12, 0x12, 0x12,
	0x12, 0x12, 0x12, 0x12, 0x12, 0x12, 0x12, 0x12, 0x12, 0x12, 0x12, 0x12, 0x12, 0x12, 0x12, 0x12,
	0x12, 0x12, 0x12, 0x12, 0x12, 0x12, 0x12, 0x12, 0x12, 0x12, 0x12, 0x12, 0x12, 0x12, 0x12, 0x12,
	0x12, 0x50, 0x12, 0x12, 0x12, 0x12, 0x12, 0x12, 0x12, 0x12, 0x51, 0x52, 0x12, 0x53, 0x12, 0x54,
	0x12, 0x12, 0x12, 0x12, 0x12, 0x12, 0x12, 0x12, 0x12, 0x12, 0x12, 0x12, 0x12, 0x12, 0x12, 0x12,
	0x12, 0x12, 0x12, 0x12, 0x12, 0x12, 0x12, 0x12, 0x12, 0x12, 0x12, 0x12, 0x12, 0x12, 0x12, 0x12,
	0x12, 0x12, 0x12, 0x12, 0x12, 0x12, 0x12, 0x12, 0x12, 0x12, 0x12, 0x12, 0x12, 0x12, 0x12, 0x12,
	0x12, 0x12, 0x12, 0x12, 0x12, 0x12, 0x12, 0x12, 0x12, 0x12, 0x12, 0x12, 0x12, 0x12, 0x12, 0x12,
	0x12, 0x55, 0x12, 0x12, 0x12, 0x12, 0x12, 0x12, 0x12, 0x12, 0x12, 0x12, 0x56, 0x12, 0x12, 0x12,
	0x12, 0x12, 0x12, 0x12, 0x12, 0x12, 0x12, 0x12, 0x12, 0x12, 0x12, 0x12, 0x57, 0x12, 0x12, 0x12,
	0x12, 0x58, 0x59, 0x12, 0x5A, 0x5B, 0x5C, 0x5D, 0x12, 0x12, 0x12, 0x12, 0x12, 0x12, 0x12, 0x5E,
	0x5F, 0x52, 0x60, 0x12, 0x61, 0x62, 0x63, 0x12, 0x64, 0x65, 0x12, 0x12, 0x12, 0x12, 0x66, 0x12,
	0x12, 0x67, 0x68, 0x12, 0x12, 0x12, 0x12, 0x12, 0x12, 0x12, 0x12, 0x69, 0x12, 0x12, 0x12, 0x12,
	0x12, 0x12, 0x12, 0x12, 0x12, 0x12, 0x12, 0x12, 0x12, 0x12, 0x12, 0x12, 0x12, 0x12, 0x12, 0x12,
	0x12, 0x12, 0x12, 0x12, 0x12, 0x12, 0x12, 0x12, 0x12, 0x12, 0x12, 0x12, 0x12, 0x12, 0x12, 0x12,
	0x12, 0x12, 0x12, 0x12, 0x12, 0x12, 0x12, 0x12, 0x12, 0x12, 0x12, 0x12, 0x12, 0x12, 0x12, 0x12,
	0x12, 0x12, 0x12, 0x12, 0x12, 0x12, 0x12, 0x12, 0x12, 0x12, 0x12, 0x12, 0x12, 0x12, 0x12, 0x12,
	0x12, 0x12, 0x12, 0x12, 0x12, 0x12, 0x12, 0x12, 0x12, 0x12, 0x12, 0x12, 0x12, 0x12, 0x12, 0x12,
	0x12, 0x12, 0x12, 0x12, 0x12, 0x12, 0x12, 0x12, 0x12, 0x12, 0x12, 0x12, 0x12, 0x12, 0x12, 0x12,
	0x12, 0x12, 0x12, 0x12, 0x12, 0x12, 0x12, 0x12, 0x12, 0x12, 0x12, 0x12, 0x12, 0x12, 0x12, 0x12,
	0x12, 0x12, 0x12, 0x12, 0x12, 0x12, 0x12, 0x12, 0x12, 0x12, 0x12, 0x12, 0x12, 0x12, 0x12, 0x12,
	0x12, 0x12, 0x12, 0x12, 0x12, 0x12, 0x12, 0x12, 0x12, 0x12, 0x12, 0x12, 0x12, 0x12, 0x12, 0x12,
	0x12, 0x12, 0x12, 0x12, 0x12, 0x12, 0x12, 0x12, 0x12, 0x12, 0x12, 0x12, 0x12, 0x12, 0x12, 0x12,
	0x12, 0x12, 0x12, 0x12, 0x12, 0x12, 0x12, 0x12, 0x12, 0x12, 0x12, 0x12, 0x12, 0x12, 0x12, 0x12,
	0x12, 0x12, 0x12, 0x12, 0x12, 0x12, 0x12, 0x12, 0x12, 0x12, 0x12, 0x12, 0x12, 0x12, 0x12, 0x12,
	0x12, 0x12, 0x12, 0x12, 0x12, 0x12, 0x12, 0x12, 0x12, 0x12, 0x12, 0x12, 0x12, 0x12, 0x12, 0x12,
	0x12, 0x12, 0x12, 0x12, 0x12, 0x12, 0x12, 0x12, 0x12, 0x12, 0x12, 0x12, 0x12, 0x12, 0x12, 0x12,
	0x12, 0x12, 0x12, 0x12, 0x12, 0x12, 0x12, 0x12, 0x12, 0x12, 0x12, 0x12, 0x12, 0x12, 0x12, 0x12,
	0x12, 0x12, 0x12, 0x12, 0x12, 0x12, 0x12, 0x12, 0x33, 0x33, 0x6A, 0x12, 0x12, 0x12, 0x12, 0x12,
	0x12, 0x12, 0x12, 0x12, 0x12, 0x12, 0x12, 0x12, 0x12, 0x12, 0x12, 0x12, 0x12, 0x12, 0x12, 0x12,
	0x12, 0x12, 0x12, 0x12, 0x12, 0x12, 0x12, 0x12, 0x12, 0x12, 0x12, 0x12, 0x12, 0x12, 0x12, 0x12,
	0x12, 0x12, 0x12, 0x12, 0x12, 0x12, 0x12, 0x12, 0x12, 0x12, 0x12, 0x12, 0x12, 0x12, 0x12, 0x12,
	0x12, 0x12, 0x12, 0x12, 0x12, 0x12, 0x12, 0x12, 0x12, 0x12, 0x12, 0x12, 0x12, 0x12, 0x12, 0x12,
	0x12, 0x12, 0x12, 0x12, 0x12, 0x12, 0x12, 0x12, 0x12, 0x12, 0x12, 0x12, 0x12, 0x12, 0x12, 0x12,
	0x12, 0x12, 0x12, 0x12, 0x12, 0x12, 0x12, 0x12, 0x12, 0x12, 0x12, 0x12, 0x12, 0x12, 0x12, 0x12,
	0x12, 0x12, 0x12, 0x12, 0x12, 0x12, 0x12, 0x12, 0x12, 0x12, 0x12, 0x12, 0x12, 0x12, 0x12, 0x12,
	0x12, 0x12, 0x12, 0x12, 0x12, 0x12, 0x12, 0x12, 0x12, 0x12, 0x12, 0x12, 0x12, 0x12, 0x12, 0x12,
	0x12, 0x12, 0x12, 0x12, 0x12, 0x12, 0x12, 0x12, 0x12, 0x12, 0x12, 0x12, 0x12, 0x12, 0x12, 0x12,
	0x12, 0x12, 0x12, 0x12, 0x12, 0x12, 0x12, 0x12, 0x12, 0x12, 0x12, 0x12, 0x12, 0x12, 0x12, 0x12,
	0x12, 0x12, 0x12, 0x12, 0x12, 0x12, 0x12, 0x12, 0x12, 0x12, 0x12, 0x12, 0x12, 0x12, 0x12, 0x12,
	0x12, 0x12, 0x12, 0x12, 0x12, 0x12, 0x12, 0x12, 0x12, 0x12, 0x12, 0x12, 0x12, 0x12, 0x12, 0x12,
	0x12, 0x12, 0x12, 0x12, 0x12, 0x12, 0x12, 0x12, 0x12, 0x12, 0x12, 0x12, 0x12, 0x12, 0x12, 0x12,
	0x12, 0x12, 0x12, 0x12, 0x12, 0x12, 0x12, 0x12, 0x12, 0x12, 0x12, 0x12, 0x12, 0x12, 0x12, 0x12,
	0x12, 0x12, 0x12, 0x12, 0x12, 0x12, 0x12, 0x12, 0x12, 0x12, 0x12, 0x12, 0x12, 0x12, 0x12, 0x12,
	0x12, 0x12, 0x12, 0x12, 0x12, 0x12, 0x12, 0x12, 0x12, 0x12, 0x12, 0x12, 0x12, 0x12, 0x12, 0x12,
	0x12, 0x12, 0x12, 0x12, 0x12, 0x12, 0x12, 0x12, 0x12, 0x12, 0x12, 0x12, 0x12, 0x12, 0x12, 0x12,
	0x12, 0x12, 0x12, 0x12, 0x12, 0x12, 0x12, 0x12, 0x12, 0x12, 0x12, 0x12, 0x12, 0x12, 0x12, 0x12,
	0x12, 0x12, 0x12, 0x12, 0x12, 0x12, 0x12, 0x12, 0x12, 0x12, 0x12, 0x12, 0x12, 0x12, 0x12, 0x12,
	0x12, 0x12, 0x12, 0x12, 0x12, 0x12, 0x12, 0x12, 0x12, 0x12, 0x12, 0x12, 0x12, 0x12, 0x12, 0x12,
	0x12, 0x12, 0x12, 0x12, 0x12, 0x12, 0x12, 0x12, 0x12, 0x12, 0x12, 0x12, 0x12, 0x12, 0x12, 0x12,
	0x12, 0x12, 0x12, 0x12, 0x12, 0x12, 0x12, 0x12, 0x12, 0x12, 0x12, 0x12, 0x12, 0x12, 0x12, 0x12,
	0x12, 0x12, 0x12, 0x12, 0x12, 0x12, 0x12, 0x12, 0x12, 0x12, 0x12, 0x12, 0x12, 0x12, 0x12, 0x12,
	0x12, 0x12, 0x12, 0x12, 0x12, 0x12, 0x12, 0x12, 0x12, 0x12, 0x12, 0x12, 0x12, 0x12, 0x12, 0x12,
	0x12, 0x12, 0x12, 0x12, 0x12, 0x12, 0x12, 0x12, 0x12, 0x12, 0x12, 0x12, 0x12, 0x12, 0x12, 0x12,
	0x12, 0x12, 0x12, 0x12, 0x12, 0x12, 0x12, 0x12, 0x12, 0x12, 0x12, 0x12, 0x12, 0x12, 0x12, 0x12,
	0x12, 0x12, 0x12, 0x12, 0x12, 0x12, 0x12, 0x12, 0x12, 0x12, 0x12, 0x12, 0x12, 0x12, 0x12, 0x12,
	0x12, 0x12, 0x12, 0x12, 0x12, 0x12, 0x12, 0x12, 0x12, 0x12, 0x12, 0x12, 0x12, 0x12, 0x12, 0x12,
	0x12, 0x12, 0x12, 0x12, 0x12, 0x12, 0x12, 0x12, 0x12, 0x12, 0x12, 0x12, 0x12, 0x12, 0x12, 0x12,
	0x12, 0x12, 0x12, 0x12, 0x12, 0x12, 0x12, 0x12, 0x12, 0x12, 0x12, 0x12, 0x12, 0x12, 0x12, 0x12,
	0x12, 0x12, 0x12, 0x12, 0x12, 0x12, 0x12, 0x12, 0x12, 0x12, 0x12, 0x12, 0x12, 0x12, 0x12, 0x12,
	0x12, 0x12, 0x12, 0x12, 0x12, 0x12, 0x12, 0x12, 0x12, 0x12, 0x12, 0x12, 0x12, 0x12, 0x12, 0x12,
	0x12, 0x12, 0x12, 0x12, 0x12, 0x12, 0x12, 0x12, 0x12, 0x12, 0x12, 0x12, 0x12, 0x12, 0x12, 0x12,
	0x12, 0x12, 0x12, 0x12, 0x12, 0x12, 0x12, 0x12, 0x12, 0x12, 0x12, 0x12, 0x12, 0x12, 0x12, 0x12,
	0x12, 0x12, 0x12, 0x12, 0x12, 0x12, 0x12, 0x12, 0x12, 0x12, 0x12, 0x12, 0x12, 0x12, 0x12, 0x12,
	0x12, 0x12, 0x12, 0x12, 0x12, 0x12, 0x12, 0x12, 0x12, 0x12, 0x12, 0x12, 0x12, 0x12, 0x12, 0x12,
	0x12, 0x12, 0x12, 0x12, 0x12, 0x12, 0x12, 0x12, 0x12, 0x12, 0x12, 0x12, 0x12, 0x12, 0x12, 0x12,
	0x12, 0x12, 0x12, 0x12, 0x12, 0x12, 0x12, 0x12, 0x12, 0x12, 0x12, 0x12, 0x12, 0x12, 0x12, 0x12,
	0x12, 0x12, 0x12, 0x12, 0x12, 0x12, 0x12, 0x12, 0x12, 0x12, 0x12, 0x12, 0x12, 0x12, 0x12, 0x12,
	0x12, 0x12, 0x12, 0x12, 0x12, 0x12, 0x12, 0x12, 0x12, 0x12, 0x12, 0x12, 0x12, 0x12, 0x12, 0x12,
	0x12, 0x12, 0x12, 0x12, 0x12, 0x12, 0x12, 0x12, 0x12, 0x12, 0x12, 0x12, 0x12, 0x12, 0x12, 0x12,
	0x12, 0x12, 0x12, 0x12, 0x12, 0x12, 0x12, 0x12, 0x12, 0x12, 0x12, 0x12, 0x12, 0x12, 0x12, 0x12,
	0x12, 0x12, 0x12, 0x12, 0x12, 0x12, 0x12, 0x12, 0x12, 0x12, 0x12, 0x12, 0x12, 0x12, 0x12, 0x12,
	0x12, 0x12, 0x12, 0x12, 0x12, 0x12, 0x12, 0x12, 0x12, 0x12, 0x12, 0x12, 0x12, 0x12, 0x12, 0x12,
	0x12, 0x12, 0x12, 0x12, 0x12, 0x12, 0x12, 0x12, 0x12, 0x12, 0x12, 0x12, 0x12, 0x12, 0x12, 0x12,
	0x12, 0x12, 0x12, 0x12, 0x12, 0x12, 0x12, 0x12, 0x12, 0x12, 0x12, 0x12, 0x12, 0x12, 0x12, 0x12,
	0x12, 0x12, 0x12, 0x12, 0x12, 0x12, 0x12, 0x12, 0x12, 0x12, 0x12, 0x12, 0x12, 0x12, 0x12, 0x12,
	0x12, 0x12, 0x12, 0x12, 0x12, 0x12, 0x12, 0x12, 0x12, 0x12, 0x12, 0x12, 0x12, 0x12, 0x12, 0x12,
	0x12, 0x12, 0x12, 0x12, 0x12, 0x12, 0x12, 0x12, 0x12, 0x12, 0x12, 0x12, 0x12, 0x12, 0x12, 0x12,
	0x12, 0x12, 0x12, 0x12, 0x12, 0x12, 0x12, 0x12, 0x12, 0x12, 0x12, 0x12, 0x12, 0x12, 0x12, 0x12,
	0x12, 0x12, 0x12, 0x12, 0x12, 0x12, 0x12, 0x12, 0x12, 0x12, 0x12, 0x12, 0x12, 0x12, 0x12, 0x12,
	0x12, 0x12, 0x12, 0x12, 0x12, 0x12, 0x12, 0x12, 0x12, 0x12, 0x12, 0x12, 0x12, 0x12, 0x12, 0x12,
	0x12, 0x12, 0x12, 0x12, 0x12, 0x12, 0x12, 0x12, 0x12, 0x12, 0x12, 0x12, 0x12, 0x12, 0x12, 0x12,
	0x12, 0x12, 0x12, 0x12, 0x12, 0x12, 0x12, 0x12, 0x12, 0x12, 0x12, 0x12, 0x12, 0x12, 0x12, 0x12,
	0x12, 0x12, 0x12, 0x12, 0x12, 0x12, 0x12, 0x12, 0x12, 0x12, 0x12, 0x12, 0x12, 0x12, 0x12, 0x12,
	0x12, 0x12, 0x12, 0x12, 0x12, 0x12, 0x12, 0x12, 0x12, 0x12, 0x12, 0x12, 0x12, 0x12, 0x12, 0x12,
	0x12, 0x12, 0x12, 0x12, 0x12, 0x12, 0x12, 0x12, 0x12, 0x12, 0x12, 0x12, 0x12, 0x12, 0x12, 0x12,
	0x12, 0x12, 0x12, 0x12, 0x12, 0x12, 0x12, 0x12, 0x12, 0x12, 0x12, 0x12, 0x12, 0x12, 0x12, 0x12,
	0x12, 0x12, 0x12, 0x12, 0x12, 0x12, 0x12, 0x12, 0x12, 0x12, 0x12, 0x12, 0x12, 0x12, 0x12, 0x12,
	0x12, 0x12, 0x12, 0x12, 0x12, 0x12, 0x12, 0x12, 0x12, 0x12, 0x12, 0x12, 0x12, 0x12, 0x12, 0x12,
	0x12, 0x12, 0x12, 0x12, 0x12, 0x12, 0x12, 0x12, 0x12, 0x12, 0x12, 0x12, 0x12, 0x12, 0x12, 0x12,
	0x12, 0x12, 0x12, 0x12, 0x12, 0x12, 0x12, 0x12, 0x12, 0x12, 0x12, 0x12, 0x12, 0x12, 0x12, 0x12,
	0x12, 0x12, 0x12, 0x12, 0x12, 0x12, 0x12, 0x12, 0x12, 0x12, 0x12, 0x12, 0x12, 0x12, 0x12, 0x12,
	0x12, 0x12, 0x12, 0x12, 0x12, 0x12, 0x12, 0x12, 0x12, 0x12, 0x12, 0x12, 0x12, 0x12, 0x12, 0x12,
	0x12, 0x12, 0x12, 0x12, 0x12, 0x12, 0x12, 0x12, 0x12, 0x12, 0x12, 0x12, 0x12, 0x12, 0x12, 0x12,
	0x12, 0x12, 0x12, 0x12, 0x12, 0x12, 0x12, 0x12, 0x12, 0x12, 0x12, 0x12, 0x12, 0x12, 0x12, 0x12,
	0x12, 0x12, 0x12, 0x12, 0x12, 0x12, 0x12, 0x12, 0x12, 0x12, 0x12, 0x12, 0x12, 0x12, 0x12, 0x12,
	0x12, 0x12, 0x12, 0x12, 0x12, 0x12, 0x12, 0x12, 0x12, 0x12, 0x12, 0x12, 0x12, 0x12, 0x12, 0x12,
	0x12, 0x12, 0x12, 0x12, 0x12, 0x12, 0x12, 0x12, 0x12, 0x12, 0x12, 0x12, 0x12, 0x12, 0x12, 0x12,
	0x12, 0x12, 0x12, 0x12, 0x12, 0x12, 0x12, 0x12, 0x12, 0x12, 0x12, 0x12, 0x12, 0x12, 0x12, 0x12,
	0x12, 0x12, 0x12, 0x12, 0x12, 0x12, 0x12, 0x12, 0x12, 0x12, 0x12, 0x12, 0x12, 0x12, 0x12, 0x12,
	0x12, 0x12, 0x12, 0x12, 0x12, 0x12, 0x12, 0x12, 0x12, 0x12, 0x12, 0x12, 0x12, 0x12, 0x12, 0x12,
	0x12, 0x12, 0x12, 0x12, 0x12, 0x12, 0x12, 0x12, 0x12, 0x12, 0x12, 0x12, 0x12, 0x12, 0x12, 0x12,
	0x12, 0x12, 0x12, 0x12, 0x12, 0x12, 0x12, 0x12, 0x12, 0x12, 0x12, 0x12, 0x12, 0x12, 0x12, 0x12,
	0x12, 0x12, 0x12, 0x12, 0x12, 0x12, 0x12, 0x12, 0x12, 0x12, 0x12, 0x12, 0x12, 0x12, 0x12, 0x12,
	0x12, 0x12, 0x12, 0x12, 0x12, 0x12, 0x12, 0x12, 0x12, 0x12, 0x12, 0x12, 0x12, 0x12, 0x12, 0x12,
	0x12, 0x12, 0x12, 0x12, 0x12, 0x12, 0x12, 0x12, 0x12, 0x12, 0x12, 0x12, 0x12, 0x12, 0x12, 0x12,
	0x12, 0x12, 0x12, 0x12, 0x12, 0x12, 0x12, 0x12, 0x12, 0x12, 0x12, 0x12, 0x12, 0x12, 0x12, 0x12,
	0x12, 0x12, 0x12, 0x12, 0x12, 0x12, 0x12, 0x12, 0x12, 0x12, 0x12, 0x12, 0x12, 0x12, 0x12, 0x12,
	0x12, 0x12, 0x12, 0x12, 0x12, 0x12, 0x12, 0x12, 0x12, 0x12, 0x12, 0x12, 0x12, 0x12, 0x12, 0x12,
	0x12, 0x12, 0x12, 0x12, 0x12, 0x12, 0x12, 0x12, 0x12, 0x12, 0x12, 0x12, 0x12, 0x12, 0x12, 0x12,
	0x12, 0x12, 0x12, 0x12, 0x12, 0x12, 0x12, 0x12, 0x12, 0x12, 0x12, 0x12, 0x12, 0x12, 0x12, 0x12,
	0x12, 0x12, 0x12, 0x12, 0x12, 0x12, 0x12, 0x12, 0x12, 0x12, 0x12, 0x12, 0x12, 0x12, 0x12, 0x12,
	0x12, 0x12, 0x12, 0x12, 0x12, 0x12, 0x12, 0x12, 0x12, 0x12, 0x12, 0x12, 0x12, 0x12, 0x12, 0x12,
	0x12, 0x12, 0x12, 0x12, 0x12, 0x12, 0x12, 0x12, 0x12, 0x12, 0x12, 0x12, 0x12, 0x12, 0x12, 0x12,
	0x12, 0x12, 0x12, 0x12, 0x12, 0x12, 0x12, 0x12, 0x12, 0x12, 0x12, 0x12, 0x12, 0x12, 0x12, 0x12,
	0x12, 0x12, 0x12, 0x12, 0x12, 0x12, 0x12, 0x12, 0x12, 0x12, 0x12, 0x12, 0x12, 0x12, 0x12, 0x12,
	0x12, 0x12, 0x12, 0x12, 0x12, 0x12, 0x12, 0x12, 0x12, 0x12, 0x12, 0x12, 0x12, 0x12, 0x12, 0x12,
	0x12, 0x12, 0x12, 0x12, 0x12, 0x12, 0x12, 0x12, 0x12, 0x12, 0x12, 0x12, 0x12, 0x12, 0x12, 0x12,
	0x12, 0x12, 0x12, 0x12, 0x12, 0x12, 0x12, 0x12, 0x12, 0x12, 0x12, 0x12, 0x12, 0x12, 0x12, 0x12,
	0x12, 0x12, 0x12, 0x12, 0x12, 0x12, 0x12, 0x12, 0x12, 0x12, 0x12, 0x12, 0x12, 0x12, 0x12, 0x12,
	0x12, 0x12, 0x12, 0x12, 0x12, 0x12, 0x12, 0x12, 0x12, 0x12, 0x12, 0x12, 0x12, 0x12, 0x12, 0x12,
	0x12, 0x12, 0x12, 0x12, 0x12, 0x12, 0x12, 0x12, 0x12, 0x12, 0x12, 0x12, 0x12, 0x12, 0x12, 0x12,
	0x12, 0x12, 0x12, 0x12, 0x12, 0x12, 0x12, 0x12, 0x12, 0x12, 0x12, 0x12, 0x12, 0x12, 0x12, 0x12,
	0x12, 0x12, 0x12, 0x12, 0x12, 0x12, 0x12, 0x12, 0x12, 0x12, 0x12, 0x12, 0x12, 0x12, 0x12, 0x12,
	0x12, 0x12, 0x12, 0x12, 0x12, 0x12, 0x12, 0x12, 0x12, 0x12, 0x12, 0x12, 0x12, 0x12, 0x12, 0x12,
	0x12, 0x12, 0x12, 0x12, 0x12, 0x12, 0x12, 0x12, 0x12, 0x12, 0x12, 0x12, 0x12, 0x12, 0x12, 0x12,
	0x12, 0x12, 0x12, 0x12, 0x12, 0x12, 0x12, 0x12, 0x12, 0x12, 0x12, 0x12, 0x12, 0x12, 0x12, 0x12,
	0x12, 0x12, 0x12, 0x12, 0x12, 0x12, 0x12, 0x12, 0x12, 0x12, 0x12, 0x12, 0x12, 0x12, 0x12, 0x12,
	0x12, 0x12, 0x12, 0x12, 0x12, 0x12, 0x12, 0x12, 0x12, 0x12, 0x12, 0x12, 0x12, 0x12, 0x12, 0x12,
	0x12, 0x12, 0x12, 0x12, 0x12, 0x12, 0x12, 0x12, 0x12, 0x12, 0x12, 0x12, 0x12, 0x12, 0x12, 0x12,
	0x12, 0x12, 0x12, 0x12, 0x12, 0x12, 0x12, 0x12, 0x12, 0x12, 0x12, 0x12, 0x12, 0x12, 0x12, 0x12,
	0x12, 0x12, 0x12, 0x12, 0x12, 0x12, 0x12, 0x12, 0x12, 0x12, 0x12, 0x12, 0x12, 0x12, 0x12, 0x12,
	0x12, 0x12, 0x12, 0x12, 0x12, 0x12, 0x12, 0x12, 0x12, 0x12, 0x12, 0x12, 0x12, 0x12, 0x12, 0x12,
	0x12, 0x12, 0x12, 0x12, 0x12, 0x12, 0x12, 0x12, 0x12, 0x12, 0x12, 0x12, 0x12, 0x12, 0x12, 0x12,
	0x12, 0x12, 0x12, 0x12, 0x12, 0x12, 0x12, 0x12, 0x12, 0x12, 0x12, 0x12, 0x12, 0x12, 0x12, 0x12,
	0x12, 0x12, 0x12, 0x12, 0x12, 0x12, 0x12, 0x12, 0x12, 0x12, 0x12, 0x12, 0x12, 0x12, 0x12, 0x12,
	0x12, 0x12, 0x12, 0x12, 0x12, 0x12, 0x12, 0x12, 0x12, 0x12, 0x12, 0x12, 0x12, 0x12, 0x12, 0x12,
	0x12, 0x12, 0x12, 0x12, 0x12, 0x12, 0x12, 0x12, 0x12, 0x12, 0x12, 0x12, 0x12, 0x12, 0x12, 0x12,
	0x12, 0x12, 0x12, 0x12, 0x12, 0x12, 0x12, 0x12, 0x12, 0x12, 0x12, 0x12, 0x12, 0x12, 0x12, 0x12,
	0x12, 0x12, 0x12, 0x12, 0x12, 0x12, 0x12, 0x12, 0x12, 0x12, 0x12, 0x12, 0x12, 0x12, 0x12, 0x12,
	0x12, 0x12, 0x12, 0x12, 0x12, 0x12, 0x12, 0x12, 0x12, 0x12, 0x12, 0x12, 0x12, 0x12, 0x12, 0x12,
	0x12, 0x12, 0x12, 0x12, 0x12, 0x12, 0x12, 0x12, 0x12, 0x12, 0x12, 0x12, 0x12, 0x12, 0x12, 0x12,
	0x12, 0x12, 0x12, 0x12, 0x12, 0x12, 0x12, 0x12, 0x12, 0x12, 0x12, 0x12, 0x12, 0x12, 0x12, 0x12,
	0x12, 0x12, 0x12, 0x12, 0x12, 0x12, 0x12, 0x12, 0x12, 0x12, 0x12, 0x12, 0x12, 0x12, 0x12, 0x12,
	0x12, 0x12, 0x12, 0x12, 0x12, 0x12, 0x12, 0x12, 0x12, 0x12, 0x12, 0x12, 0x12, 0x12, 0x12, 0x12,
	0x12, 0x12, 0x12, 0x12, 0x12, 0x12, 0x12, 0x12, 0x12, 0x12, 0x12, 0x12, 0x12, 0x12, 0x12, 0x12,
	0x12, 0x12, 0x12, 0x12, 0x12, 0x12, 0x12, 0x12, 0x12, 0x12, 0x12, 0x12, 0x12, 0x12, 0x12, 0x12,
	0x12, 0x12, 0x12, 0x12, 0x12, 0x12, 0x12, 0x12, 0x12, 0x12, 0x12, 0x12, 0x12, 0x12, 0x12, 0x12,
	0x12, 0x12, 0x12, 0x12, 0x12, 0x12, 0x12, 0x12, 0x12, 0x12, 0x12, 0x12, 0x12, 0x12, 0x12, 0x12,
	0x12, 0x12, 0x12, 0x12, 0x12, 0x12, 0x12, 0x12, 0x12, 0x12, 0x12, 0x12, 0x12, 0x12, 0x12, 0x12,
	0x12, 0x12, 0x12, 0x12, 0x12, 0x12, 0x12, 0x12, 0x12, 0x12, 0x12, 0x12, 0x12, 0x12, 0x12, 0x12,
	0x12, 0x12, 0x12, 0x12, 0x12, 0x12, 0x12, 0x12, 0x12, 0x12, 0x12, 0x12, 0x12, 0x12, 0x12, 0x12,
	0x12, 0x12, 0x12, 0x12, 0x12, 0x12, 0x12, 0x12, 0x12, 0x12, 0x12, 0x12, 0x12, 0x12, 0x12, 0x12,
	0x12, 0x12, 0x12, 0x12, 0x12, 0x12, 0x12, 0x12, 0x12, 0x12, 0x12, 0x12, 0x12, 0x12, 0x12, 0x12,
	0x12, 0x12, 0x12, 0x12, 0x12, 0x12, 0x12, 0x12, 0x12, 0x12, 0x12, 0x12, 0x12, 0x12, 0x12, 0x12,
	0x12, 0x12, 0x12, 0x12, 0x12, 0x12, 0x12, 0x12, 0x12, 0x12, 0x12, 0x12, 0x12, 0x12, 0x12, 0x12,
	0x12, 0x12, 0x12, 0x12, 0x12, 0x12, 0x12, 0x12, 0x12, 0x12, 0x12, 0x12, 0x12, 0x12, 0x12, 0x12,
	0x12, 0x12, 0x12, 0x12, 0x12, 0x12, 0x12, 0x12, 0x12, 0x12, 0x12, 0x12, 0x12, 0x12, 0x12, 0x12,
	0x12, 0x12, 0x12, 0x12, 0x12, 0x12, 0x12, 0x12, 0x12, 0x12, 0x12, 0x12, 0x12, 0x12, 0x12, 0x12,
	0x12, 0x12, 0x12, 0x12, 0x12, 0x12, 0x12, 0x12, 0x12, 0x12, 0x12, 0x12, 0x12, 0x12, 0x12, 0x12,
	0x12, 0x12, 0x12, 0x12, 0x12, 0x12, 0x12, 0x12, 0x12, 0x12, 0x12, 0x12, 0x12, 0x12, 0x12, 0x12,
	0x12, 0x12, 0x12, 0x12, 0x12, 0x12, 0x12, 0x12, 0x12, 0x12, 0x12, 0x12, 0x12, 0x12, 0x12, 0x12,
	0x12, 0x12, 0x12, 0x12, 0x12, 0x12, 0x12, 0x12, 0x12, 0x12, 0x12, 0x12, 0x12, 0x12, 0x12, 0x12,
	0x12, 0x12, 0x12, 0x12, 0x12, 0x12, 0x12, 0x12, 0x12, 0x12, 0x12, 0x12, 0x12, 0x12, 0x12, 0x12,
	0x12, 0x12, 0x12, 0x12, 0x12, 0x12, 0x12, 0x12, 0x12, 0x12, 0x12, 0x12, 0x12, 0x12, 0x12, 0x12,
	0x12, 0x12, 0x12, 0x12, 0x12, 0x12, 0x12, 0x12, 0x12, 0x12, 0x12, 0x12, 0x12, 0x12, 0x12, 0x12,
	0x12, 0x12, 0x12, 0x12, 0x12, 0x12, 0x12, 0x12, 0x12, 0x12, 0x12, 0x12, 0x12, 0x12, 0x12, 0x12,
	0x12, 0x12, 0x12, 0x12, 0x12, 0x12, 0x12, 0x12, 0x12, 0x12, 0x12, 0x12, 0x12, 0x12, 0x12, 0x12,
	0x12, 0x12, 0x12, 0x12, 0x12, 0x12, 0x12, 0x12, 0x12, 0x12, 0x12, 0x12, 0x12, 0x12, 0x12, 0x12,
	0x12, 0x12, 0x12, 0x12, 0x12, 0x12, 0x12, 0x12, 0x12, 0x12, 0x12, 0x12, 0x12, 0x12, 0x12, 0x12,
	0x12, 0x12, 0x12, 0x12, 0x12, 0x12, 0x12, 0x12, 0x12, 0x12, 0x12, 0x12, 0x12, 0x12, 0x12, 0x12,
	0x12, 0x12, 0x12, 0x12, 0x12, 0x12, 0x12, 0x12, 0x12, 0x12, 0x12, 0x12, 0x12, 0x12, 0x12, 0x12,
	0x12, 0x12, 0x12, 0x12, 0x12, 0x12, 0x12, 0x12, 0x12, 0x12, 0x12, 0x12, 0x12, 0x12, 0x12, 0x12,
	0x12, 0x12, 0x12, 0x12, 0x12, 0x12, 0x12, 0x12, 0x12, 0x12, 0x12, 0x12, 0x12, 0x12, 0x12, 0x12,
	0x12, 0x12, 0x12, 0x12, 0x12, 0x12, 0x12, 0x12, 0x12, 0x12, 0x12, 0x12, 0x12, 0x12, 0x12, 0x12,
	0x12, 0x12, 0x12, 0x12, 0x12, 0x12, 0x12, 0x12, 0x12, 0x12, 0x12, 0x12, 0x12, 0x12, 0x12, 0x12,
	0x12, 0x12, 0x12, 0x12, 0x12, 0x12, 0x12, 0x12, 0x12, 0x12, 0x12, 0x12, 0x12, 0x12, 0x12, 0x12,
	0x12, 0x12, 0x12, 0x12, 0x12, 0x12, 0x12, 0x12, 0x12, 0x12, 0x12, 0x12, 0x12, 0x12, 0x12, 0x12,
	0x12, 0x12, 0x12, 0x12, 0x12, 0x12, 0x12, 0x12, 0x12, 0x12, 0x12, 0x12, 0x12, 0x12, 0x12, 0x12,
	0x12, 0x12, 0x12, 0x12, 0x12, 0x12, 0x12, 0x12, 0x12, 0x12, 0x12, 0x12, 0x12, 0x12, 0x12, 0x12,
	0x12, 0x12, 0x12, 0x12, 0x12, 0x12, 0x12, 0x12, 0x12, 0x12, 0x12, 0x12, 0x12, 0x12, 0x12, 0x12,
	0x12, 0x12, 0x12, 0x12, 0x12, 0x12, 0x12, 0x12, 0x12, 0x12, 0x12, 0x12, 0x12, 0x12, 0x12, 0x12,
	0x12, 0x12, 0x12, 0x12, 0x12, 0x12, 0x12, 0x12, 0x12, 0x12, 0x12, 0x12, 0x12, 0x12, 0x12, 0x12,
	0x12, 0x12, 0x12, 0x12, 0x12, 0x12, 0x12, 0x12, 0x12, 0x12, 0x12, 0x12, 0x12, 0x12, 0x12, 0x12,
	0x12, 0x12, 0x12, 0x12, 0x12, 0x12, 0x12, 0x12, 0x12, 0x12, 0x12, 0x12, 0x12, 0x12, 0x12, 0x12,
	0x12, 0x12, 0x12, 0x12, 0x12, 0x12, 0x12, 0x12, 0x12, 0x12, 0x12, 0x12, 0x12, 0x12, 0x12, 0x12,
	0x12, 0x12, 0x12, 0x12, 0x12, 0x12, 0x12, 0x12, 0x12, 0x12, 0x12, 0x12, 0x12, 0x12, 0x12, 0x12,
	0x12, 0x12, 0x12, 0x12, 0x12, 0x12, 0x12, 0x12, 0x12, 0x12, 0x12, 0x12, 0x12, 0x12, 0x12, 0x12,
	0x12, 0x12, 0x12, 0x12, 0x12, 0x12, 0x12, 0x12, 0x12, 0x12, 0x12, 0x12, 0x12, 0x12, 0x12, 0x12,
	0x12, 0x12, 0x12, 0x12, 0x12, 0x12, 0x12, 0x12, 0x12, 0x12, 0x12, 0x12, 0x12, 0x12, 0x12, 0x12,
	0x12, 0x12, 0x12, 0x12, 0x12, 0x12, 0x12, 0x12, 0x12, 0x12, 0x12, 0x12, 0x12, 0x12, 0x12, 0x12,
	0x12, 0x12, 0x12, 0x12, 0x12, 0x12, 0x12, 0x12, 0x12, 0x12, 0x12, 0x12, 0x12, 0x12, 0x12, 0x12,
	0x12, 0x12, 0x12, 0x12, 0x12, 0x12, 0x12, 0x12, 0x12, 0x12, 0x12, 0x12, 0x12, 0x12, 0x12, 0x12,
	0x12, 0x12, 0x12, 0x12, 0x12, 0x12, 0x12, 0x12, 0x12, 0x12, 0x12, 0x12, 0x12, 0x12, 0x12, 0x12,
	0x12, 0x12, 0x12, 0x12, 0x12, 0x12, 0x12, 0x12, 0x12, 0x12, 0x12, 0x12, 0x12, 0x12, 0x12, 0x12,
	0x12, 0x12, 0x12, 0x12, 0x12, 0x12, 0x12, 0x12, 0x12, 0x12, 0x12, 0x12, 0x12, 0x12, 0x12, 0x12,
	0x12, 0x12, 0x12, 0x12, 0x12, 0x12, 0x12, 0x12, 0x12, 0x12, 0x12, 0x12, 0x12, 0x12, 0x12, 0x12,
	0x12, 0x12, 0x12, 0x12, 0x12, 0x12, 0x12, 0x12, 0x12, 0x12, 0x12, 0x12, 0x12, 0x12, 0x12, 0x12,
	0x12, 0x12, 0x12, 0x12, 0x12, 0x12, 0x12, 0x12, 0x12, 0x12, 0x12, 0x12, 0x12, 0x12, 0x12, 0x12,
	0x12, 0x12, 0x12, 0x12, 0x12, 0x12, 0x12, 0x12, 0x12, 0x12, 0x12, 0x12, 0x12, 0x12, 0x12, 0x12,
	0x12, 0x12, 0x12, 0x12, 0x12, 0x12, 0x12, 0x12, 0x12, 0x12, 0x12, 0x12, 0x12, 0x12, 0x12, 0x12,
	0x12, 0x12, 0x12, 0x12, 0x12, 0x12, 0x12, 0x12, 0x12, 0x12, 0x12, 0x12, 0x12, 0x12, 0x12, 0x12,
	0x12, 0x12, 0x12, 0x12, 0x12, 0x12, 0x12, 0x12, 0x12, 0x12, 0x12, 0x12, 0x12, 0x12, 0x12, 0x12,
	0x12, 0x12, 0x12, 0x12, 0x12, 0x12, 0x12, 0x12, 0x12, 0x12, 0x12, 0x12, 0x12, 0x12, 0x12, 0x12,
	0x12, 0x12, 0x12, 0x12, 0x12, 0x12, 0x12, 0x12, 0x12, 0x12, 0x12, 0x12, 0x12, 0x12, 0x12, 0x12,
	0x12, 0x12, 0x12, 0x12, 0x12, 0x12, 0x12, 0x12, 0x12, 0x12, 0x12, 0x12, 0x12, 0x12, 0x12, 0x12,
	0x12, 0x12, 0x12, 0x12, 0x12, 0x12, 0x12, 0x12, 0x12, 0x12, 0x12, 0x12, 0x12, 0x12, 0x12, 0x12,
	0x12, 0x12, 0x12, 0x12, 0x12, 0x12, 0x12, 0x12, 0x12, 0x12, 0x12, 0x12, 0x12, 0x12, 0x12, 0x12,
	0x12, 0x12, 0x12, 0x12, 0x12, 0x12, 0x12, 0x12, 0x12, 0x12, 0x12, 0x12, 0x12, 0x12, 0x12, 0x12,
	0x12, 0x12, 0x12, 0x12, 0x12, 0x12, 0x12, 0x12, 0x12, 0x12, 0x12, 0x12, 0x12, 0x12, 0x12, 0x12,
	0x12, 0x12, 0x12, 0x12, 0x12, 0x12, 0x12, 0x12, 0x12, 0x12, 0x12, 0x12, 0x12, 0x12, 0x12, 0x12,
	0x12, 0x12, 0x12, 0x12, 0x12, 0x12, 0x12, 0x12, 0x12, 0x12, 0x12, 0x12, 0x12, 0x12, 0x12, 0x12,
	0x12, 0x12, 0x12, 0x12, 0x12, 0x12, 0x12, 0x12, 0x12, 0x12, 0x12, 0x12, 0x12, 0x12, 0x12, 0x12,
	0x12, 0x12, 0x12, 0x12, 0x12, 0x12, 0x12, 0x12, 0x12, 0x12, 0x12, 0x12, 0x12, 0x12, 0x12, 0x12,
	0x12, 0x12, 0x12, 0x12, 0x12, 0x12, 0x12, 0x12, 0x12, 0x12, 0x12, 0x12, 0x12, 0x12, 0x12, 0x12,
	0x12, 0x12, 0x12, 0x12, 0x12, 0x12, 0x12, 0x12, 0x12, 0x12, 0x12, 0x12, 0x12, 0x12, 0x12, 0x12,
	0x12, 0x12, 0x12, 0x12, 0x12, 0x12, 0x12, 0x12, 0x12, 0x12, 0x12, 0x12, 0x12, 0x12, 0x12, 0x12,
	0x12, 0x12, 0x12, 0x12, 0x12, 0x12, 0x12, 0x12, 0x12, 0x12, 0x12, 0x12, 0x12, 0x12, 0x12, 0x12,
	0x12, 0x12, 0x12, 0x12, 0x12, 0x12, 0x12, 0x12, 0x12, 0x12, 0x12, 0x12, 0x12, 0x12, 0x12, 0x12,
	0x12, 0x12, 0x12, 0x12, 0x12, 0x12, 0x12, 0x12, 0x12, 0x12, 0x12, 0x12, 0x12, 0x12, 0x12, 0x12,
	0x12, 0x12, 0x12, 0x12, 0x12, 0x12, 0x12, 0x12, 0x12, 0x12, 0x12, 0x12, 0x12, 0x12, 0x12, 0x12,
	0x12, 0x12, 0x12, 0x12, 0x12, 0x12, 0x12, 0x12, 0x12, 0x12, 0x12, 0x12, 0x12, 0x12, 0x12, 0x12,
	0x12, 0x12, 0x12, 0x12, 0x12, 0x12, 0x12, 0x12, 0x12, 0x12, 0x12, 0x12, 0x12, 0x12, 0x12, 0x12,
	0x12, 0x12, 0x12, 0x12, 0x12, 0x12, 0x12, 0x12, 0x12, 0x12, 0x12, 0x12, 0x12, 0x12, 0x12, 0x12,
	0x12, 0x12, 0x12, 0x12, 0x12, 0x12, 0x12, 0x12, 0x12, 0x12, 0x12, 0x12, 0x12, 0x12, 0x12, 0x12,
	0x12, 0x12, 0x12, 0x12, 0x12, 0x12, 0x12, 0x12, 0x12, 0x12, 0x12, 0x12, 0x12, 0x12, 0x12, 0x12,
	0x12, 0x12, 0x12, 0x12, 0x12, 0x12, 0x12, 0x12, 0x12, 0x12, 0x12, 0x12, 0x12, 0x12, 0x12, 0x12,
	0x12, 0x12, 0x12, 0x12, 0x12, 0x12, 0x12, 0x12, 0x12, 0x12, 0x12, 0x12, 0x12, 0x12, 0x12, 0x12,
	0x12, 0x12, 0x12, 0x12, 0x12, 0x12, 0x12, 0x12, 0x12, 0x12, 0x12, 0x12, 0x12, 0x12, 0x12, 0x12,
	0x12, 0x12, 0x12, 0x12, 0x12, 0x12, 0x12, 0x12, 0x12, 0x12, 0x12, 0x12, 0x12, 0x12, 0x12, 0x12,
	0x12, 0x12, 0x12, 0x12, 0x12, 0x12, 0x12, 0x12, 0x12, 0x12, 0x12, 0x12, 0x12, 0x12, 0x12, 0x12,
	0x12, 0x12, 0x12, 0x12, 0x12, 0x12, 0x12, 0x12, 0x12, 0x12, 0x12, 0x12, 0x12, 0x12, 0x12, 0x12,
	0x12, 0x12, 0x12, 0x12, 0x12, 0x12, 0x12, 0x12, 0x12, 0x12, 0x12, 0x12, 0x12, 0x12, 0x12, 0x12,
	0x12, 0x12, 0x12, 0x12, 0x12, 0x12, 0x12, 0x12, 0x12, 0x12, 0x12, 0x12, 0x12, 0x12, 0x12, 0x12,
	0x12, 0x12, 0x12, 0x12, 0x12, 0x12, 0x12, 0x12, 0x12, 0x12, 0x12, 0x12, 0x12, 0x12, 0x12, 0x12,
	0x12, 0x12, 0x12, 0x12, 0x12, 0x12, 0x12, 0x12, 0x12, 0x12, 0x12, 0x12, 0x12, 0x12, 0x12, 0x12,
	0x12, 0x12, 0x12, 0x12, 0x12, 0x12, 0x12, 0x12, 0x12, 0x12, 0x12, 0x12, 0x12, 0x12, 0x12, 0x12,
	0x12, 0x12, 0x12, 0x12, 0x12, 0x12, 0x12, 0x12, 0x12, 0x12, 0x12, 0x12, 0x12, 0x12, 0x12, 0x12,
	0x12, 0x12, 0x12, 0x12, 0x12, 0x12, 0x12, 0x12, 0x12, 0x12, 0x12, 0x12, 0x12, 0x12, 0x12, 0x12,
	0x12, 0x12, 0x12, 0x12, 0x12, 0x12, 0x12, 0x12, 0x12, 0x12, 0x12, 0x12, 0x12, 0x12, 0x12, 0x12,
	0x12, 0x12, 0x12, 0x12, 0x12, 0x12, 0x12, 0x12, 0x12, 0x12, 0x12, 0x12, 0x12, 0x12, 0x12, 0x12,
	0x12, 0x12, 0x12, 0x12, 0x12, 0x12, 0x12, 0x12, 0x12, 0x12, 0x12, 0x12, 0x12, 0x12, 0x12, 0x12,
	0x12, 0x12, 0x12, 0x12, 0x12, 0x12, 0x12, 0x12, 0x12, 0x12, 0x12, 0x12, 0x12, 0x12, 0x12, 0x12,
	0x12, 0x12, 0x12, 0x12, 0x12, 0x12, 0x12, 0x12, 0x12, 0x12, 0x12, 0x12, 0x12, 0x12, 0x12, 0x12,
	0x12, 0x12, 0x12, 0x12, 0x12, 0x12, 0x12, 0x12, 0x12, 0x12, 0x12, 0x12, 0x12, 0x12, 0x12, 0x12,
	0x12, 0x12, 0x12, 0x12, 0x12, 0x12, 0x12, 0x12, 0x12, 0x12, 0x12, 0x12, 0x12, 0x12, 0x12, 0x12,
	0x12, 0x12, 0x12, 0x12, 0x12, 0x12, 0x12, 0x12, 0x12, 0x12, 0x12, 0x12, 0x12, 0x12, 0x12, 0x12,
	0x12, 0x12, 0x12, 0x12, 0x12, 0x12, 0x12, 0x12, 0x12, 0x12, 0x12, 0x12, 0x12, 0x12, 0x12, 0x12,
	0x12, 0x12, 0x12, 0x12, 0x12, 0x12, 0x12, 0x12, 0x12, 0x12, 0x12, 0x12, 0x12, 0x12, 0x12, 0x12,
	0x12, 0x12, 0x12, 0x12, 0x12, 0x12, 0x12, 0x12, 0x12, 0x12, 0x12, 0x12, 0x12, 0x12, 0x12, 0x12,
	0x12, 0x12, 0x12, 0x12, 0x12, 0x12, 0x12, 0x12, 0x12, 0x12, 0x12, 0x12, 0x12, 0x12, 0x12, 0x12,
	0x12, 0x12, 0x12, 0x12, 0x12, 0x12, 0x12, 0x12, 0x12, 0x12, 0x12, 0x12, 0x12, 0x12, 0x12, 0x12,
	0x12, 0x12, 0x12, 0x12, 0x12, 0x12, 0x12, 0x12, 0x12, 0x12, 0x12, 0x12, 0x12, 0x12, 0x12, 0x12,
}

var stablePages = [27392]uint8{
	0x0F, 0x0F, 0x0F, 0x0F, 0x0F, 0x0F, 0x0F, 0x0F, 0x0F, 0x0F, 0x0F, 0x0F, 0x0F, 0x0F, 0x0F, 0x0F,
	0x0F, 0x0F, 0x0F, 0x0F, 0x0F, 0x0F, 0x0F, 0x0F, 0x0F, 0x0F, 0x0F, 0x0F, 0x0F, 0x0F, 0x0F, 0x0F,
	0x0F, 0x0F, 0x0F, 0x0F, 0x0F, 0x0F, 0x0F, 0x0F, 0x0F, 0x0F, 0x0F, 0x0F, 0x0F, 0x0F, 0x0F, 0x0F,
	0x0F, 0x0F, 0x0F, 0x0F, 0x0F, 0x0F, 0x0F, 0x0F, 0x0F, 0x0F, 0x0F, 0x0F, 0x0F, 0x0F, 0x0F, 0x0F,
	0x0F, 0x0F, 0x0F, 0x0F, 0x0F, 0x0F, 0x0F, 0x0F, 0x0F, 0x0F, 0x0F, 0x0F, 0x0F, 0x0F, 0x0F, 0x0F,
	0x0F, 0x0F, 0x0F, 0x0F, 0x0F, 0x0F, 0x0F, 0x0F, 0x0F, 0x0F, 0x0F, 0x0F, 0x0F, 0x0F, 0x0F, 0x0F,
	0x0F, 0x0F, 0x0F, 0x0F, 0x0F, 0x0F, 0x0F, 0x0F, 0x0F, 0x0F, 0x0F, 0x0F, 0x0F, 0x0F, 0x0F, 0x0F,
	0x0F, 0x0F, 0x0F, 0x0F, 0x0F, 0x0F, 0x0F, 0x0F, 0x0F, 0x0F, 0x0F, 0x0F, 0x0F, 0x0F, 0x0F, 0x0F,
	0x0F, 0x0F, 0x0F, 0x0F, 0x0F, 0x0F, 0x0F, 0x0F, 0x0F, 0x0F, 0x0F, 0x0F, 0x0F, 0x0F, 0x0F, 0x0F,
	0x0F, 0x0F, 0x0F, 0x0F, 0x0F, 0x0F, 0x0F, 0x0F, 0x0F, 0x0F, 0x0F, 0x0F, 0x0F, 0x0F, 0x0F, 0x0F,
	0x03, 0x0F, 0x0F, 0x0F, 0x0F, 0x0F, 0x0F, 0x0F, 0x03, 0x0F, 0x03, 0x0F, 0x0F, 0x0F, 0x0F, 0x03,
	0x0F, 0x0F, 0x03, 0x03, 0x03, 0x03, 0x0F, 0x0F, 0x03, 0x03, 0x03, 0x0F, 0x03, 0x03, 0x03, 0x0F,
	0x05, 0x05, 0x05, 0x05, 0x05, 0x05, 0x0F, 0x05, 0x05, 0x05, 0x05, 0x05, 0x05, 0x05, 0x05, 0x05,
	0x0F, 0x05, 0x05, 0x05, 0x05, 0x05, 0x05, 0x0F, 0x0F, 0x05, 0x05, 0x05, 0x05, 0x05, 0x0F, 0x0F,
	0x05, 0x05, 0x05, 0x05, 0x05, 0x05, 0x0F, 0x05, 0x05, 0x05, 0x05, 0x05, 0x05, 0x05, 0x05, 0x05,
	0x0F, 0x05, 0x05, 0x05, 0x05, 0x05, 0x05, 0x0F, 0x0F, 0x05, 0x05, 0x05, 0x05, 0x05, 0x0F, 0x05,
	0x05, 0x05, 0x05, 0x05, 0x05, 0x05, 0x05, 0x05, 0x05, 0x05, 0x05, 0x05, 0x05, 0x05, 0x05, 0x05,
	0x0F, 0x0F, 0x05, 0x05, 0x05, 0x05, 0x05, 0x05, 0x05, 0x05, 0x05, 0x05, 0x05, 0x05, 0x05, 0x05,
	0x05, 0x05, 0x05, 0x05, 0x05, 0x05, 0x0F, 0x0F, 0x05, 0x05, 0x05, 0x05, 0x05, 0x05, 0x05, 0x05,
	0x05, 0x0F, 0x03, 0x03, 0x05, 0x05, 0x05, 0x05, 0x0F, 0x05, 0x05, 0x05, 0x05, 0x05, 0x05, 0x03,
	0x03, 0x0F, 0x0F, 0x05, 0x05, 0x05, 0x05, 0x05, 0x05, 0x03, 0x0F, 0x0F, 0x05, 0x05, 0x05, 0x05,
	0x05, 0x05, 0x0F, 0x0F, 0x05, 0x05, 0x05, 0x05, 0x05, 0x05, 0x05, 0x05, 0x05, 0x05, 0x05, 0x05,
	0x05, 0x05, 0x05, 0x05, 0x05, 0x05, 0x0F, 0x0F, 0x05, 0x05, 0x05, 0x05, 0x05, 0x05, 0x05, 0x05,
	0x05, 0x05, 0x05, 0x05, 0x05, 0x05, 0x05, 0x05, 0x05, 0x05, 0x05, 0x05, 0x05, 0x05, 0x05, 0x03,
	0x0F, 0x0F, 0x0F, 0x0F, 0x0F, 0x0F, 0x0F, 0x0F, 0x0F, 0x0F, 0x0F, 0x0F, 0x0F, 0x0F, 0x0F, 0x0F,
	0x0F, 0x0F, 0x0F, 0x0F, 0x0F, 0x0F, 0x0F, 0x0F, 0x0F, 0x0F, 0x0F, 0x0F, 0x0F, 0x0F, 0x0F, 0x0F,
	0x05, 0x05, 0x0F, 0x0F, 0x0F, 0x0F, 0x0F, 0x0F, 0x0F, 0x0F, 0x0F, 0x0F, 0x0F, 0x0F, 0x0F, 0x05,
	0x05, 0x0F, 0x0F, 0x0F, 0x0F, 0x0F, 0x0F, 0x0F, 0x0F, 0x0F, 0x0F, 0x0F, 0x0F, 0x0F, 0x0F, 0x0F,
	0x0F, 0x0F, 0x0F, 0x0F, 0x03, 0x03, 0x03, 0x03, 0x03, 0x03, 0x03, 0x03, 0x03, 0x05, 0x05, 0x05,
	0x05, 0x05, 0x05, 0x05, 0x05, 0x05, 0x05, 0x05, 0x05, 0x05, 0x05, 0x05, 0x05, 0x0F, 0x05, 0x05,
	0x05, 0x05, 0x05, 0x05, 0x0F, 0x0F, 0x05, 0x05, 0x05, 0x05, 0x05, 0x05, 0x05, 0x05, 0x05, 0x05,
	0x05, 0x03, 0x03, 0x03, 0x05, 0x05, 0x0F, 0x0F, 0x05, 0x05, 0x05, 0x05, 0x05, 0x05, 0x05, 0x05,
	0x05, 0x05, 0x05, 0x05, 0x05, 0x05, 0x05, 0x05, 0x05, 0x05, 0x05, 0x05, 0x05, 0x05, 0x05, 0x05,
	0x05, 0x05, 0x05, 0x05, 0x05, 0x05, 0x05, 0x05, 0x05, 0x05, 0x05, 0x05, 0x0F, 0x0F, 0x05, 0x05,
	0x0F, 0x0F, 0x0F, 0x0F, 0x0F, 0x0F, 0x05, 0x05, 0x05, 0x05, 0x05, 0x05, 0x05, 0x05, 0x05, 0x05,
	0x05, 0x05, 0x05, 0x05, 0x0F, 0x0F, 0x0F, 0x0F, 0x0F, 0x0F, 0x0F, 0x0F, 0x0F, 0x0F, 0x0F, 0x0F,
	0x0F, 0x0F, 0x0F, 0x0F, 0x0F, 0x0F, 0x0F, 0x0F, 0x0F, 0x0F, 0x0F, 0x0F, 0x0F, 0x0F, 0x0F, 0x0F,
	0x0F, 0x0F, 0x0F, 0x0F, 0x0F, 0x0F, 0x0F, 0x0F, 0x0F, 0x0F, 0x0F, 0x0F, 0x0F, 0x0F, 0x0F, 0x0F,
	0x0F, 0x0F, 0x0F, 0x0F, 0x0F, 0x0F, 0x0F, 0x0F, 0x0F, 0x0F, 0x0F, 0x0F, 0x0F, 0x0F, 0x0F, 0x0F,
	0x0F, 0x0F, 0x0F, 0x0F, 0x0F, 0x0F, 0x0F, 0x0F, 0x0F, 0x0F, 0x0F, 0x0F, 0x0F, 0x0F, 0x0F, 0x0F,
	0x0F, 0x0F, 0x0F, 0x0F, 0x0F, 0x0F, 0x0F, 0x0F, 0x0F, 0x0F, 0x0F, 0x0F, 0x0F, 0x0F, 0x0F, 0x0F,
	0x0F, 0x0F, 0x0F, 0x0F, 0x0F, 0x0F, 0x0F, 0x0F, 0x0F, 0x0F, 0x0F, 0x0F, 0x0F, 0x0F, 0x0F, 0x0F,
	0x0F, 0x0F, 0x0F, 0x0F, 0x0F, 0x0F, 0x0F, 0x0F, 0x0F, 0x0F, 0x0F, 0x0F, 0x0F, 0x0F, 0x0F, 0x0F,
	0x03, 0x03, 0x03, 0x03, 0x03, 0x03, 0x03, 0x03, 0x03, 0x0F, 0x0F, 0x0F, 0x0F, 0x0F, 0x0F, 0x0F,
	0x0F, 0x0F, 0x0F, 0x0F, 0x0F, 0x0F, 0x0F, 0x0F, 0x0F, 0x0F, 0x0F, 0x0F, 0x0F, 0x0F, 0x0F, 0x0F,
	0x0F, 0x0F, 0x0F, 0x0F, 0x0F, 0x0F, 0x0F, 0x0F, 0x03, 0x03, 0x03, 0x03, 0x03, 0x03, 0x0F, 0x0F,
	0x03, 0x03, 0x03, 0x03, 0x03, 0x0F, 0x0F, 0x0F, 0x0F, 0x0F, 0x0F, 0x0F, 0x0F, 0x0F, 0x0F, 0x0F,
	0x0F, 0x0F, 0x0F, 0x0F, 0x0F, 0x0F, 0x0F, 0x0F, 0x0F, 0x0F, 0x0F, 0x0F, 0x0F, 0x0F, 0x0F, 0x0F,
	0x00, 0x00, 0x00, 0x00, 0x00, 0x00, 0x00, 0x00, 0x00, 0x00, 0x00, 0x00, 0x00, 0x00, 0x00, 0x00,
	0x00, 0x00, 0x00, 0x00, 0x00, 0x00, 0x00, 0x00, 0x00, 0x00, 0x00, 0x00, 0x00, 0x00, 0x00, 0x00,
	0x00, 0x00, 0x00, 0x00, 0x00, 0x00, 0x00, 0x00, 0x00, 0x00, 0x00, 0x00, 0x00, 0x00, 0x00, 0x00,
	0x00, 0x00, 0x00, 0x00, 0x00, 0x00, 0x00, 0x00, 0x00, 0x00, 0x00, 0x00, 0x00, 0x00, 0x00, 0x00,
	0x00, 0x00, 0x00, 0x00, 0x00, 0x00, 0x00, 0x00, 0x00, 0x00, 0x00, 0x00, 0x00, 0x00, 0x00, 0x0F,
	0x00, 0x00, 0x00, 0x00, 0x00, 0x00, 0x00, 0x00, 0x00, 0x00, 0x00, 0x00, 0x00, 0x00, 0x00, 0x00,
	0x00, 0x00, 0x00, 0x00, 0x00, 0x00, 0x00, 0x00, 0x00, 0x00, 0x00, 0x00, 0x00, 0x00, 0x00, 0x00,
	0x0F, 0x0F, 0x0F, 0x0F, 0x00, 0x0F, 0x0F, 0x0F, 0x0F, 0x0F, 0x03, 0x0F, 0x0F, 0x0F, 0x00, 0x0F,
	0x0F, 0x0F, 0x0F, 0x0F, 0x03, 0x01, 0x05, 0x00, 0x05, 0x05, 0x05, 0x0F, 0x05, 0x0F, 0x05, 0x05,
	0x05, 0x0F, 0x0F, 0x0F, 0x0F, 0x0F, 0x0F, 0x0F, 0x0F, 0x0F, 0x0F, 0x0F, 0x0F, 0x0F, 0x0F, 0x0F,
	0x0F, 0x0F, 0x0F, 0x0F, 0x0F, 0x0F, 0x0F, 0x0F, 0x0F, 0x0F, 0x05, 0x05, 0x05, 0x05, 0x05, 0x05,
	0x05, 0x0F, 0x0F, 0x0F, 0x0F, 0x0F, 0x0F, 0x0F, 0x0F, 0x0F, 0x0F, 0x0F, 0x0F, 0x0F, 0x0F, 0x0F,
	0x0F, 0x0F, 0x0F, 0x0F, 0x0F, 0x0F, 0x0F, 0x0F, 0x0F, 0x0F, 0x05, 0x05, 0x05, 0x05, 0x05, 0x0F,
	0x03, 0x03, 0x03, 0x01, 0x01, 0x03, 0x03, 0x0F, 0x0F, 0x0F, 0x0F, 0x0F, 0x0F, 0x0F, 0x0F, 0x0F,
	0x0F, 0x0F, 0x0F, 0x0F, 0x0F, 0x0F, 0x0F, 0x0F, 0x0F, 0x0F, 0x0F, 0x0F, 0x0F, 0x0F, 0x0F, 0x0F,
	0x03, 0x03, 0x03, 0x0F, 0x03, 0x03, 0x0F, 0x0F, 0x0F, 0x03, 0x0F, 0x0F, 0x0F, 0x0F, 0x0F, 0x0F,
	0x05, 0x05, 0x0F, 0x05, 0x0F, 0x0F, 0x0F, 0x05, 0x0F, 0x0F, 0x0F, 0x0F, 0x05, 0x05, 0x05, 0x0F,
	0x0F, 0x0F, 0x0F, 0x0F, 0x0F, 0x0F, 0x0F, 0x0F, 0x0F, 0x05, 0x0F, 0x0F, 0x0F, 0x0F, 0x0F, 0x0F,
	0x0F, 0x0F, 0x0F, 0x0F, 0x0F, 0x0F, 0x0F, 0x0F, 0x0F, 0x0F, 0x0F, 0x0F, 0x0F, 0x0F, 0x0F, 0x0F,
	0x0F, 0x0F, 0x0F, 0x0F, 0x0F, 0x0F, 0x0F, 0x0F, 0x0F, 0x05, 0x0F, 0x0F, 0x0F, 0x0F, 0x0F, 0x0F,
	0x0F, 0x0F, 0x0F, 0x0F, 0x0F, 0x0F, 0x0F, 0x0F, 0x0F, 0x0F, 0x0F, 0x0F, 0x0F, 0x0F, 0x0F, 0x0F,
	0x05, 0x05, 0x0F, 0x05, 0x0F, 0x0F, 0x0F, 0x05, 0x0F, 0x0F, 0x0F, 0x0F, 0x05, 0x05, 0x05, 0x0F,
	0x0F, 0x0F, 0x0F, 0x0F, 0x0F, 0x0F, 0x0F, 0x0F, 0x0F, 0x0F, 0x0F, 0x0F, 0x0F, 0x0F, 0x0F, 0x0F,
	0x0F, 0x0F, 0x0F, 0x0F, 0x0F, 0x0F, 0x05, 0x05, 0x0F, 0x0F, 0x0F, 0x0F, 0x0F, 0x0F, 0x0F, 0x0F,
	0x0F, 0x0F, 0x0F, 0x00, 0x00, 0x00, 0x00, 0x00, 0x0F, 0x0F, 0x0F, 0x0F, 0x0F, 0x0F, 0x0F, 0x0F,
	0x0F, 0x0F, 0x0F, 0x0F, 0x0F, 0x0F, 0x0F, 0x0F, 0x0F, 0x0F, 0x0F, 0x0F, 0x0F, 0x0F, 0x0F, 0x0F,
	0x0F, 0x0F, 0x0F, 0x0F, 0x0F, 0x0F, 0x0F, 0x0F, 0x0F, 0x0F, 0x0F, 0x0F, 0x0F, 0x0F, 0x0F, 0x0F,
	0x0F, 0x0F, 0x0F, 0x0F, 0x0F, 0x0F, 0x0F, 0x0F, 0x0F, 0x0F, 0x0F, 0x0F, 0x0F, 0x0F, 0x0F, 0x0F,
	0x0F, 0x05, 0x05, 0x0F, 0x0F, 0x0F, 0x0F, 0x0F, 0x0F, 0x0F, 0x0F, 0x0F, 0x0F, 0x0F, 0x0F, 0x0F,
	0x05, 0x05, 0x05, 0x05, 0x0F, 0x0F, 0x05, 0x05, 0x0F, 0x0F, 0x05, 0x05, 0x05, 0x05, 0x05, 0x05,
	0x0F, 0x0F, 0x05, 0x05, 0x05, 0x05, 0x05, 0x05, 0x0F, 0x0F, 0x05, 0x05, 0x05, 0x05, 0x05, 0x05,
	0x05, 0x05, 0x05, 0x05, 0x05, 0x05, 0x0F, 0x0F, 0x05, 0x05, 0x0F, 0x0F, 0x0F, 0x0F, 0x0F, 0x0F,
	0x0F, 0x0F, 0x0F, 0x0F, 0x0F, 0x0F, 0x0F, 0x0F, 0x0F, 0x0F, 0x0F, 0x0F, 0x0F, 0x0F, 0x0F, 0x0F,
	0x0F, 0x0F, 0x0F, 0x0F, 0x0F, 0x0F, 0x0F, 0x0F, 0x0F, 0x0F, 0x0F, 0x0F, 0x0F, 0x0F, 0x0F, 0x0F,
	0x0F, 0x0F, 0x0F, 0x0F, 0x0F, 0x0F, 0x0F, 0x0F, 0x0F, 0x0F, 0x0F, 0x0F, 0x0F, 0x0F, 0x0F, 0x0F,
	0x0F, 0x0F, 0x0F, 0x0F, 0x0F, 0x0F, 0x0F, 0x0F, 0x0F, 0x0F, 0x0F, 0x0F, 0x0F, 0x0F, 0x0F, 0x0F,
	0x0F, 0x0F, 0x0F, 0x0F, 0x0F, 0x0F, 0x0F, 0x0F, 0x0F, 0x0F, 0x0F, 0x0F, 0x0F, 0x0F, 0x0F, 0x0F,
	0x0F, 0x0F, 0x0F, 0x0F, 0x0F, 0x0F, 0x0F, 0x0F, 0x03, 0x0F, 0x0F, 0x0F, 0x0F, 0x0F, 0x0F, 0x0F,
	0x0F, 0x0F, 0x0F, 0x0F, 0x0F, 0x0F, 0x0F, 0x0F, 0x0F, 0x0F, 0x0F, 0x0F, 0x0F, 0x0F, 0x0F, 0x0F,
	0x0F, 0x0F, 0x0F, 0x0F, 0x0F, 0x0F, 0x0F, 0x0F, 0x0F, 0x0F, 0x0F, 0x0F, 0x0F, 0x0F, 0x0F, 0x0F,
	0x0F, 0x0F, 0x0F, 0x0F, 0x0F, 0x0F, 0x0F, 0x03, 0x0F, 0x0F, 0x0F, 0x03, 0x03, 0x0F, 0x0F, 0x0F,
	0x0F, 0x00, 0x00, 0x00, 0x00, 0x00, 0x00, 0x00, 0x00, 0x00, 0x00, 0x00, 0x00, 0x00, 0x00, 0x00,
	0x00, 0x00, 0x00, 0x00, 0x00, 0x00, 0x00, 0x00, 0x00, 0x00, 0x00, 0x00, 0x00, 0x00, 0x00, 0x00,
	0x00, 0x00, 0x00, 0x00, 0x00, 0x00, 0x00, 0x00, 0x00, 0x00, 0x00, 0x00, 0x00, 0x00, 0x0F, 0x00,
	0x0F, 0x00, 0x00, 0x0F, 0x00, 0x00, 0x0F, 0x00, 0x00, 0x00, 0x0F, 0x0F, 0x0F, 0x0F, 0x0F, 0x0F,
	0x0F, 0x0F, 0x0F, 0x0F, 0x0F, 0x0F, 0x0F, 0x0F, 0x0F, 0x0F, 0x0F, 0x0F, 0x0F, 0x0F, 0x0F, 0x0F,
	0x0F, 0x0F, 0x0F, 0x0F, 0x0F, 0x0F, 0x0F, 0x0F, 0x0F, 0x0F, 0x0F, 0x0F, 0x0F, 0x0F, 0x0F, 0x0F,
	0x0F, 0x0F, 0x0F, 0x0F, 0x0F, 0x0F, 0x0F, 0x0F, 0x0F, 0x0F, 0x0F, 0x0F, 0x0F, 0x0F, 0x0F, 0x0F,
	0x0F, 0x0F, 0x0F, 0x0F, 0x0F, 0x0F, 0x0F, 0x0F, 0x0F, 0x0F, 0x0F, 0x0F, 0x0F, 0x0F, 0x0F, 0x0F,
	0x00, 0x00, 0x00, 0x00, 0x00, 0x00, 0x00, 0x00, 0x00, 0x00, 0x00, 0x0F, 0x0F, 0x0F, 0x0F, 0x0F,
	0x0F, 0x0F, 0x05, 0x05, 0x05, 0x05, 0x05, 0x0F, 0x0F, 0x0F, 0x0F, 0x0F, 0x0F, 0x0F, 0x0F, 0x0F,
	0x0F, 0x0F, 0x0F, 0x0F, 0x0F, 0x0F, 0x0F, 0x0F, 0x0F, 0x0F, 0x0F, 0x0F, 0x0F, 0x0F, 0x0F, 0x0F,
	0x0F, 0x0F, 0x0F, 0x0F, 0x0F, 0x0F, 0x0F, 0x0F, 0x0F, 0x0F, 0x0F, 0x00, 0x00, 0x00, 0x00, 0x00,
	0x00, 0x00, 0x00, 0x00, 0x00, 0x00, 0x00, 0x00, 0x00, 0x00, 0x00, 0x00, 0x00, 0x00, 0x00, 0x00,
	0x0F, 0x0F, 0x0F, 0x0F, 0x0F, 0x0F, 0x0F, 0x0F, 0x0F, 0x0F, 0x0F, 0x0F, 0x0F, 0x0F, 0x0F, 0x0F,
	0x00, 0x0F, 0x0F, 0x0F, 0x0F, 0x03, 0x03, 0x03, 0x03, 0x0F, 0x0F, 0x0F, 0x0F, 0x0F, 0x0F, 0x0F,
	0x0F, 0x0F, 0x0F, 0x0F, 0x0F, 0x0F, 0x0F, 0x0F, 0x0F, 0x0F, 0x0F, 0x0F, 0x0F, 0x0F, 0x0F, 0x0F,
	0x0F, 0x0F, 0x0F, 0x0F, 0x0F, 0x0F, 0x0F, 0x0F, 0x0F, 0x0F, 0x0F, 0x0F, 0x0F, 0x0F, 0x0F, 0x0F,
	0x0F, 0x0F, 0x0F, 0x0F, 0x0F, 0x0F, 0x0F, 0x0F, 0x0F, 0x0F, 0x0F, 0x0F, 0x0F, 0x0F, 0x0F, 0x0F,
	0x0F, 0x0F, 0x0F, 0x0F, 0x0F, 0x0F, 0x0F, 0x0F, 0x0F, 0x0F, 0x0F, 0x0F, 0x0F, 0x0F, 0x0F, 0x0F,
	0x05, 0x0F, 0x05, 0x0F, 0x0F, 0x0F, 0x0F, 0x0F, 0x0F, 0x0F, 0x0F, 0x0F, 0x0F, 0x0F, 0x0F, 0x0F,
	0x0F, 0x0F, 0x0F, 0x05, 0x0F, 0x0F, 0x00, 0x00, 0x00, 0x00, 0x00, 0x00, 0x00, 0x0F, 0x0F, 0x00,
	0x00, 0x00, 0x00, 0x00, 0x00, 0x0F, 0x0F, 0x00, 0x00, 0x0F, 0x00, 0x00, 0x00, 0x00, 0x0F, 0x0F,
	0x0F, 0x0F, 0x0F, 0x0F, 0x0F, 0x0F, 0x0F, 0x0F, 0x0F, 0x0F, 0x0F, 0x0F, 0x0F, 0x0F, 0x0F, 0x0F,
	0x0F, 0x0F, 0x0F, 0x0F, 0x0F, 0x0F, 0x0F, 0x0F, 0x0F, 0x0F, 0x0F, 0x0F, 0x0F, 0x0F, 0x0F, 0x0F,
	0x0F, 0x00, 0x0F, 0x0F, 0x0F, 0x0F, 0x0F, 0x0F, 0x0F, 0x0F, 0x0F, 0x0F, 0x0F, 0x0F, 0x0F, 0x0F,
	0x0F, 0x0F, 0x0F, 0x0F, 0x0F, 0x0F, 0x0F, 0x0F, 0x0F, 0x0F, 0x0F, 0x0F, 0x0F, 0x0F, 0x0F, 0x0F,
	0x00, 0x00, 0x00, 0x00, 0x00, 0x00, 0x00, 0x00, 0x00, 0x00, 0x00, 0x00, 0x00, 0x00, 0x00, 0x00,
	0x00, 0x00, 0x00, 0x00, 0x00, 0x00, 0x00, 0x00, 0x00, 0x00, 0x00, 0x0F, 0x0F, 0x0F, 0x0F, 0x0F,
	0x0F, 0x0F, 0x0F, 0x0F, 0x0F, 0x0F, 0x0F, 0x0F, 0x0F, 0x0F, 0x0F, 0x0F, 0x0F, 0x0F, 0x0F, 0x0F,
	0x0F, 0x0F, 0x0F, 0x0F, 0x0F, 0x0F, 0x0F, 0x0F, 0x0F, 0x0F, 0x0F, 0x0F, 0x0F, 0x0F, 0x0F, 0x0F,
	0x0F, 0x0F, 0x0F, 0x0F, 0x0F, 0x0F, 0x0F, 0x0F, 0x0F, 0x0F, 0x0F, 0x0F, 0x0F, 0x0F, 0x0F, 0x0F,
	0x0F, 0x0F, 0x0F, 0x0F, 0x0F, 0x0F, 0x0F, 0x0F, 0x0F, 0x0F, 0x0F, 0x0F, 0x0F, 0x0F, 0x0F, 0x0F,
	0x0F, 0x0F, 0x0F, 0x0F, 0x0F, 0x0F, 0x0F, 0x0F, 0x0F, 0x0F, 0x0F, 0x0F, 0x0F, 0x0F, 0x0F, 0x0F,
	0x0F, 0x0F, 0x0F, 0x0F, 0x0F, 0x0F, 0x0F, 0x0F, 0x0F, 0x0F, 0x0F, 0x0F, 0x0F, 0x0F, 0x0F, 0x0F,
	0x0F, 0x0F, 0x0F, 0x0F, 0x0F, 0x0F, 0x0F, 0x0F, 0x0F, 0x0F, 0x0F, 0x0F, 0x0F, 0x0F, 0x0F, 0x0F,
	0x0F, 0x0F, 0x0F, 0x0F, 0x0F, 0x0F, 0x0F, 0x0F, 0x0F, 0x0F, 0x0F, 0x0F, 0x0F, 0x0F, 0x0F, 0x0F,
	0x0F, 0x0F, 0x0F, 0x0F, 0x0F, 0x0F, 0x0F, 0x0F, 0x0F, 0x0F, 0x0F, 0x0F, 0x0F, 0x0F, 0x0F, 0x0F,
	0x0F, 0x0F, 0x0F, 0x0F, 0x0F, 0x0F, 0x0F, 0x0F, 0x0F, 0x0F, 0x0F, 0x00, 0x00, 0x00, 0x00, 0x00,
	0x00, 0x00, 0x00, 0x00, 0x0F, 0x0F, 0x0F, 0x0F, 0x0F, 0x0F, 0x0F, 0x0F, 0x0F, 0x00, 0x0F, 0x0F,
	0x0F, 0x0F, 0x0F, 0x0F, 0x0F, 0x0F, 0x0F, 0x0F, 0x0F, 0x0F, 0x0F, 0x0F, 0x0F, 0x0F, 0x0F, 0x0F,
	0x0F, 0x0F, 0x0F, 0x0F, 0x0F, 0x0F, 0x00, 0x00, 0x00, 0x00, 0x0F, 0x00, 0x00, 0x00, 0x00, 0x00,
	0x00, 0x00, 0x00, 0x00, 0x0F, 0x00, 0x00, 0x00, 0x0F, 0x00, 0x00, 0x00, 0x00, 0x00, 0x0F, 0x0F,
	0x0F, 0x0F, 0x0F, 0x0F, 0x0F, 0x0F, 0x0F, 0x0F, 0x0F, 0x0F, 0x0F, 0x0F, 0x0F, 0x0F, 0x0F, 0x0F,
	0x0F, 0x0F, 0x0F, 0x0F, 0x0F, 0x0F, 0x0F, 0x0F, 0x0F, 0x0F, 0x0F, 0x0F, 0x0F, 0x0F, 0x0F, 0x0F,
	0x0F, 0x0F, 0x0F, 0x0F, 0x0F, 0x0F, 0x0F, 0x0F, 0x0F, 0x00, 0x00, 0x00, 0x0F, 0x0F, 0x0F, 0x0F,
	0x0F, 0x0F, 0x0F, 0x0F, 0x0F, 0x0F, 0x0F, 0x0F, 0x0F, 0x0F, 0x0F, 0x0F, 0x0F, 0x0F, 0x0F, 0x0F,
	0x0F, 0x0F, 0x0F, 0x0F, 0x0F, 0x0F, 0x0F, 0x0F, 0x0F, 0x0F, 0x0F, 0x0F, 0x0F, 0x0F, 0x0F, 0x0F,
	0x0F, 0x0F, 0x0F, 0x0F, 0x0F, 0x0F, 0x0F, 0x0F, 0x0F, 0x0F, 0x0F, 0x0F, 0x0F, 0x0F, 0x0F, 0x0F,
	0x0F, 0x0F, 0x0F, 0x0F, 0x0F, 0x0F, 0x0F, 0x00, 0x00, 0x00, 0x00, 0x00, 0x00, 0x00, 0x00, 0x00,
	0x0F, 0x0F, 0x0F, 0x0F, 0x0F, 0x0F, 0x0F, 0x0F, 0x0F, 0x0F, 0x0F, 0x0F, 0x0F, 0x0F, 0x0F, 0x0F,
	0x0F, 0x0F, 0x0F, 0x0F, 0x0F, 0x0F, 0x0F, 0x0F, 0x0F, 0x0F, 0x0F, 0x0F, 0x0F, 0x0F, 0x0F, 0x0F,
	0x0F, 0x0F, 0x0F, 0x0F, 0x0F, 0x0F, 0x0F, 0x0F, 0x0F, 0x0F, 0x00, 0x00, 0x00, 0x00, 0x00, 0x00,
	0x00, 0x00, 0x00, 0x00, 0x00, 0x00, 0x00, 0x00, 0x00, 0x00, 0x00, 0x00, 0x00, 0x00, 0x00, 0x00,
	0x00, 0x00, 0x0F, 0x00, 0x00, 0x00, 0x00, 0x00, 0x00, 0x00, 0x00, 0x00, 0x00, 0x00, 0x00, 0x00,
	0x00, 0x00, 0x00, 0x00, 0x00, 0x00, 0x00, 0x00, 0x00, 0x00, 0x00, 0x00, 0x00, 0x00, 0x00, 0x00,
	0x0F, 0x0F, 0x0F, 0x0F, 0x0F, 0x0F, 0x0F, 0x0F, 0x0F, 0x0F, 0x0F, 0x0F, 0x0F, 0x0F, 0x0F, 0x0F,
	0x0F, 0x0F, 0x0F, 0x0F, 0x0F, 0x0F, 0x0F, 0x0F, 0x0F, 0x0F, 0x0F, 0x0F, 0x0F, 0x0F, 0x0F, 0x0F,
	0x0F, 0x0F, 0x0F, 0x0F, 0x0F, 0x0F, 0x0F, 0x0F, 0x0F, 0x05, 0x0F, 0x0F, 0x0F, 0x0F, 0x0F, 0x0F,
	0x0F, 0x05, 0x0F, 0x0F, 0x05, 0x0F, 0x0F, 0x0F, 0x0F, 0x0F, 0x0F, 0x0F, 0x00, 0x0F, 0x0F, 0x0F,
	0x0F, 0x0F, 0x0F, 0x0F, 0x0F, 0x0F, 0x0F, 0x0F, 0x0F, 0x0F, 0x0F, 0x0F, 0x0F, 0x00, 0x0F, 0x0F,
	0x0F, 0x00, 0x00, 0x00, 0x00, 0x0F, 0x0F, 0x0F, 0x00, 0x00, 0x00, 0x00, 0x00, 0x00, 0x00, 0x00,
	0x0F, 0x0F, 0x0F, 0x0F, 0x0F, 0x0F, 0x0F, 0x0F, 0x0F, 0x0F, 0x0F, 0x0F, 0x0F, 0x0F, 0x0F, 0x0F,
	0x0F, 0x0F, 0x0F, 0x0F, 0x0F, 0x0F, 0x0F, 0x0F, 0x0F, 0x0F, 0x0F, 0x0F, 0x0F, 0x0F, 0x0F, 0x0F,
	0x0F, 0x0F, 0x0F, 0x0F, 0x0F, 0x0F, 0x0F, 0x0F, 0x0F, 0x0F, 0x0F, 0x0F, 0x0F, 0x0F, 0x0F, 0x0F,
	0x0F, 0x0F, 0x0F, 0x0F, 0x0F, 0x0F, 0x0F, 0x0F, 0x0F, 0x0F, 0x0F, 0x0F, 0x0F, 0x0F, 0x0F, 0x0F,
	0x0F, 0x0F, 0x0F, 0x0F, 0x0F, 0x0F, 0x0F, 0x0F, 0x0F, 0x0F, 0x0F, 0x0F, 0x0F, 0x0F, 0x0F, 0x0F,
	0x0F, 0x0F, 0x0F, 0x0F, 0x0F, 0x0F, 0x0F, 0x0F, 0x0F, 0x0F, 0x0F, 0x0F, 0x00, 0x0F, 0x0A, 0x0F,
	0x0F, 0x0F, 0x0F, 0x0F, 0x0F, 0x0F, 0x0F, 0x0F, 0x0F, 0x0F, 0x0F, 0x05, 0x05, 0x00, 0x0F, 0x0F,
	0x0F, 0x0F, 0x0F, 0x0F, 0x0F, 0x0F, 0x0F, 0x0A, 0x0F, 0x0F, 0x0F, 0x0F, 0x00, 0x00, 0x0F, 0x00,
	0x0F, 0x0F, 0x0F, 0x0F, 0x0F, 0x0F, 0x0F, 0x0F, 0x0F, 0x0F, 0x0F, 0x0F, 0x0F, 0x0F, 0x0F, 0x0F,
	0x0F, 0x0F, 0x0F, 0x0F, 0x0F, 0x0F, 0x0F, 0x0F, 0x0F, 0x0F, 0x0F, 0x0F, 0x0F, 0x0F, 0x00, 0x0F,
	0x0F, 0x0F, 0x0F, 0x0F, 0x0F, 0x0F, 0x0F, 0x0F, 0x0F, 0x0F, 0x0F, 0x0F, 0x0F, 0x0F, 0x0F, 0x0F,
	0x0F, 0x0F, 0x0F, 0x0F, 0x0F, 0x0F, 0x0F, 0x0F, 0x0F, 0x0F, 0x0F, 0x0F, 0x0F, 0x0F, 0x0F, 0x0F,
	0x0F, 0x0F, 0x0F, 0x0F, 0x0F, 0x0F, 0x0F, 0x0F, 0x0F, 0x0F, 0x0F, 0x0F, 0x0F, 0x0F, 0x0F, 0x0F,
	0x0F, 0x0F, 0x0F, 0x00, 0x0F, 0x0F, 0x00, 0x0F, 0x0F, 0x0F, 0x0F, 0x0F, 0x00, 0x0F, 0x0F, 0x0F,
	0x0F, 0x0F, 0x0F, 0x0F, 0x0F, 0x0F, 0x0F, 0x0F, 0x0F, 0x0F, 0x0F, 0x0F, 0x0F, 0x00, 0x0F, 0x0F,
	0x0F, 0x0F, 0x0F, 0x0F, 0x0F, 0x0F, 0x0F, 0x0F, 0x0F, 0x00, 0x00, 0x00, 0x0F, 0x0F, 0x00, 0x0F,
	0x0F, 0x0F, 0x0F, 0x0F, 0x0F, 0x0F, 0x0F, 0x0F, 0x0F, 0x0F, 0x0F, 0x0F, 0x0F, 0x0F, 0x0F, 0x0F,
	0x0F, 0x0F, 0x0F, 0x0F, 0x0F, 0x0F, 0x0F, 0x0F, 0x0F, 0x0F, 0x0F, 0x0F, 0x0F, 0x0F, 0x0F, 0x0F,
	0x0F, 0x0F, 0x0F, 0x0F, 0x0F, 0x0F, 0x0F, 0x0F, 0x0F, 0x0F, 0x0F, 0x0F, 0x0F, 0x0F, 0x0F, 0x0F,
	0x0F, 0x0F, 0x0F, 0x0F, 0x0F, 0x0F, 0x0F, 0x0F, 0x0F, 0x0F, 0x0F, 0x0F, 0x0F, 0x0F, 0x0F, 0x0F,
	0x0F, 0x0F, 0x0F, 0x0F, 0x0F, 0x0F, 0x0F, 0x0F, 0x0F, 0x0F, 0x0F, 0x0F, 0x0F, 0x0F, 0x0F, 0x0F,
	0x0F, 0x0F, 0x0F, 0x0F, 0x0F, 0x0F, 0x0F, 0x0F, 0x0F, 0x0F, 0x0F, 0x0F, 0x00, 0x0F, 0x0F, 0x0F,
	0x0F, 0x0F, 0x0F, 0x0F, 0x0F, 0x0F, 0x0F, 0x0F, 0x0F, 0x0F, 0x0F, 0x0F, 0x0F, 0x00, 0x0F, 0x0F,
	0x0F, 0x0F, 0x0F, 0x0F, 0x0F, 0x0F, 0x0F, 0x0F, 0x0F, 0x0F, 0x0F, 0x0F, 0x0F, 0x0F, 0x0F, 0x0F,
	0x0F, 0x0F, 0x0F, 0x0F, 0x0F, 0x0F, 0x0F, 0x0F, 0x0F, 0x0F, 0x0F, 0x0F, 0x0F, 0x0F, 0x0F, 0x0F,
	0x0F, 0x0F, 0x0F, 0x0F, 0x0F, 0x0F, 0x0F, 0x0F, 0x0F, 0x0F, 0x0F, 0x0F, 0x0F, 0x0F, 0x0F, 0x0F,
	0x0F, 0x0F, 0x0F, 0x0F, 0x0F, 0x0F, 0x0F, 0x0F, 0x0F, 0x0F, 0x0F, 0x0F, 0x0F, 0x0F, 0x0F, 0x0F,
	0x0F, 0x0F, 0x0F, 0x0F, 0x0F, 0x0F, 0x0F, 0x0F, 0x0F, 0x0F, 0x0F, 0x0F, 0x0F, 0x0F, 0x0F, 0x0F,
	0x0F, 0x0F, 0x0F, 0x0F, 0x0F, 0x0F, 0x0F, 0x0F, 0x0F, 0x0F, 0x0F, 0x0F, 0x0F, 0x0F, 0x0F, 0x0F,
	0x0F, 0x0F, 0x0F, 0x0F, 0x0F, 0x0F, 0x0F, 0x0F, 0x0F, 0x0F, 0x0F, 0x0F, 0x00, 0x0F, 0x0A, 0x0F,
	0x0F, 0x0F, 0x0F, 0x0F, 0x0F, 0x0F, 0x0F, 0x0F, 0x05, 0x0F, 0x0F, 0x05, 0x05, 0x00, 0x0F, 0x0F,
	0x0F, 0x0F, 0x0F, 0x0F, 0x0F, 0x0F, 0x0A, 0x0A, 0x0F, 0x0F, 0x0F, 0x0F, 0x00, 0x00, 0x0F, 0x0F,
	0x0F, 0x0F, 0x0F, 0x0F, 0x0F, 0x0F, 0x0F, 0x0F, 0x0F, 0x0F, 0x0F, 0x0F, 0x0F, 0x0F, 0x0F, 0x0F,
	0x0F, 0x0F, 0x0F, 0x0F, 0x0F, 0x0F, 0x0F, 0x0F, 0x0F, 0x0F, 0x0F, 0x0F, 0x0F, 0x0F, 0x0F, 0x0F,
	0x0F, 0x0F, 0x0F, 0x0F, 0x0F, 0x0F, 0x0F, 0x0F, 0x0F, 0x0F, 0x0F, 0x0F, 0x0F, 0x0F, 0x0F, 0x0F,
	0x0F, 0x0F, 0x0F, 0x0F, 0x05, 0x0F, 0x0F, 0x0F, 0x0F, 0x0F, 0x0F, 0x0F, 0x0F, 0x0F, 0x0F, 0x0F,
	0x0F, 0x0F, 0x0F, 0x0F, 0x0F, 0x0F, 0x0F, 0x0F, 0x0F, 0x0F, 0x0F, 0x0F, 0x0F, 0x0F, 0x0F, 0x0F,
	0x0F, 0x0F, 0x0F, 0x0F, 0x0F, 0x0F, 0x0F, 0x0F, 0x0F, 0x0F, 0x0F, 0x0F, 0x0F, 0x0F, 0x0A, 0x0F,
	0x0F, 0x0F, 0x0F, 0x0F, 0x0F, 0x0F, 0x0F, 0x0F, 0x0F, 0x0F, 0x05, 0x05, 0x05, 0x00, 0x0F, 0x0F,
	0x0F, 0x0F, 0x0F, 0x0F, 0x0F, 0x0F, 0x0F, 0x0A, 0x0F, 0x0F, 0x0F, 0x0F, 0x0F, 0x0F, 0x0F, 0x0F,
	0x0F, 0x0F, 0x0F, 0x0F, 0x0F, 0x0F, 0x0F, 0x0F, 0x0F, 0x0F, 0x0F, 0x0F, 0x0F, 0x0F, 0x0F, 0x0F,
	0x0F, 0x0F, 0x0F, 0x0F, 0x0F, 0x0F, 0x0F, 0x0F, 0x0F, 0x0F, 0x0F, 0x0F, 0x0F, 0x0F, 0x0F, 0x0F,
	0x0F, 0x0F, 0x0F, 0x0F, 0x0F, 0x0F, 0x0F, 0x0F, 0x0F, 0x0F, 0x0F, 0x0F, 0x0F, 0x0F, 0x0F, 0x0F,
	0x0F, 0x0F, 0x0F, 0x0F, 0x0F, 0x0F, 0x0F, 0x0F, 0x0F, 0x0F, 0x0F, 0x0F, 0x0F, 0x0F, 0x0F, 0x0F,
	0x0F, 0x0F, 0x0F, 0x0F, 0x0F, 0x0F, 0x0F, 0x0F, 0x0F, 0x0F, 0x0F, 0x0F, 0x0F, 0x0F, 0x0F, 0x0F,
	0x0F, 0x0F, 0x0F, 0x0F, 0x0F, 0x0F, 0x0F, 0x0F, 0x0F, 0x0F, 0x0F, 0x0F, 0x00, 0x0F, 0x0F, 0x0F,
	0x0F, 0x0F, 0x0F, 0x0F, 0x0F, 0x0F, 0x0F, 0x0F, 0x05, 0x0F, 0x0F, 0x0F, 0x0F, 0x00, 0x0F, 0x0F,
	0x0F, 0x0F, 0x0F, 0x0F, 0x0F, 0x00, 0x00, 0x0F, 0x0F, 0x0F, 0x0F, 0x0F, 0x0F, 0x0F, 0x0F, 0x0F,
	0x0F, 0x0F, 0x0F, 0x0F, 0x0F, 0x0F, 0x0F, 0x0F, 0x0F, 0x0F, 0x0F, 0x0F, 0x0F, 0x0F, 0x0F, 0x0F,
	0x0F, 0x0F, 0x0F, 0x0F, 0x0F, 0x0F, 0x0F, 0x0F, 0x0F, 0x0F, 0x0F, 0x0F, 0x0F, 0x0F, 0x0F, 0x0F,
	0x0F, 0x0F, 0x0F, 0x0F, 0x0F, 0x0F, 0x0F, 0x0F, 0x0F, 0x0F, 0x0F, 0x0F, 0x0F, 0x0F, 0x0F, 0x0F,
	0x0F, 0x0F, 0x0F, 0x0F, 0x0F, 0x0F, 0x0F, 0x0F, 0x0F, 0x0F, 0x0F, 0x0F, 0x0F, 0x0F, 0x0F, 0x0F,
	0x0F, 0x0F, 0x0F, 0x0F, 0x0F, 0x0F, 0x0F, 0x0F, 0x0F, 0x0F, 0x0F, 0x0F, 0x0F, 0x0F, 0x0F, 0x0F,
	0x0F, 0x0F, 0x0F, 0x0F, 0x0F, 0x0F, 0x0F, 0x0F, 0x0F, 0x0F, 0x0F, 0x0F, 0x00, 0x0F, 0x0F, 0x0F,
	0x05, 0x0F, 0x0A, 0x0F, 0x0F, 0x0F, 0x0F, 0x05, 0x05, 0x0F, 0x05, 0x05, 0x0F, 0x00, 0x0F, 0x0F,
	0x0F, 0x0F, 0x0F, 0x0F, 0x0F, 0x0A, 0x0A, 0x0F, 0x0F, 0x0F, 0x0F, 0x0F, 0x0F, 0x0F, 0x0F, 0x0F,
	0x0F, 0x0F, 0x0F, 0x0F, 0x0F, 0x0F, 0x0F, 0x0F, 0x0F, 0x0F, 0x0F, 0x0F, 0x0F, 0x0F, 0x0F, 0x0F,
	0x0F, 0x0F, 0x0F, 0x0F, 0x0F, 0x0F, 0x0F, 0x0F, 0x0F, 0x0F, 0x0F, 0x0F, 0x0F, 0x0F, 0x0F, 0x0F,
	0x0F, 0x0F, 0x0F, 0x0F, 0x0F, 0x0F, 0x0F, 0x0F, 0x0F, 0x0F, 0x0F, 0x0F, 0x0F, 0x0F, 0x0F, 0x0F,
	0x0F, 0x0F, 0x0F, 0x0F, 0x0F, 0x0F, 0x0F, 0x0F, 0x0F, 0x0F, 0x0F, 0x0F, 0x0F, 0x0F, 0x0F, 0x0F,
	0x0F, 0x0F, 0x0F, 0x0F, 0x0F, 0x0F, 0x0F, 0x0F, 0x0F, 0x0F, 0x0F, 0x0F, 0x0F, 0x0F, 0x0F, 0x0F,
	0x0F, 0x0F, 0x0F, 0x0F, 0x0F, 0x0F, 0x0F, 0x0F, 0x0F, 0x0F, 0x0F, 0x00, 0x00, 0x0F, 0x0A, 0x0F,
	0x0F, 0x0F, 0x0F, 0x0F, 0x0F, 0x0F, 0x0F, 0x0F, 0x0F, 0x0F, 0x05, 0x05, 0x05, 0x00, 0x0F, 0x0F,
	0x0F, 0x0F, 0x0F, 0x0F, 0x0F, 0x0F, 0x0F, 0x0A, 0x0F, 0x0F, 0x0F, 0x0F, 0x0F, 0x0F, 0x0F, 0x0F,
	0x0F, 0x0F, 0x0F, 0x0F, 0x0F, 0x0F, 0x0F, 0x0F, 0x0F, 0x0F, 0x0F, 0x0F, 0x0F, 0x0F, 0x0F, 0x0F,
	0x0F, 0x0F, 0x0F, 0x0F, 0x0F, 0x0F, 0x0F, 0x0F, 0x0F, 0x0F, 0x0F, 0x0F, 0x0F, 0x0F, 0x0F, 0x0F,
	0x0F, 0x0F, 0x0F, 0x0F, 0x0F, 0x0F, 0x0F, 0x0F, 0x0F, 0x0F, 0x0F, 0x0F, 0x0F, 0x0F, 0x0F, 0x0F,
	0x0F, 0x0F, 0x0F, 0x0F, 0x0F, 0x0F, 0x0F, 0x0F, 0x0F, 0x0F, 0x0F, 0x0F, 0x0F, 0x0F, 0x0F, 0x0F,
	0x0F, 0x0F, 0x0F, 0x0F, 0x0F, 0x0F, 0x0F, 0x0F, 0x0F, 0x0F, 0x0F, 0x0F, 0x0F, 0x0F, 0x0F, 0x0F,
	0x0F, 0x0F, 0x0F, 0x0F, 0x0F, 0x0F, 0x0F, 0x0F, 0x0F, 0x0F, 0x0F, 0x0F, 0x0F, 0x0F, 0x0F, 0x0F,
	0x0F, 0x0F, 0x0F, 0x0F, 0x0F, 0x0F, 0x0F, 0x0F, 0x0F, 0x0F, 0x00, 0x0F, 0x0F, 0x0F, 0x0F, 0x0A,
	0x0F, 0x0F, 0x0F, 0x0F, 0x0F, 0x0F, 0x0F, 0x0F, 0x0F, 0x0F, 0x05, 0x0F, 0x05, 0x05, 0x05, 0x0A,
	0x0F, 0x0F, 0x0F, 0x0F, 0x0F, 0x0F, 0x0F, 0x0F, 0x0F, 0x0F, 0x0F, 0x0F, 0x0F, 0x0F, 0x0F, 0x0F,
	0x0F, 0x0F, 0x0F, 0x0F, 0x0F, 0x0F, 0x0F, 0x0F, 0x0F, 0x0F, 0x0F, 0x0F, 0x0F, 0x0F, 0x0F, 0x0F,
	0x0F, 0x0F, 0x0F, 0x0F, 0x0F, 0x0F, 0x0F, 0x0F, 0x0F, 0x0F, 0x0F, 0x0F, 0x0F, 0x0F, 0x0F, 0x0F,
	0x0F, 0x0F, 0x0F, 0x0F, 0x0F, 0x0F, 0x0F, 0x0F, 0x0F, 0x0F, 0x0F, 0x0F, 0x0F, 0x0F, 0x0F, 0x0F,
	0x0F, 0x0F, 0x0F, 0x0F, 0x0F, 0x0F, 0x0F, 0x0F, 0x0F, 0x0F, 0x0F, 0x0F, 0x0F, 0x0F, 0x0F, 0x0F,
	0x0F, 0x0F, 0x0F, 0x03, 0x0F, 0x0F, 0x0F, 0x0F, 0x00, 0x00, 0x00, 0x0F, 0x0F, 0x0F, 0x0F, 0x0F,
	0x0F, 0x0F, 0x0F, 0x0F, 0x0F, 0x0F, 0x0F, 0x0F, 0x00, 0x00, 0x00, 0x00, 0x0F, 0x0F, 0x0F, 0x0F,
	0x0F, 0x0F, 0x0F, 0x0F, 0x0F, 0x0F, 0x0F, 0x0F, 0x0F, 0x0F, 0x0F, 0x0F, 0x0F, 0x0F, 0x0F, 0x0F,
	0x0F, 0x0F, 0x0F, 0x0F, 0x0F, 0x0F, 0x0F, 0x0F, 0x0F, 0x0F, 0x0F, 0x0F, 0x0F, 0x0F, 0x0F, 0x0F,
	0x0F, 0x0F, 0x0F, 0x0F, 0x0F, 0x0F, 0x0F, 0x0F, 0x0F, 0x0F, 0x0F, 0x0F, 0x0F, 0x0F, 0x0F, 0x0F,
	0x0F, 0x0F, 0x0F, 0x0F, 0x0F, 0x0F, 0x0F, 0x0F, 0x0F, 0x0F, 0x0F, 0x0F, 0x0F, 0x0F, 0x0F, 0x0F,
	0x0F, 0x0F, 0x0F, 0x0F, 0x0F, 0x0F, 0x0F, 0x0F, 0x0F, 0x0F, 0x0F, 0x0F, 0x0F, 0x0F, 0x0F, 0x0F,
	0x0F, 0x0F, 0x0F, 0x0F, 0x0F, 0x0F, 0x0F, 0x0F, 0x0F, 0x0F, 0x0F, 0x0F, 0x0F, 0x0F, 0x0F, 0x0F,
	0x0F, 0x0F, 0x0F, 0x03, 0x0F, 0x0F, 0x0F, 0x0F, 0x00, 0x00, 0x00, 0x0F, 0x0F, 0x0F, 0x0F, 0x0F,
	0x0F, 0x0F, 0x0F, 0x0F, 0x0F, 0x0F, 0x0F, 0x0F, 0x00, 0x00, 0x00, 0x00, 0x0F, 0x0F, 0x0F, 0x0F,
	0x0F, 0x0F, 0x0F, 0x0F, 0x0F, 0x0F, 0x0F, 0x0F, 0x0F, 0x0F, 0x0F, 0x0F, 0x03, 0x03, 0x0F, 0x0F,
	0x0F, 0x0F, 0x0F, 0x0F, 0x0F, 0x0F, 0x0F, 0x0F, 0x0F, 0x0F, 0x0F, 0x0F, 0x0F, 0x0F, 0x0F, 0x0F,
	0x0F, 0x0F, 0x0F, 0x0F, 0x0F, 0x0F, 0x0F, 0x0F, 0x0F, 0x0F, 0x0F, 0x0F, 0x0F, 0x0F, 0x0F, 0x0F,
	0x0F, 0x0F, 0x0F, 0x0F, 0x0F, 0x0F, 0x0F, 0x0F, 0x0F, 0x0F, 0x0F, 0x0F, 0x03, 0x0F, 0x0F, 0x0F,
	0x0F, 0x0F, 0x0F, 0x0F, 0x0F, 0x0F, 0x0F, 0x0F, 0x00, 0x00, 0x0F, 0x0F, 0x0F, 0x0F, 0x0F, 0x0F,
	0x0F, 0x0F, 0x0F, 0x0F, 0x0F, 0x0F, 0x0F, 0x0F, 0x0F, 0x0F, 0x0F, 0x0F, 0x0F, 0x0F, 0x0F, 0x0F,
	0x0F, 0x0F, 0x0F, 0x0F, 0x0F, 0x00, 0x0F, 0x00, 0x0F, 0x00, 0x0F, 0x0F, 0x0F, 0x0F, 0x0F, 0x0F,
	0x0F, 0x0F, 0x0F, 0x00, 0x0F, 0x0F, 0x0F, 0x0F, 0x0F, 0x0F, 0x0F, 0x0F, 0x0F, 0x00, 0x0F, 0x0F,
	0x0F, 0x0F, 0x00, 0x0F, 0x0F, 0x0F, 0x0F, 0x00, 0x0F, 0x0F, 0x0F, 0x0F, 0x00, 0x0F, 0x0F, 0x0F,
	0x0F, 0x0F, 0x0F, 0x0F, 0x0F, 0x0F, 0x0F, 0x0F, 0x0F, 0x00, 0x0F, 0x0F, 0x0F, 0x0F, 0x0F, 0x0F,
	0x0F, 0x00, 0x00, 0x00, 0x00, 0x00, 0x00, 0x03, 0x00, 0x03, 0x00, 0x00, 0x00, 0x00, 0x0F, 0x0F,
	0x00, 0x00, 0x00, 0x00, 0x00, 0x0F, 0x00, 0x00, 0x0F, 0x0F, 0x0F, 0x0F, 0x0F, 0x0F, 0x0F, 0x0F,
	0x0F, 0x0F, 0x0F, 0x00, 0x0F, 0x0F, 0x0F, 0x0F, 0x0F, 0x0F, 0x0F, 0x0F, 0x0F, 0x00, 0x0F, 0x0F,
	0x0F, 0x0F, 0x00, 0x0F, 0x0F, 0x0F, 0x0F, 0x00, 0x0F, 0x0F, 0x0F, 0x0F, 0x00, 0x0F, 0x0F, 0x0F,
	0x0F, 0x0F, 0x0F, 0x0F, 0x0F, 0x0F, 0x0F, 0x0F, 0x0F, 0x00, 0x0F, 0x0F, 0x0F, 0x0F, 0x0F, 0x0F,
	0x0F, 0x0F, 0x0F, 0x0F, 0x0F, 0x0F, 0x00, 0x0F, 0x0F, 0x0F, 0x0F, 0x0F, 0x0F, 0x0F, 0x0F, 0x0F,
	0x0F, 0x0F, 0x0F, 0x0F, 0x0F, 0x0F, 0x0F, 0x0F, 0x0F, 0x0F, 0x0F, 0x0F, 0x0F, 0x0F, 0x0F, 0x0F,
	0x0F, 0x0F, 0x0F, 0x0F, 0x0F, 0x0F, 0x0F, 0x0F, 0x0F, 0x0F, 0x0F, 0x0F, 0x0F, 0x0F, 0x0F, 0x0F,
	0x0F, 0x0F, 0x0F, 0x0F, 0x0F, 0x0F, 0x0F, 0x0F, 0x0F, 0x0F, 0x0F, 0x0F, 0x0F, 0x0F, 0x0F, 0x0F,
	0x0F, 0x0F, 0x0F, 0x0F, 0x0F, 0x0F, 0x0F, 0x0F, 0x0F, 0x0F, 0x0F, 0x0F, 0x0F, 0x0F, 0x0F, 0x0F,
	0x0F, 0x0F, 0x0F, 0x0F, 0x0F, 0x0F, 0x0F, 0x0F, 0x0F, 0x0F, 0x0F, 0x0F, 0x0F, 0x0F, 0x0F, 0x0F,
	0x0F, 0x0F, 0x0F, 0x0F, 0x0F, 0x0F, 0x05, 0x0F, 0x0F, 0x0F, 0x0F, 0x0F, 0x0F, 0x0F, 0x0A, 0x0F,
	0x0F, 0x0F, 0x0F, 0x0F, 0x0F, 0x0F, 0x0F, 0x00, 0x0F, 0x00, 0x00, 0x0F, 0x0F, 0x0F, 0x0F, 0x0F,
	0x0F, 0x0F, 0x0F, 0x0F, 0x0F, 0x0F, 0x0F, 0x0F, 0x0F, 0x0F, 0x0F, 0x0F, 0x0F, 0x0F, 0x0F, 0x0F,
	0x0F, 0x0F, 0x0F, 0x0F, 0x0F, 0x0F, 0x0F, 0x0F, 0x0F, 0x0F, 0x0F, 0x0F, 0x0F, 0x0F, 0x0F, 0x0F,
	0x0F, 0x0F, 0x0F, 0x0F, 0x0F, 0x0F, 0x0F, 0x0F, 0x0F, 0x0F, 0x0F, 0x0F, 0x0F, 0x0F, 0x0F, 0x0F,
	0x0F, 0x0F, 0x0F, 0x0F, 0x0F, 0x0F, 0x0F, 0x0F, 0x0F, 0x0F, 0x0F, 0x0F, 0x0F, 0x0F, 0x0F, 0x0F,
	0x0F, 0x0F, 0x0F, 0x0F, 0x0F, 0x0F, 0x0F, 0x0F, 0x0F, 0x0F, 0x0F, 0x0F, 0x0F, 0x00, 0x0F, 0x0F,
	0x0F, 0x0F, 0x0F, 0x0F, 0x0F, 0x0F, 0x0F, 0x0F, 0x0F, 0x0F, 0x0F, 0x0F, 0x0F, 0x0F, 0x0F, 0x0F,
	0x0F, 0x0F, 0x0F, 0x0F, 0x0F, 0x0F, 0x0F, 0x0F, 0x0F, 0x0F, 0x0F, 0x0F, 0x0F, 0x0F, 0x0F, 0x0F,
	0x0F, 0x0F, 0x0F, 0x0F, 0x0F, 0x0F, 0x0F, 0x0F, 0x0F, 0x0F, 0x0F, 0x0F, 0x0F, 0x0F, 0x0F, 0x0F,
	0x0F, 0x0F, 0x0F, 0x0F, 0x0F, 0x0F, 0x0F, 0x0F, 0x0F, 0x0F, 0x0F, 0x0F, 0x0F, 0x0F, 0x0F, 0x0F,
	0x0F, 0x0F, 0x0F, 0x0F, 0x0F, 0x0F, 0x0F, 0x0F, 0x0F, 0x0F, 0x0F, 0x0F, 0x0F, 0x0F, 0x0F, 0x0F,
	0x0F, 0x0F, 0x0F, 0x0F, 0x0F, 0x0F, 0x0F, 0x0F, 0x0F, 0x0F, 0x0F, 0x0F, 0x0F, 0x0F, 0x0F, 0x0F,
	0x0F, 0x0F, 0x0F, 0x0F, 0x0F, 0x0F, 0x0F, 0x0F, 0x0F, 0x0F, 0x0F, 0x0F, 0x03, 0x0F, 0x0F, 0x0F,
	0x0F, 0x0F, 0x0F, 0x0F, 0x0F, 0x0F, 0x0F, 0x0F, 0x0F, 0x0F, 0x0F, 0x0F, 0x0F, 0x0F, 0x0F, 0x0F,
	0x0F, 0x0F, 0x0F, 0x0F, 0x0F, 0x0F, 0x0F, 0x0F, 0x0F, 0x0F, 0x0F, 0x0F, 0x0F, 0x0F, 0x0F, 0x0F,
	0x0F, 0x0F, 0x0F, 0x0F, 0x0F, 0x0F, 0x0F, 0x0F, 0x0F, 0x0F, 0x0F, 0x0F, 0x0F, 0x0F, 0x0F, 0x0F,
	0x0F, 0x0F, 0x0F, 0x0F, 0x0F, 0x0F, 0x0F, 0x0F, 0x0F, 0x0F, 0x0F, 0x0F, 0x0F, 0x0F, 0x0F, 0x0F,
	0x0F, 0x0F, 0x0F, 0x0F, 0x0F, 0x0F, 0x0F, 0x0F, 0x0F, 0x0F, 0x0F, 0x0F, 0x0F, 0x0F, 0x0F, 0x0F,
	0x0F, 0x0F, 0x0F, 0x0F, 0x0F, 0x0F, 0x0F, 0x0F, 0x0F, 0x0F, 0x0F, 0x0F, 0x0F, 0x0F, 0x0F, 0x0F,
	0x0F, 0x0A, 0x0A, 0x0A, 0x0A, 0x0A, 0x0A, 0x0A, 0x0A, 0x0A, 0x0A, 0x0A, 0x0A, 0x0A, 0x0A, 0x0A,
	0x0A, 0x0A, 0x0A, 0x0A, 0x0A, 0x0A, 0x0F, 0x0F, 0x0F, 0x0F, 0x0F, 0x0F, 0x0F, 0x0F, 0x0F, 0x0F,
	0x0F, 0x0F, 0x0F, 0x0F, 0x0F, 0x0F, 0x0F, 0x0F, 0x0F, 0x0F, 0x0F, 0x0F, 0x0F, 0x0F, 0x0F, 0x0F,
	0x0F, 0x0F, 0x0F, 0x0F, 0x0F, 0x0F, 0x0F, 0x0F, 0x0F, 0x0F, 0x0F, 0x0F, 0x0F, 0x0F, 0x0F, 0x0F,
	0x0F, 0x0F, 0x0F, 0x0F, 0x0F, 0x0F, 0x0F, 0x0F, 0x0A, 0x0A, 0x0A, 0x0A, 0x0A, 0x0A, 0x0A, 0x0A,
	0x0A, 0x0A, 0x0A, 0x0A, 0x0A, 0x0A, 0x0A, 0x0A, 0x0A, 0x0A, 0x0A, 0x0A, 0x0A, 0x0A, 0x0A, 0x0A,
	0x0A, 0x0A, 0x0A, 0x0F, 0x0F, 0x0F, 0x0F, 0x0F, 0x0F, 0x0F, 0x0F, 0x0F, 0x0F, 0x0F, 0x0F, 0x0F,
	0x0F, 0x0F, 0x0F, 0x0F, 0x0F, 0x0F, 0x0F, 0x0F, 0x0F, 0x0F, 0x0F, 0x0F, 0x0F, 0x0F, 0x0F, 0x0F,
	0x0F, 0x0F, 0x0F, 0x0F, 0x0F, 0x0F, 0x0F, 0x0F, 0x0F, 0x0F, 0x0F, 0x0F, 0x0F, 0x0F, 0x0F, 0x0F,
	0x0F, 0x0F, 0x0F, 0x0F, 0x0F, 0x0F, 0x0F, 0x0F, 0x0F, 0x0F, 0x0F, 0x0F, 0x0F, 0x0F, 0x0F, 0x0F,
	0x0F, 0x0F, 0x0F, 0x0F, 0x0F, 0x0F, 0x0F, 0x0F, 0x0F, 0x0F, 0x0F, 0x0F, 0x0F, 0x0F, 0x0F, 0x0F,
	0x0F, 0x0F, 0x0F, 0x0F, 0x0F, 0x0F, 0x0F, 0x0F, 0x0F, 0x0F, 0x0F, 0x0F, 0x0F, 0x0F, 0x0F, 0x0F,
	0x0F, 0x0F, 0x0F, 0x0F, 0x0F, 0x0F, 0x0F, 0x0F, 0x0F, 0x0F, 0x0F, 0x0F, 0x0F, 0x0F, 0x0F, 0x0F,
	0x0F, 0x0F, 0x0F, 0x0F, 0x0F, 0x0F, 0x0F, 0x0F, 0x0F, 0x0F, 0x0F, 0x0F, 0x0F, 0x0F, 0x0F, 0x0F,
	0x0F, 0x0F, 0x0F, 0x0F, 0x0F, 0x0F, 0x0F, 0x0F, 0x0F, 0x0F, 0x0F, 0x0F, 0x0F, 0x0F, 0x0F, 0x0F,
	0x0F, 0x0F, 0x0F, 0x0F, 0x0F, 0x0F, 0x0F, 0x0F, 0x0F, 0x0F, 0x0F, 0x0F, 0x0F, 0x0F, 0x0F, 0x0F,
	0x0F, 0x0F, 0x0F, 0x0F, 0x0F, 0x0F, 0x0F, 0x0F, 0x0F, 0x0F, 0x0F, 0x0F, 0x0F, 0x0F, 0x0F, 0x0F,
	0x0F, 0x0F, 0x0F, 0x0F, 0x0F, 0x0F, 0x0F, 0x0F, 0x0F, 0x0F, 0x0F, 0x0F, 0x0F, 0x0F, 0x0F, 0x0F,
	0x0F, 0x0F, 0x0F, 0x0F, 0x0F, 0x0F, 0x0F, 0x0F, 0x0F, 0x0F, 0x0F, 0x0F, 0x0F, 0x0F, 0x0F, 0x0F,
	0x0F, 0x0F, 0x0F, 0x0F, 0x0F, 0x0F, 0x0F, 0x0F, 0x0F, 0x0F, 0x0F, 0x0F, 0x0F, 0x0F, 0x0F, 0x0F,
	0x0F, 0x0F, 0x0F, 0x0F, 0x0F, 0x0F, 0x0F, 0x0F, 0x0F, 0x0F, 0x0F, 0x0F, 0x0F, 0x0F, 0x0F, 0x0F,
	0x0F, 0x0F, 0x0F, 0x0F, 0x0F, 0x0F, 0x0F, 0x0F, 0x0F, 0x0F, 0x0F, 0x0F, 0x0F, 0x0F, 0x0F, 0x0F,
	0x0F, 0x0F, 0x0F, 0x0F, 0x0F, 0x0F, 0x0F, 0x0F, 0x0F, 0x0F, 0x0F, 0x0F, 0x0F, 0x0F, 0x0F, 0x0F,
	0x0F, 0x0F, 0x0F, 0x0F, 0x0F, 0x0F, 0x0F, 0x0F, 0x0F, 0x0F, 0x0F, 0x0F, 0x0F, 0x0F, 0x0F, 0x0F,
	0x0F, 0x0F, 0x0F, 0x0F, 0x0F, 0x0F, 0x0F, 0x0F, 0x0F, 0x0F, 0x0F, 0x0F, 0x0F, 0x0F, 0x0F, 0x0F,
	0x0F, 0x0F, 0x0F, 0x0F, 0x0F, 0x0F, 0x0F, 0x0F, 0x0F, 0x0F, 0x0F, 0x0F, 0x0F, 0x0F, 0x0F, 0x0F,
	0x0F, 0x0F, 0x0F, 0x0F, 0x0F, 0x0F, 0x0F, 0x0F, 0x0F, 0x0F, 0x0F, 0x0F, 0x0F, 0x0F, 0x0F, 0x0F,
	0x0F, 0x0F, 0x0F, 0x0F, 0x0F, 0x0F, 0x0F, 0x0F, 0x0F, 0x0F, 0x0F, 0x0F, 0x0F, 0x0F, 0x0F, 0x0F,
	0x0F, 0x0F, 0x0F, 0x0F, 0x0F, 0x0F, 0x0F, 0x0F, 0x0F, 0x0F, 0x0F, 0x0F, 0x0F, 0x0F, 0x0F, 0x0F,
	0x0F, 0x0F, 0x0F, 0x0F, 0x0F, 0x0F, 0x0F, 0x0F, 0x0F, 0x0F, 0x0F, 0x0F, 0x0F, 0x0F, 0x0F, 0x0F,
	0x0F, 0x0F, 0x0F, 0x0F, 0x0F, 0x0F, 0x0F, 0x0F, 0x0F, 0x0F, 0x0F, 0x0F, 0x0F, 0x0F, 0x0F, 0x0F,
	0x0F, 0x0F, 0x0F, 0x0F, 0x0F, 0x0F, 0x0F, 0x0F, 0x0F, 0x0F, 0x0F, 0x0F, 0x0F, 0x00, 0x00, 0x00,
	0x0F, 0x0F, 0x0F, 0x0F, 0x0F, 0x0F, 0x0F, 0x0F, 0x0F, 0x0F, 0x0F, 0x0F, 0x0F, 0x0F, 0x0F, 0x0F,
	0x0F, 0x0F, 0x0F, 0x0F, 0x0F, 0x0F, 0x0F, 0x0F, 0x0F, 0x0F, 0x0F, 0x0F, 0x0F, 0x0F, 0x0F, 0x0F,
	0x0F, 0x0F, 0x0F, 0x0F, 0x0F, 0x0F, 0x0F, 0x0F, 0x0F, 0x0F, 0x0F, 0x0F, 0x0F, 0x0F, 0x0F, 0x0F,
	0x0F, 0x0F, 0x0F, 0x0F, 0x0F, 0x0F, 0x0F, 0x0F, 0x0F, 0x0F, 0x0F, 0x0F, 0x0F, 0x0F, 0x0F, 0x0F,
	0x0F, 0x0F, 0x0F, 0x0F, 0x0F, 0x0F, 0x0F, 0x0F, 0x0F, 0x0F, 0x0F, 0x0F, 0x0F, 0x0F, 0x0F, 0x0F,
	0x0F, 0x0F, 0x0F, 0x0F, 0x0F, 0x0F, 0x0F, 0x0F, 0x0F, 0x0F, 0x0F, 0x0F, 0x0F, 0x0F, 0x0F, 0x0F,
	0x0F, 0x0F, 0x0F, 0x0F, 0x0F, 0x0F, 0x0F, 0x0F, 0x0F, 0x0F, 0x0F, 0x0F, 0x0F, 0x0F, 0x0F, 0x0F,
	0x0F, 0x0F, 0x0F, 0x0F, 0x0F, 0x0F, 0x0F, 0x0F, 0x0F, 0x0F, 0x0F, 0x0F, 0x0F, 0x0F, 0x0F, 0x0F,
	0x0F, 0x0F, 0x0F, 0x0F, 0x0F, 0x0F, 0x0F, 0x0F, 0x0F, 0x0F, 0x0F, 0x0F, 0x0F, 0x0F, 0x0F, 0x0F,
	0x0F, 0x0F, 0x0F, 0x0F, 0x0F, 0x0F, 0x0F, 0x0F, 0x0F, 0x0F, 0x0F, 0x0F, 0x0F, 0x0F, 0x0F, 0x0F,
	0x0F, 0x0F, 0x0F, 0x0F, 0x0F, 0x0F, 0x0F, 0x0F, 0x0F, 0x0F, 0x0F, 0x0F, 0x0F, 0x0F, 0x0F, 0x0F,
	0x0F, 0x0F, 0x0F, 0x0F, 0x00, 0x00, 0x0F, 0x0F, 0x0F, 0x0F, 0x0F, 0x0F, 0x0F, 0x0F, 0x0F, 0x0F,
	0x0F, 0x0F, 0x0F, 0x0F, 0x0F, 0x0F, 0x0F, 0x0F, 0x0F, 0x0F, 0x0F, 0x0F, 0x0F, 0x0F, 0x0F, 0x0F,
	0x0F, 0x0F, 0x0F, 0x0F, 0x00, 0x0F, 0x0F, 0x0F, 0x0F, 0x0F, 0x0F, 0x0F, 0x0F, 0x0F, 0x0F, 0x0F,
	0x0F, 0x0F, 0x0F, 0x0F, 0x0F, 0x0F, 0x0F, 0x0F, 0x0F, 0x0F, 0x0F, 0x0F, 0x0F, 0x0F, 0x0F, 0x0F,
	0x0F, 0x0F, 0x0F, 0x0F, 0x0F, 0x0F, 0x0F, 0x0F, 0x0F, 0x0F, 0x0F, 0x0F, 0x0F, 0x0F, 0x0F, 0x0F,
	0x0F, 0x0F, 0x0F, 0x0F, 0x0F, 0x0F, 0x0F, 0x0F, 0x0F, 0x0F, 0x0F, 0x0F, 0x0F, 0x0F, 0x0F, 0x0F,
	0x0F, 0x0F, 0x0F, 0x0F, 0x0F, 0x0F, 0x0F, 0x0F, 0x0F, 0x0F, 0x0F, 0x0F, 0x0F, 0x0F, 0x0F, 0x0F,
	0x0F, 0x0F, 0x0F, 0x0F, 0x0F, 0x0F, 0x0F, 0x0F, 0x0F, 0x0F, 0x0F, 0x0F, 0x0F, 0x0F, 0x0F, 0x0F,
	0x0F, 0x0F, 0x0F, 0x0F, 0x0F, 0x0F, 0x0F, 0x0F, 0x0F, 0x0F, 0x0F, 0x0F, 0x0F, 0x0F, 0x0F, 0x0F,
	0x0F, 0x0F, 0x0F, 0x0F, 0x0F, 0x0F, 0x0F, 0x0F, 0x0F, 0x0F, 0x0F, 0x0F, 0x0F, 0x0F, 0x0F, 0x0F,
	0x0F, 0x0F, 0x0F, 0x0F, 0x0F, 0x0F, 0x0F, 0x0F, 0x0F, 0x0F, 0x0F, 0x0F, 0x0F, 0x0F, 0x0F, 0x0F,
	0x0F, 0x0F, 0x0F, 0x0F, 0x0F, 0x0F, 0x0F, 0x0F, 0x0F, 0x0F, 0x0F, 0x0F, 0x0F, 0x0F, 0x0F, 0x0F,
	0x0F, 0x0F, 0x00, 0x0F, 0x0F, 0x0F, 0x0F, 0x0F, 0x0F, 0x0F, 0x0F, 0x0F, 0x0F, 0x00, 0x0F, 0x0F,
	0x0F, 0x0F, 0x0F, 0x0F, 0x0F, 0x0F, 0x0F, 0x0F, 0x0F, 0x0F, 0x0F, 0x0F, 0x0F, 0x0F, 0x0F, 0x0F,
	0x0F, 0x0F, 0x0F, 0x0F, 0x0F, 0x0F, 0x0F, 0x0F, 0x0F, 0x0F, 0x0F, 0x0F, 0x0F, 0x0F, 0x0F, 0x0F,
	0x0F, 0x0F, 0x0F, 0x0F, 0x0F, 0x0F, 0x0F, 0x0F, 0x0F, 0x0F, 0x0F, 0x0F, 0x0F, 0x0F, 0x0F, 0x0F,
	0x0F, 0x0F, 0x0F, 0x0F, 0x0F, 0x0F, 0x0F, 0x0F, 0x0F, 0x0F, 0x0F, 0x0F, 0x0F, 0x0F, 0x0F, 0x0F,
	0x0F, 0x0F, 0x0F, 0x0F, 0x0F, 0x0F, 0x0F, 0x0F, 0x0F, 0x0F, 0x0F, 0x0F, 0x0F, 0x0F, 0x0F, 0x0F,
	0x0F, 0x0F, 0x0F, 0x0F, 0x0F, 0x0F, 0x0F, 0x0F, 0x0F, 0x0F, 0x0F, 0x0F, 0x0F, 0x0F, 0x0F, 0x0F,
	0x0F, 0x0F, 0x0F, 0x0F, 0x0F, 0x0F, 0x0F, 0x0F, 0x0F, 0x0F, 0x0F, 0x0F, 0x0F, 0x0F, 0x0F, 0x0F,
	0x0F, 0x0F, 0x0F, 0x0F, 0x0F, 0x0F, 0x0F, 0x0F, 0x0F, 0x0F, 0x0F, 0x0F, 0x0F, 0x0F, 0x0F, 0x0F,
	0x0F, 0x0F, 0x0F, 0x0F, 0x0F, 0x0F, 0x0F, 0x0F, 0x0F, 0x0F, 0x0F, 0x0F, 0x0F, 0x0F, 0x0F, 0x0F,
	0x0F, 0x0F, 0x0F, 0x0F, 0x0F, 0x0F, 0x0F, 0x0F, 0x0F, 0x0F, 0x0F, 0x0F, 0x0F, 0x0F, 0x0F, 0x0F,
	0x0F, 0x0F, 0x0F, 0x0F, 0x0F, 0x0F, 0x0F, 0x0F, 0x0F, 0x0F, 0x0F, 0x0F, 0x0F, 0x0F, 0x0F, 0x0F,
	0x0F, 0x0F, 0x0F, 0x0F, 0x0F, 0x0F, 0x0F, 0x0F, 0x0F, 0x0F, 0x0F, 0x0F, 0x0F, 0x0F, 0x0F, 0x0F,
	0x0F, 0x0F, 0x0F, 0x0F, 0x0F, 0x0F, 0x0F, 0x0F, 0x0F, 0x00, 0x0F, 0x0F, 0x0F, 0x0F, 0x0F, 0x0F,
	0x0F, 0x0F, 0x0F, 0x0F, 0x0F, 0x0F, 0x0F, 0x0F, 0x0F, 0x0F, 0x0F, 0x0F, 0x0F, 0x0F, 0x0F, 0x0F,
	0x0F, 0x0F, 0x0F, 0x0F, 0x0F, 0x0F, 0x0F, 0x0F, 0x0F, 0x0F, 0x0F, 0x0F, 0x0F, 0x0F, 0x0F, 0x0F,
	0x0F, 0x0F, 0x0F, 0x0F, 0x0F, 0x0F, 0x0F, 0x0F, 0x0F, 0x0F, 0x0F, 0x0F, 0x0F, 0x0F, 0x0F, 0x0F,
	0x0F, 0x0F, 0x0F, 0x0F, 0x0F, 0x0F, 0x0F, 0x0F, 0x0F, 0x0F, 0x0F, 0x0F, 0x0F, 0x0F, 0x0F, 0x0F,
	0x0F, 0x0F, 0x0F, 0x0F, 0x0F, 0x0F, 0x0F, 0x0F, 0x0F, 0x0F, 0x0F, 0x0F, 0x0F, 0x0F, 0x0F, 0x0F,
	0x0F, 0x0F, 0x0F, 0x0F, 0x0F, 0x0F, 0x0F, 0x0F, 0x0F, 0x0F, 0x0F, 0x0F, 0x0F, 0x0F, 0x0F, 0x0F,
	0x0F, 0x0F, 0x0F, 0x0F, 0x0F, 0x0F, 0x0F, 0x0F, 0x0F, 0x0F, 0x0F, 0x0F, 0x0F, 0x0F, 0x0F, 0x0F,
	0x0F, 0x0F, 0x0F, 0x0F, 0x0F, 0x0F, 0x0F, 0x0F, 0x0F, 0x0F, 0x0F, 0x0F, 0x0F, 0x0F, 0x0F, 0x0F,
	0x0F, 0x0F, 0x0F, 0x0F, 0x0F, 0x0F, 0x0F, 0x0F, 0x0F, 0x00, 0x00, 0x00, 0x0F, 0x0F, 0x0F, 0x0F,
	0x0F, 0x0F, 0x0F, 0x0F, 0x0F, 0x0F, 0x0F, 0x0F, 0x0F, 0x0F, 0x0F, 0x0F, 0x0F, 0x0F, 0x0F, 0x0F,
	0x0F, 0x0F, 0x0F, 0x0F, 0x0F, 0x0F, 0x0F, 0x0F, 0x0F, 0x0F, 0x0F, 0x0F, 0x0F, 0x0F, 0x0F, 0x0F,
	0x0F, 0x0F, 0x0F, 0x0F, 0x0F, 0x0F, 0x0F, 0x0F, 0x0F, 0x0F, 0x0F, 0x0F, 0x0F, 0x0F, 0x0F, 0x0F,
	0x0F, 0x0F, 0x0F, 0x0F, 0x0F, 0x0F, 0x0F, 0x0F, 0x0F, 0x0F, 0x0F, 0x0F, 0x0F, 0x0F, 0x0F, 0x0F,
	0x0F, 0x0F, 0x0F, 0x0F, 0x0F, 0x0F, 0x0F, 0x0F, 0x0F, 0x0F, 0x0F, 0x0F, 0x0F, 0x0F, 0x0F, 0x0F,
	0x0F, 0x0F, 0x0F, 0x0F, 0x0F, 0x0F, 0x0F, 0x0F, 0x0F, 0x0F, 0x0F, 0x0F, 0x0F, 0x0F, 0x0F, 0x0F,
	0x0F, 0x0F, 0x0F, 0x0F, 0x0F, 0x0F, 0x0F, 0x0F, 0x0F, 0x0F, 0x0F, 0x0F, 0x0F, 0x0F, 0x0F, 0x0F,
	0x0F, 0x0F, 0x0F, 0x0F, 0x0F, 0x0F, 0x0F, 0x0F, 0x0F, 0x0F, 0x0F, 0x0F, 0x0F, 0x0F, 0x0F, 0x0F,
	0x0F, 0x0F, 0x0F, 0x0F, 0x0F, 0x0F, 0x0F, 0x0F, 0x0F, 0x0F, 0x0F, 0x0F, 0x0F, 0x0F, 0x0F, 0x0F,
	0x0F, 0x0F, 0x0F, 0x0F, 0x0F, 0x0F, 0x0F, 0x0F, 0x0F, 0x0F, 0x0F, 0x0F, 0x0F, 0x0F, 0x0F, 0x0F,
	0x0F, 0x0F, 0x0F, 0x0F, 0x0F, 0x0F, 0x0F, 0x0F, 0x0F, 0x0F, 0x0F, 0x0F, 0x0F, 0x0F, 0x0F, 0x0F,
	0x0F, 0x0F, 0x0F, 0x0F, 0x0F, 0x0F, 0x0F, 0x0F, 0x0F, 0x0F, 0x0F, 0x0F, 0x0F, 0x0F, 0x0F, 0x0F,
	0x0F, 0x0F, 0x0F, 0x0F, 0x0F, 0x0F, 0x0F, 0x0F, 0x0F, 0x0F, 0x0F, 0x0F, 0x0F, 0x0F, 0x0F, 0x0F,
	0x0F, 0x0F, 0x0F, 0x0F, 0x0F, 0x0F, 0x0F, 0x00, 0x00, 0x0F, 0x0F, 0x0F, 0x0F, 0x0F, 0x0F, 0x0F,
	0x0F, 0x0F, 0x0F, 0x0F, 0x0F, 0x0F, 0x0F, 0x0F, 0x0F, 0x0F, 0x0F, 0x0F, 0x0F, 0x0F, 0x0F, 0x0F,
	0x0F, 0x0F, 0x0F, 0x0F, 0x0F, 0x0F, 0x0F, 0x0F, 0x0F, 0x0F, 0x0F, 0x0F, 0x0F, 0x0F, 0x0F, 0x0F,
	0x0F, 0x0F, 0x0F, 0x0F, 0x0F, 0x0F, 0x0F, 0x0F, 0x0F, 0x0F, 0x0F, 0x0F, 0x0F, 0x0F, 0x0F, 0x0F,
	0x0F, 0x0F, 0x0F, 0x0F, 0x0F, 0x0F, 0x0F, 0x0F, 0x0F, 0x0F, 0x0F, 0x0F, 0x0F, 0x0F, 0x0F, 0x0F,
	0x00, 0x0F, 0x0F, 0x0F, 0x0F, 0x0F, 0x0F, 0x0F, 0x0F, 0x0F, 0x0F, 0x0F, 0x0F, 0x0F, 0x0F, 0x0F,
	0x0F, 0x0F, 0x0F, 0x0F, 0x0F, 0x00, 0x00, 0x00, 0x00, 0x00, 0x00, 0x00, 0x00, 0x0F, 0x0F, 0x00,
	0x0F, 0x0F, 0x0F, 0x0F, 0x0F, 0x0F, 0x0F, 0x0F, 0x0F, 0x0F, 0x0F, 0x0F, 0x0F, 0x0F, 0x0F, 0x0F,
	0x0F, 0x0F, 0x0F, 0x0F, 0x0F, 0x0F, 0x0F, 0x0F, 0x0F, 0x0F, 0x0F, 0x0F, 0x0F, 0x0F, 0x0F, 0x0F,
	0x0F, 0x0F, 0x0F, 0x0F, 0x0F, 0x0F, 0x0F, 0x0F, 0x0F, 0x0F, 0x0F, 0x0F, 0x0F, 0x0F, 0x0F, 0x0F,
	0x00, 0x00, 0x00, 0x00, 0x00, 0x00, 0x00, 0x00, 0x00, 0x00, 0x00, 0x00, 0x00, 0x00, 0x0F, 0x00,
	0x00, 0x00, 0x00, 0x00, 0x00, 0x00, 0x00, 0x00, 0x00, 0x00, 0x00, 0x00, 0x00, 0x00, 0x00, 0x00,
	0x00, 0x00, 0x00, 0x00, 0x00, 0x00, 0x00, 0x00, 0x00, 0x00, 0x00, 0x00, 0x00, 0x00, 0x00, 0x00,
	0x00, 0x00, 0x00, 0x00, 0x00, 0x00, 0x00, 0x00, 0x00, 0x00, 0x00, 0x00, 0x00, 0x00, 0x00, 0x00,
	0x00, 0x0F, 0x0F, 0x0F, 0x0F, 0x0F, 0x0F, 0x0F, 0x0F, 0x0F, 0x0F, 0x0F, 0x0F, 0x0F, 0x0F, 0x0F,
	0x0F, 0x0F, 0x0F, 0x0F, 0x0F, 0x0F, 0x05, 0x0F, 0x05, 0x0F, 0x05, 0x0F, 0x05, 0x0F, 0x05, 0x0F,
	0x0F, 0x0F, 0x05, 0x0F, 0x0F, 0x0F, 0x0F, 0x0F, 0x0F, 0x0F, 0x0F, 0x0F, 0x0F, 0x0F, 0x0F, 0x0F,
	0x0F, 0x0F, 0x0F, 0x0F, 0x0F, 0x0F, 0x0F, 0x0F, 0x0F, 0x0F, 0x0F, 0x0F, 0x0F, 0x0F, 0x0F, 0x0F,
	0x0F, 0x0F, 0x0F, 0x0F, 0x00, 0x0A, 0x0F, 0x0F, 0x0F, 0x0F, 0x0F, 0x05, 0x0F, 0x05, 0x0F, 0x0F,
	0x05, 0x05, 0x0F, 0x05, 0x00, 0x0F, 0x0F, 0x0F, 0x0F, 0x0F, 0x0F, 0x0F, 0x0F, 0x0F, 0x0F, 0x0F,
	0x0F, 0x0F, 0x0F, 0x0F, 0x0F, 0x0F, 0x0F, 0x0F, 0x0F, 0x0F, 0x0F, 0x0F, 0x0F, 0x0F, 0x0F, 0x0F,
	0x0F, 0x0F, 0x0F, 0x0F, 0x0F, 0x0F, 0x0F, 0x0F, 0x0F, 0x0F, 0x0F, 0x00, 0x00, 0x00, 0x00, 0x00,
	0x00, 0x00, 0x00, 0x00, 0x0F, 0x0F, 0x0F, 0x0F, 0x0F, 0x0F, 0x0F, 0x0F, 0x0F, 0x0F, 0x0F, 0x0F,
	0x0F, 0x0F, 0x0F, 0x0F, 0x0F, 0x0F, 0x0F, 0x0F, 0x0F, 0x0F, 0x0F, 0x0F, 0x0F, 0x0F, 0x0F, 0x0F,
	0x0F, 0x0F, 0x0F, 0x0F, 0x0F, 0x0F, 0x0F, 0x0F, 0x0F, 0x0F, 0x0F, 0x0F, 0x0F, 0x0F, 0x0F, 0x0F,
	0x0F, 0x0F, 0x0F, 0x0F, 0x0F, 0x0F, 0x0F, 0x0F, 0x0F, 0x0F, 0x00, 0x00, 0x0F, 0x0F, 0x0F, 0x0F,
	0x0F, 0x0F, 0x0F, 0x0F, 0x0F, 0x0F, 0x0F, 0x0F, 0x0F, 0x0F, 0x0F, 0x0F, 0x0F, 0x0F, 0x0F, 0x0F,
	0x0F, 0x0F, 0x0F, 0x0F, 0x0F, 0x0F, 0x0F, 0x0F, 0x0F, 0x0F, 0x0F, 0x0F, 0x0F, 0x0F, 0x0F, 0x0F,
	0x0F, 0x0F, 0x0F, 0x0F, 0x0F, 0x0F, 0x0F, 0x0F, 0x0F, 0x0F, 0x0F, 0x0F, 0x0F, 0x0F, 0x0F, 0x0F,
	0x0F, 0x0F, 0x0F, 0x0F, 0x0F, 0x0F, 0x00, 0x0F, 0x0F, 0x0F, 0x0F, 0x0F, 0x0F, 0x0F, 0x0F, 0x0F,
	0x0F, 0x0F, 0x00, 0x00, 0x0F, 0x0F, 0x0F, 0x0F, 0x0F, 0x0F, 0x0F, 0x0F, 0x0F, 0x0F, 0x0F, 0x0F,
	0x0F, 0x0F, 0x0F, 0x0F, 0x0F, 0x0F, 0x0F, 0x0F, 0x0F, 0x0F, 0x0F, 0x0F, 0x0F, 0x0F, 0x0F, 0x0F,
	0x0F, 0x0F, 0x0F, 0x0F, 0x0F, 0x0F, 0x0F, 0x0F, 0x0F, 0x0F, 0x0F, 0x0F, 0x0F, 0x0F, 0x0F, 0x0F,
	0x0F, 0x0F, 0x0F, 0x0F, 0x0F, 0x0F, 0x0F, 0x0F, 0x0F, 0x0F, 0x0F, 0x0F, 0x0F, 0x0F, 0x0F, 0x0F,
	0x0F, 0x0F, 0x0F, 0x0F, 0x0F, 0x0F, 0x0F, 0x00, 0x0F, 0x0F, 0x0F, 0x0F, 0x0F, 0x0F, 0x0F, 0x0F,
	0x0F, 0x0F, 0x0F, 0x0F, 0x0F, 0x0F, 0x0F, 0x0F, 0x0F, 0x0F, 0x0F, 0x0F, 0x0F, 0x0F, 0x0F, 0x0F,
	0x0F, 0x0F, 0x0F, 0x0F, 0x0F, 0x0F, 0x0F, 0x0F, 0x0F, 0x0F, 0x0F, 0x0F, 0x0F, 0x0F, 0x0F, 0x0F,
	0x0F, 0x0F, 0x0F, 0x0F, 0x0F, 0x0F, 0x0F, 0x0F, 0x0F, 0x0F, 0x0F, 0x0F, 0x0F, 0x0F, 0x0F, 0x0F,
	0x0F, 0x0F, 0x0F, 0x0F, 0x0F, 0x0F, 0x0F, 0x0F, 0x0F, 0x0F, 0x0F, 0x0F, 0x0F, 0x0F, 0x0F, 0x0F,
	0x0F, 0x0F, 0x0F, 0x0F, 0x0F, 0x0F, 0x0F, 0x0F, 0x0F, 0x0F, 0x0F, 0x0F, 0x0F, 0x0F, 0x0F, 0x0F,
	0x0F, 0x0F, 0x0F, 0x0F, 0x0F, 0x0F, 0x0F, 0x0F, 0x0F, 0x0F, 0x0F, 0x0F, 0x0F, 0x0F, 0x0F, 0x0F,
	0x0F, 0x0F, 0x0F, 0x0F, 0x0F, 0x0F, 0x0F, 0x0F, 0x0F, 0x0F, 0x0F, 0x0F, 0x0F, 0x0F, 0x0F, 0x0F,
	0x0F, 0x0F, 0x0F, 0x0F, 0x0F, 0x0F, 0x0F, 0x0F, 0x0F, 0x0F, 0x0F, 0x0F, 0x0F, 0x0F, 0x0F, 0x0F,
	0x0F, 0x0F, 0x0F, 0x0F, 0x0F, 0x0F, 0x0F, 0x0F, 0x0F, 0x0F, 0x0F, 0x0F, 0x0F, 0x0F, 0x0F, 0x0F,
	0x00, 0x00, 0x00, 0x0F, 0x00, 0x00, 0x00, 0x00, 0x00, 0x00, 0x00, 0x00, 0x00, 0x00, 0x00, 0x00,
	0x00, 0x0F, 0x00, 0x00, 0x00, 0x00, 0x00, 0x00, 0x00, 0x0F, 0x0F, 0x0F, 0x0F, 0x00, 0x0F, 0x0F,
	0x0F, 0x0F, 0x0F, 0x0F, 0x00, 0x0F, 0x0F, 0x0F, 0x00, 0x00, 0x0F, 0x0F, 0x0F, 0x0F, 0x0F, 0x0F,
	0x0F, 0x0F, 0x0F, 0x0F, 0x0F, 0x0F, 0x0F, 0x0F, 0x0F, 0x0F, 0x0F, 0x0F, 0x0F, 0x0F, 0x0F, 0x0F,
	0x0F, 0x0F, 0x0F, 0x0F, 0x0F, 0x0F, 0x0F, 0x0F, 0x0F, 0x0F, 0x0F, 0x0F, 0x0F, 0x0F, 0x0F, 0x0F,
	0x0F, 0x0F, 0x0F, 0x0F, 0x0F, 0x0F, 0x0F, 0x0F, 0x0F, 0x0F, 0x0F, 0x0F, 0x03, 0x03, 0x03, 0x0F,
	0x03, 0x03, 0x03, 0x03, 0x03, 0x03, 0x03, 0x03, 0x03, 0x03, 0x03, 0x0F, 0x03, 0x03, 0x03, 0x03,
	0x03, 0x03, 0x03, 0x03, 0x03, 0x03, 0x03, 0x03, 0x03, 0x03, 0x03, 0x03, 0x03, 0x03, 0x0F, 0x03,
	0x03, 0x03, 0x03, 0x03, 0x03, 0x03, 0x03, 0x03, 0x03, 0x03, 0x03, 0x03, 0x03, 0x03, 0x03, 0x03,
	0x03, 0x03, 0x03, 0x03, 0x03, 0x03, 0x03, 0x03, 0x03, 0x03, 0x03, 0x0F, 0x0F, 0x0F, 0x0F, 0x0F,
	0x0F, 0x0F, 0x0F, 0x0F, 0x0F, 0x0F, 0x0F, 0x0F, 0x03, 0x0F, 0x0F, 0x0F, 0x0F, 0x0F, 0x0F, 0x0F,
	0x0F, 0x0F, 0x0F, 0x0F, 0x0F, 0x0F, 0x0F, 0x0F, 0x0F, 0x0F, 0x0F, 0x0F, 0x0F, 0x0F, 0x0F, 0x0F,
	0x0F, 0x0F, 0x0F, 0x0F, 0x0F, 0x0F, 0x0F, 0x0F, 0x0F, 0x0F, 0x0F, 0x03, 0x03, 0x03, 0x03, 0x03,
	0x03, 0x03, 0x03, 0x03, 0x03, 0x03, 0x03, 0x03, 0x03, 0x03, 0x03, 0x03, 0x03, 0x03, 0x03, 0x03,
	0x03, 0x03, 0x03, 0x03, 0x03, 0x03, 0x03, 0x03, 0x03, 0x03, 0x03, 0x03, 0x03, 0x03, 0x03, 0x03,
	0x00, 0x00, 0x00, 0x00, 0x00, 0x00, 0x00, 0x00, 0x00, 0x00, 0x00, 0x00, 0x00, 0x00, 0x00, 0x00,
	0x00, 0x00, 0x00, 0x00, 0x00, 0x00, 0x00, 0x00, 0x00, 0x00, 0x00, 0x00, 0x00, 0x00, 0x00, 0x00,
	0x00, 0x00, 0x00, 0x00, 0x00, 0x00, 0x00, 0x00, 0x00, 0x00, 0x00, 0x00, 0x00, 0x00, 0x00, 0x00,
	0x00, 0x00, 0x00, 0x00, 0x00, 0x00, 0x00, 0x00, 0x00, 0x00, 0x00, 0x00, 0x00, 0x00, 0x00, 0x00,
	0x05, 0x05, 0x05, 0x05, 0x05, 0x05, 0x05, 0x05, 0x05, 0x05, 0x05, 0x05, 0x05, 0x05, 0x05, 0x05,
	0x05, 0x05, 0x05, 0x05, 0x05, 0x05, 0x05, 0x05, 0x05, 0x05, 0x05, 0x05, 0x05, 0x05, 0x05, 0x05,
	0x05, 0x05, 0x05, 0x05, 0x05, 0x05, 0x05, 0x05, 0x05, 0x05, 0x05, 0x05, 0x05, 0x05, 0x05, 0x05,
	0x05, 0x05, 0x05, 0x05, 0x05, 0x05, 0x05, 0x05, 0x05, 0x05, 0x05, 0x05, 0x05, 0x05, 0x05, 0x05,
	0x05, 0x05, 0x05, 0x05, 0x05, 0x05, 0x05, 0x05, 0x05, 0x05, 0x05, 0x05, 0x05, 0x05, 0x05, 0x05,
	0x05, 0x05, 0x05, 0x05, 0x05, 0x05, 0x05, 0x05, 0x05, 0x05, 0x05, 0x05, 0x05, 0x05, 0x05, 0x05,
	0x05, 0x05, 0x05, 0x05, 0x05, 0x05, 0x05, 0x05, 0x05, 0x05, 0x05, 0x05, 0x05, 0x05, 0x05, 0x05,
	0x05, 0x05, 0x05, 0x05, 0x05, 0x05, 0x05, 0x05, 0x05, 0x05, 0x05, 0x05, 0x05, 0x05, 0x05, 0x05,
	0x05, 0x05, 0x05, 0x05, 0x05, 0x05, 0x05, 0x05, 0x05, 0x05, 0x05, 0x05, 0x05, 0x05, 0x05, 0x05,
	0x05, 0x05, 0x05, 0x05, 0x05, 0x05, 0x05, 0x05, 0x05, 0x05, 0x03, 0x01, 0x0F, 0x0F, 0x0F, 0x0F,
	0x05, 0x05, 0x05, 0x05, 0x05, 0x05, 0x05, 0x05, 0x05, 0x05, 0x05, 0x05, 0x05, 0x05, 0x05, 0x05,
	0x05, 0x05, 0x05, 0x05, 0x05, 0x05, 0x05, 0x05, 0x05, 0x05, 0x05, 0x05, 0x05, 0x05, 0x05, 0x05,
	0x05, 0x05, 0x05, 0x05, 0x05, 0x05, 0x05, 0x05, 0x05, 0x05, 0x05, 0x05, 0x05, 0x05, 0x05, 0x05,
	0x05, 0x05, 0x05, 0x05, 0x05, 0x05, 0x05, 0x05, 0x05, 0x05, 0x05, 0x05, 0x05, 0x05, 0x05, 0x05,
	0x05, 0x05, 0x05, 0x05, 0x05, 0x05, 0x05, 0x05, 0x05, 0x05, 0x05, 0x05, 0x05, 0x05, 0x05, 0x05,
	0x05, 0x05, 0x05, 0x05, 0x05, 0x05, 0x05, 0x05, 0x05, 0x05, 0x0F, 0x0F, 0x0F, 0x0F, 0x0F, 0x0F,
	0x05, 0x05, 0x05, 0x05, 0x05, 0x05, 0x05, 0x05, 0x05, 0x05, 0x05, 0x05, 0x05, 0x05, 0x05, 0x05,
	0x05, 0x05, 0x05, 0x05, 0x05, 0x05, 0x0F, 0x0F, 0x05, 0x05, 0x05, 0x05, 0x05, 0x05, 0x0F, 0x0F,
	0x05, 0x05, 0x05, 0x05, 0x05, 0x05, 0x05, 0x05, 0x05, 0x05, 0x05, 0x05, 0x05, 0x05, 0x05, 0x05,
	0x05, 0x05, 0x05, 0x05, 0x05, 0x05, 0x05, 0x05, 0x05, 0x05, 0x05, 0x05, 0x05, 0x05, 0x05, 0x05,
	0x05, 0x05, 0x05, 0x05, 0x05, 0x05, 0x0F, 0x0F, 0x05, 0x05, 0x05, 0x05, 0x05, 0x05, 0x0F, 0x0F,
	0x05, 0x05, 0x05, 0x05, 0x05, 0x05, 0x05, 0x05, 0x0F, 0x05, 0x0F, 0x05, 0x0F, 0x05, 0x0F, 0x05,
	0x05, 0x05, 0x05, 0x05, 0x05, 0x05, 0x05, 0x05, 0x05, 0x05, 0x05, 0x05, 0x05, 0x05, 0x05, 0x05,
	0x05, 0x00, 0x05, 0x00, 0x05, 0x00, 0x05, 0x00, 0x05, 0x00, 0x05, 0x00, 0x05, 0x00, 0x0F, 0x0F,
	0x05, 0x05, 0x05, 0x05, 0x05, 0x05, 0x05, 0x05, 0x05, 0x05, 0x05, 0x05, 0x05, 0x05, 0x05, 0x05,
	0x05, 0x05, 0x05, 0x05, 0x05, 0x05, 0x05, 0x05, 0x05, 0x05, 0x05, 0x05, 0x05, 0x05, 0x05, 0x05,
	0x05, 0x05, 0x05, 0x05, 0x05, 0x05, 0x05, 0x05, 0x05, 0x05, 0x05, 0x05, 0x05, 0x05, 0x05, 0x05,
	0x05, 0x05, 0x05, 0x05, 0x05, 0x0F, 0x05, 0x05, 0x05, 0x05, 0x05, 0x00, 0x05, 0x03, 0x00, 0x03,
	0x03, 0x01, 0x05, 0x05, 0x05, 0x0F, 0x05, 0x05, 0x05, 0x00, 0x05, 0x00, 0x05, 0x01, 0x01, 0x01,
	0x05, 0x05, 0x05, 0x00, 0x0F, 0x0F, 0x05, 0x05, 0x05, 0x05, 0x05, 0x00, 0x0F, 0x01, 0x01, 0x01,
	0x05, 0x05, 0x05, 0x00, 0x05, 0x05, 0x05, 0x05, 0x05, 0x05, 0x05, 0x00, 0x05, 0x01, 0x00, 0x00,
	0x0F, 0x0F, 0x05, 0x05, 0x05, 0x0F, 0x05, 0x05, 0x05, 0x00, 0x05, 0x00, 0x05, 0x00, 0x03, 0x0F,
	0x00, 0x00, 0x03, 0x03, 0x03, 0x03, 0x03, 0x03, 0x03, 0x03, 0x03, 0x0F, 0x0F, 0x0F, 0x0F, 0x0F,
	0x0F, 0x03, 0x0F, 0x0F, 0x0F, 0x0F, 0x0F, 0x03, 0x0F, 0x0F, 0x0F, 0x0F, 0x0F, 0x0F, 0x0F, 0x0F,
	0x0F, 0x0F, 0x0F, 0x0F, 0x03, 0x03, 0x03, 0x0F, 0x0F, 0x0F, 0x0F, 0x0F, 0x0F, 0x0F, 0x0F, 0x03,
	0x0F, 0x0F, 0x0F, 0x03, 0x03, 0x0F, 0x03, 0x03, 0x0F, 0x0F, 0x0F, 0x0F, 0x03, 0x0F, 0x03, 0x0F,
	0x0F, 0x0F, 0x0F, 0x0F, 0x0F, 0x0F, 0x0F, 0x03, 0x03, 0x03, 0x0F, 0x0F, 0x0F, 0x0F, 0x0F, 0x0F,
	0x0F, 0x0F, 0x0F, 0x0F, 0x0F, 0x0F, 0x0F, 0x03, 0x0F, 0x0F, 0x0F, 0x0F, 0x0F, 0x0F, 0x0F, 0x03,
	0x0F, 0x0F, 0x0F, 0x0F, 0x0F, 0x0F, 0x0F, 0x0F, 0x0F, 0x0F, 0x0F, 0x0F, 0x0F, 0x0F, 0x0F, 0x0F,
	0x03, 0x03, 0x0F, 0x0F, 0x03, 0x03, 0x03, 0x03, 0x03, 0x03, 0x03, 0x03, 0x03, 0x03, 0x03, 0x03,
	0x03, 0x03, 0x03, 0x03, 0x03, 0x03, 0x03, 0x03, 0x03, 0x03, 0x03, 0x03, 0x03, 0x03, 0x03, 0x0F,
	0x03, 0x03, 0x03, 0x03, 0x03, 0x03, 0x03, 0x03, 0x03, 0x03, 0x03, 0x03, 0x03, 0x03, 0x03, 0x03,
	0x0F, 0x0F, 0x0F, 0x0F, 0x0F, 0x0F, 0x0F, 0x0F, 0x03, 0x0F, 0x0F, 0x0F, 0x0F, 0x0F, 0x0F, 0x0F,
	0x0F, 0x0F, 0x0F, 0x0F, 0x0F, 0x0F, 0x0F, 0x0F, 0x0F, 0x0F, 0x0F, 0x0F, 0x0F, 0x0F, 0x0F, 0x0F,
	0x0F, 0x0F, 0x0F, 0x0F, 0x0F, 0x0F, 0x0F, 0x0F, 0x0F, 0x0F, 0x0F, 0x0F, 0x0F, 0x0F, 0x0F, 0x0F,
	0x00, 0x00, 0x00, 0x00, 0x00, 0x00, 0x00, 0x00, 0x00, 0x00, 0x00, 0x00, 0x00, 0x0F, 0x0F, 0x0F,
	0x0F, 0x00, 0x0F, 0x0F, 0x0F, 0x00, 0x00, 0x00, 0x00, 0x00, 0x00, 0x00, 0x00, 0x00, 0x00, 0x00,
	0x00, 0x0F, 0x0F, 0x0F, 0x0F, 0x0F, 0x0F, 0x0F, 0x0F, 0x0F, 0x0F, 0x0F, 0x0F, 0x0F, 0x0F, 0x0F,
	0x03, 0x03, 0x03, 0x03, 0x0F, 0x03, 0x03, 0x03, 0x0F, 0x03, 0x03, 0x03, 0x03, 0x03, 0x03, 0x03,
	0x03, 0x03, 0x03, 0x03, 0x0F, 0x03, 0x03, 0x0F, 0x0F, 0x03, 0x03, 0x03, 0x03, 0x03, 0x0F, 0x0F,
	0x03, 0x03, 0x03, 0x0F, 0x03, 0x0F, 0x00, 0x0F, 0x03, 0x0F, 0x00, 0x00, 0x03, 0x03, 0x0F, 0x03,
	0x03, 0x03, 0x0F, 0x03, 0x03, 0x03, 0x03, 0x03, 0x03, 0x03, 0x0F, 0x03, 0x03, 0x03, 0x03, 0x03,
	0x03, 0x0F, 0x0F, 0x0F, 0x0F, 0x03, 0x03, 0x03, 0x03, 0x03, 0x0F, 0x0F, 0x0F, 0x0F, 0x0F, 0x0F,
	0x03, 0x03, 0x03, 0x03, 0x03, 0x03, 0x03, 0x03, 0x03, 0x03, 0x03, 0x03, 0x03, 0x03, 0x03, 0x03,
	0x03, 0x03, 0x03, 0x03, 0x03, 0x03, 0x03, 0x03, 0x03, 0x03, 0x03, 0x03, 0x03, 0x03, 0x03, 0x03,
	0x03, 0x03, 0x03, 0x03, 0x03, 0x03, 0x03, 0x03, 0x03, 0x03, 0x03, 0x03, 0x03, 0x03, 0x03, 0x03,
	0x0F, 0x0F, 0x0F, 0x0F, 0x0F, 0x0F, 0x0F, 0x0F, 0x0F, 0x03, 0x0F, 0x0F, 0x0F, 0x0F, 0x0F, 0x0F,
	0x0F, 0x0F, 0x0F, 0x0F, 0x0F, 0x0F, 0x0F, 0x0F, 0x0F, 0x0F, 0x05, 0x05, 0x0F, 0x0F, 0x0F, 0x0F,
	0x0F, 0x0F, 0x0F, 0x0F, 0x0F, 0x0F, 0x0F, 0x0F, 0x0F, 0x0F, 0x0F, 0x0F, 0x0F, 0x0F, 0x05, 0x0F,
	0x0F, 0x0F, 0x0F, 0x0F, 0x0F, 0x0F, 0x0F, 0x0F, 0x0F, 0x0F, 0x0F, 0x0F, 0x0F, 0x0F, 0x0F, 0x0F,
	0x0F, 0x0F, 0x0F, 0x0F, 0x0F, 0x0F, 0x0F, 0x0F, 0x0F, 0x0F, 0x0F, 0x0F, 0x0F, 0x05, 0x05, 0x05,
	0x0F, 0x0F, 0x0F, 0x0F, 0x0F, 0x0F, 0x0F, 0x0F, 0x0F, 0x0F, 0x0F, 0x0F, 0x0F, 0x0F, 0x0F, 0x0F,
	0x0F, 0x0F, 0x0F, 0x0F, 0x0F, 0x0F, 0x0F, 0x0F, 0x0F, 0x0F, 0x0F, 0x0F, 0x0F, 0x0F, 0x0F, 0x0F,
	0x0F, 0x0F, 0x0F, 0x0F, 0x0F, 0x0F, 0x0F, 0x0F, 0x0F, 0x0F, 0x0F, 0x0F, 0x0F, 0x0F, 0x0F, 0x0F,
	0x0F, 0x0F, 0x0F, 0x0F, 0x05, 0x0F, 0x0F, 0x0F, 0x0F, 0x05, 0x0F, 0x0F, 0x05, 0x0F, 0x0F, 0x0F,
	0x0F, 0x0F, 0x0F, 0x0F, 0x0F, 0x0F, 0x0F, 0x0F, 0x0F, 0x0F, 0x0F, 0x0F, 0x0F, 0x0F, 0x0F, 0x0F,
	0x0F, 0x0F, 0x0F, 0x0F, 0x05, 0x0F, 0x05, 0x0F, 0x0F, 0x0F, 0x0F, 0x0F, 0x03, 0x03, 0x0F, 0x03,
	0x03, 0x0F, 0x0F, 0x0F, 0x0F, 0x0F, 0x0F, 0x0F, 0x0F, 0x0F, 0x0F, 0x0F, 0x0F, 0x0F, 0x0F, 0x0F,
	0x0F, 0x05, 0x0F, 0x0F, 0x05, 0x0F, 0x0F, 0x05, 0x0F, 0x05, 0x0F, 0x0F, 0x0F, 0x0F, 0x0F, 0x0F,
	0x0F, 0x0F, 0x0F, 0x0F, 0x0F, 0x0F, 0x0F, 0x0F, 0x0F, 0x0F, 0x0F, 0x0F, 0x0F, 0x0F, 0x0F, 0x0F,
	0x05, 0x0F, 0x05, 0x0F, 0x0F, 0x0F, 0x0F, 0x0F, 0x0F, 0x0F, 0x0F, 0x0F, 0x0F, 0x05, 0x05, 0x05,
	0x05, 0x05, 0x0F, 0x0F, 0x05, 0x05, 0x0F, 0x0F, 0x05, 0x05, 0x0F, 0x0F, 0x0F, 0x0F, 0x0F, 0x0F,
	0x05, 0x05, 0x0F, 0x0F, 0x05, 0x05, 0x0F, 0x0F, 0x05, 0x05, 0x0F, 0x0F, 0x0F, 0x0F, 0x0F, 0x0F,
	0x0F, 0x0F, 0x0F, 0x0F, 0x0F, 0x0F, 0x0F, 0x0F, 0x0F, 0x0F, 0x0F, 0x0F, 0x0F, 0x0F, 0x0F, 0x0F,
	0x0F, 0x0F, 0x0F, 0x0F, 0x0F, 0x0F, 0x0F, 0x0F, 0x0F, 0x0F, 0x0F, 0x0F, 0x05, 0x05, 0x05, 0x05,
	0x0F, 0x0F, 0x0F, 0x0F, 0x0F, 0x0F, 0x0F, 0x0F, 0x0F, 0x0F, 0x0F, 0x0F, 0x0F, 0x0F, 0x0F, 0x0F,
	0x0F, 0x0F, 0x0F, 0x0F, 0x0F, 0x0F, 0x0F, 0x0F, 0x0F, 0x0F, 0x0F, 0x0F, 0x0F, 0x0F, 0x0F, 0x0F,
	0x0F, 0x0F, 0x0F, 0x0F, 0x0F, 0x0F, 0x0F, 0x0F, 0x0F, 0x0F, 0x0F, 0x0F, 0x0F, 0x0F, 0x0F, 0x0F,
	0x05, 0x05, 0x05, 0x05, 0x0F, 0x0F, 0x0F, 0x0F, 0x0F, 0x0F, 0x05, 0x05, 0x05, 0x05, 0x0F, 0x0F,
	0x0F, 0x0F, 0x0F, 0x0F, 0x0F, 0x0F, 0x0F, 0x0F, 0x0F, 0x0F, 0x0F, 0x0F, 0x0F, 0x0F, 0x0F, 0x0F,
	0x0F, 0x0F, 0x0F, 0x0F, 0x0F, 0x0F, 0x0F, 0x0F, 0x0F, 0x0F, 0x0F, 0x0F, 0x0F, 0x0F, 0x0F, 0x0F,
	0x0F, 0x0F, 0x0F, 0x0F, 0x0F, 0x0F, 0x0F, 0x0F, 0x0F, 0x0F, 0x0F, 0x0F, 0x0F, 0x0F, 0x0F, 0x0F,
	0x0F, 0x0F, 0x0F, 0x0F, 0x0F, 0x0F, 0x0F, 0x0F, 0x0F, 0x00, 0x00, 0x0F, 0x0F, 0x0F, 0x0F, 0x0F,
	0x0F, 0x0F, 0x0F, 0x0F, 0x0F, 0x0F, 0x0F, 0x0F, 0x0F, 0x0F, 0x0F, 0x0F, 0x0F, 0x0F, 0x0F, 0x0F,
	0x0F, 0x0F, 0x0F, 0x0F, 0x0F, 0x0F, 0x0F, 0x0F, 0x0F, 0x0F, 0x0F, 0x0F, 0x0F, 0x0F, 0x0F, 0x0F,
	0x0F, 0x0F, 0x0F, 0x0F, 0x0F, 0x0F, 0x0F, 0x0F, 0x0F, 0x0F, 0x0F, 0x0F, 0x0F, 0x0F, 0x0F, 0x0F,
	0x0F, 0x0F, 0x0F, 0x0F, 0x0F, 0x0F, 0x0F, 0x0F, 0x0F, 0x0F, 0x0F, 0x0F, 0x0F, 0x0F, 0x0F, 0x0F,
	0x0F, 0x0F, 0x0F, 0x0F, 0x0F, 0x0F, 0x0F, 0x0F, 0x0F, 0x0F, 0x0F, 0x0F, 0x0F, 0x0F, 0x0F, 0x0F,
	0x0F, 0x0F, 0x0F, 0x0F, 0x0F, 0x0F, 0x0F, 0x0F, 0x0F, 0x0F, 0x0F, 0x0F, 0x0F, 0x0F, 0x0F, 0x0F,
	0x0F, 0x0F, 0x0F, 0x0F, 0x0F, 0x0F, 0x0F, 0x0F, 0x0F, 0x0F, 0x0F, 0x0F, 0x0F, 0x0F, 0x0F, 0x0F,
	0x0F, 0x0F, 0x0F, 0x0F, 0x0F, 0x0F, 0x0F, 0x0F, 0x0F, 0x0F, 0x0F, 0x0F, 0x0F, 0x0F, 0x0F, 0x0F,
	0x0F, 0x0F, 0x0F, 0x0F, 0x0F, 0x0F, 0x0F, 0x0F, 0x0F, 0x0F, 0x0F, 0x0F, 0x0F, 0x0F, 0x0F, 0x0F,
	0x0F, 0x0F, 0x0F, 0x0F, 0x0F, 0x0F, 0x0F, 0x0F, 0x0F, 0x0F, 0x0F, 0x0F, 0x0F, 0x0F, 0x0F, 0x0F,
	0x0F, 0x0F, 0x0F, 0x0F, 0x0F, 0x0F, 0x0F, 0x0F, 0x0F, 0x0F, 0x0F, 0x0F, 0x0F, 0x0F, 0x0F, 0x0F,
	0x0F, 0x0F, 0x0F, 0x0F, 0x0F, 0x0F, 0x0F, 0x0F, 0x0F, 0x0F, 0x0F, 0x0F, 0x0F, 0x0F, 0x0F, 0x0F,
	0x0F, 0x0F, 0x0F, 0x0F, 0x0F, 0x0F, 0x0F, 0x0F, 0x0F, 0x0F, 0x0F, 0x0F, 0x0F, 0x0F, 0x0F, 0x0F,
	0x0F, 0x0F, 0x0F, 0x0F, 0x0F, 0x0F, 0x0F, 0x0F, 0x0F, 0x0F, 0x0F, 0x0F, 0x0F, 0x0F, 0x0F, 0x0F,
	0x0F, 0x0F, 0x0F, 0x0F, 0x0F, 0x0F, 0x0F, 0x0F, 0x0F, 0x0F, 0x0F, 0x0F, 0x0F, 0x0F, 0x0F, 0x0F,
	0x0F, 0x0F, 0x0F, 0x0F, 0x0F, 0x0F, 0x0F, 0x0F, 0x0F, 0x0F, 0x0F, 0x0F, 0x0F, 0x0F, 0x0F, 0x0F,
	0x0F, 0x0F, 0x0F, 0x0F, 0x0F, 0x0F, 0x0F, 0x0F, 0x0F, 0x0F, 0x0F, 0x0F, 0x0F, 0x0F, 0x0F, 0x0F,
	0x0F, 0x0F, 0x0F, 0x0F, 0x0F, 0x0F, 0x0F, 0x0F, 0x0F, 0x0F, 0x0F, 0x0F, 0x0F, 0x0F, 0x0F, 0x0F,
	0x0F, 0x0F, 0x0F, 0x0F, 0x0F, 0x0F, 0x0F, 0x0F, 0x0F, 0x0F, 0x0F, 0x0F, 0x0F, 0x0F, 0x0F, 0x0F,
	0x03, 0x03, 0x03, 0x03, 0x03, 0x03, 0x03, 0x03, 0x03, 0x03, 0x03, 0x03, 0x03, 0x03, 0x03, 0x03,
	0x03, 0x03, 0x03, 0x03, 0x03, 0x03, 0x03, 0x03, 0x03, 0x03, 0x03, 0x03, 0x03, 0x03, 0x03, 0x03,
	0x03, 0x03, 0x03, 0x03, 0x03, 0x03, 0x03, 0x03, 0x03, 0x03, 0x03, 0x03, 0x03, 0x03, 0x03, 0x03,
	0x03, 0x03, 0x03, 0x03, 0x03, 0x03, 0x03, 0x03, 0x03, 0x03, 0x03, 0x03, 0x03, 0x03, 0x03, 0x03,
	0x03, 0x03, 0x03, 0x03, 0x03, 0x03, 0x03, 0x03, 0x03, 0x03, 0x03, 0x03, 0x03, 0x03, 0x03, 0x03,
	0x03, 0x03, 0x03, 0x03, 0x03, 0x03, 0x03, 0x03, 0x03, 0x03, 0x03, 0x03, 0x03, 0x03, 0x03, 0x03,
	0x03, 0x03, 0x03, 0x03, 0x03, 0x03, 0x03, 0x03, 0x03, 0x03, 0x03, 0x03, 0x03, 0x03, 0x03, 0x03,
	0x03, 0x03, 0x03, 0x03, 0x03, 0x03, 0x03, 0x03, 0x03, 0x03, 0x03, 0x03, 0x03, 0x03, 0x03, 0x03,
	0x03, 0x03, 0x03, 0x03, 0x03, 0x03, 0x03, 0x03, 0x03, 0x03, 0x03, 0x0F, 0x0F, 0x0F, 0x0F, 0x0F,
	0x0F, 0x0F, 0x0F, 0x0F, 0x0F, 0x0F, 0x0F, 0x0F, 0x0F, 0x0F, 0x0F, 0x0F, 0x0F, 0x0F, 0x0F, 0x0F,
	0x0F, 0x0F, 0x0F, 0x0F, 0x0F, 0x0F, 0x0F, 0x0F, 0x0F, 0x0F, 0x0F, 0x0F, 0x03, 0x0F, 0x0F, 0x0F,
	0x0F, 0x0F, 0x0F, 0x0F, 0x0F, 0x0F, 0x0F, 0x0F, 0x0F, 0x0F, 0x0F, 0x0F, 0x0F, 0x0F, 0x0F, 0x0F,
	0x0F, 0x0F, 0x0F, 0x0F, 0x0F, 0x0F, 0x0F, 0x0F, 0x0F, 0x0F, 0x0F, 0x0F, 0x0F, 0x0F, 0x0F, 0x0F,
	0x0F, 0x0F, 0x0F, 0x0F, 0x0F, 0x0F, 0x0F, 0x0F, 0x0F, 0x0F, 0x0F, 0x0F, 0x0F, 0x0F, 0x0F, 0x0F,
	0x0F, 0x0F, 0x0F, 0x0F, 0x0F, 0x0F, 0x0F, 0x0F, 0x0F, 0x0F, 0x0F, 0x0F, 0x0F, 0x0F, 0x0F, 0x0F,
	0x0F, 0x0F, 0x0F, 0x0F, 0x0F, 0x0F, 0x0F, 0x0F, 0x0F, 0x0F, 0x0F, 0x0F, 0x0F, 0x0F, 0x0F, 0x0F,
	0x0F, 0x0F, 0x0F, 0x0F, 0x0F, 0x0F, 0x0F, 0x0F, 0x0F, 0x0F, 0x0F, 0x0F, 0x0F, 0x0F, 0x0F, 0x0F,
	0x0F, 0x0F, 0x0F, 0x0F, 0x03, 0x03, 0x03, 0x0F, 0x0F, 0x0F, 0x0F, 0x0F, 0x0F, 0x0F, 0x0F, 0x0F,
	0x0F, 0x0F, 0x0F, 0x0F, 0x0F, 0x0F, 0x0F, 0x0F, 0x0F, 0x0F, 0x0F, 0x0F, 0x0F, 0x0F, 0x0F, 0x0F,
	0x0F, 0x0F, 0x0F, 0x0F, 0x0F, 0x0F, 0x0F, 0x0F, 0x0F, 0x0F, 0x0F, 0x0F, 0x0F, 0x0F, 0x0F, 0x0F,
	0x0F, 0x0F, 0x0F, 0x0F, 0x0F, 0x0F, 0x0F, 0x0F, 0x0F, 0x0F, 0x0F, 0x0F, 0x0F, 0x0F, 0x0F, 0x0F,
	0x0F, 0x0F, 0x0F, 0x0F, 0x0F, 0x0F, 0x0F, 0x0F, 0x0F, 0x0F, 0x0F, 0x0F, 0x0F, 0x0F, 0x0F, 0x0F,
	0x0F, 0x0F, 0x0F, 0x0F, 0x0F, 0x0F, 0x0F, 0x0F, 0x0F, 0x0F, 0x0F, 0x0F, 0x0F, 0x0F, 0x0F, 0x0F,
	0x0F, 0x0F, 0x0F, 0x0F, 0x0F, 0x0F, 0x0F, 0x0F, 0x0F, 0x0F, 0x0F, 0x0F, 0x00, 0x0F, 0x0F, 0x0F,
	0x0F, 0x0F, 0x0F, 0x0F, 0x0F, 0x0F, 0x0F, 0x0F, 0x0F, 0x0F, 0x0F, 0x0F, 0x0F, 0x0F, 0x0F, 0x0F,
	0x0F, 0x0F, 0x0F, 0x0F, 0x0F, 0x0F, 0x0F, 0x0F, 0x0F, 0x0F, 0x0F, 0x0F, 0x0F, 0x0F, 0x0F, 0x0F,
	0x0F, 0x0F, 0x0F, 0x0F, 0x0F, 0x0F, 0x0F, 0x0F, 0x0F, 0x0F, 0x0F, 0x0F, 0x0F, 0x0F, 0x0F, 0x0F,
	0x0F, 0x0F, 0x0F, 0x0F, 0x0F, 0x0F, 0x0F, 0x0F, 0x0F, 0x0F, 0x0F, 0x0F, 0x0F, 0x0F, 0x0F, 0x0F,
	0x0F, 0x0F, 0x0F, 0x0F, 0x0F, 0x0F, 0x0F, 0x0F, 0x0F, 0x0F, 0x0F, 0x0F, 0x0F, 0x0F, 0x0F, 0x0F,
	0x0F, 0x0F, 0x0F, 0x0F, 0x0F, 0x0F, 0x0F, 0x0F, 0x0F, 0x0F, 0x0F, 0x0F, 0x0F, 0x0F, 0x0F, 0x0F,
	0x0F, 0x0F, 0x0F, 0x0F, 0x0F, 0x0F, 0x0F, 0x0F, 0x0F, 0x0F, 0x0F, 0x0F, 0x0F, 0x0F, 0x0F, 0x0F,
	0x0F, 0x0F, 0x0F, 0x0F, 0x0F, 0x0F, 0x0F, 0x0F, 0x0F, 0x0F, 0x0F, 0x0F, 0x0F, 0x0F, 0x0F, 0x0F,
	0x0F, 0x0F, 0x0F, 0x0F, 0x0F, 0x0F, 0x0F, 0x0F, 0x0F, 0x0F, 0x0F, 0x0F, 0x0F, 0x0F, 0x0F, 0x0F,
	0x0F, 0x0F, 0x0F, 0x0F, 0x0F, 0x0F, 0x0F, 0x0F, 0x0F, 0x0F, 0x0F, 0x0F, 0x03, 0x03, 0x0F, 0x0F,
	0x0F, 0x0F, 0x0F, 0x0F, 0x0F, 0x0F, 0x0F, 0x0F, 0x0F, 0x0F, 0x0F, 0x0F, 0x0F, 0x0F, 0x0F, 0x0F,
	0x0F, 0x0F, 0x0F, 0x0F, 0x0F, 0x0F, 0x0F, 0x0F, 0x0F, 0x0F, 0x0F, 0x0F, 0x0F, 0x0F, 0x0F, 0x0F,
	0x0F, 0x0F, 0x0F, 0x0F, 0x0F, 0x0F, 0x0F, 0x0F, 0x0F, 0x0F, 0x0F, 0x0F, 0x0F, 0x0F, 0x0F, 0x0F,
	0x0F, 0x0F, 0x0F, 0x0F, 0x0F, 0x0F, 0x0F, 0x0F, 0x0F, 0x0F, 0x0F, 0x0F, 0x0F, 0x0F, 0x0F, 0x0F,
	0x0F, 0x0F, 0x0F, 0x0F, 0x0F, 0x0F, 0x0F, 0x0F, 0x0F, 0x0F, 0x0F, 0x0F, 0x0F, 0x0F, 0x0F, 0x0F,
	0x0F, 0x0F, 0x0F, 0x0F, 0x0F, 0x0F, 0x0F, 0x0F, 0x0F, 0x0F, 0x0F, 0x0F, 0x0F, 0x0F, 0x0F, 0x0F,
	0x0F, 0x0F, 0x0F, 0x0F, 0x0F, 0x0F, 0x0F, 0x0F, 0x0F, 0x0F, 0x0F, 0x0F, 0x0F, 0x0F, 0x0F, 0x00,
	0x00, 0x00, 0x0F, 0x0F, 0x0F, 0x0F, 0x0F, 0x0F, 0x0F, 0x0F, 0x0F, 0x0F, 0x0F, 0x0F, 0x0F, 0x0F,
	0x0F, 0x0F, 0x0F, 0x0F, 0x0F, 0x0F, 0x0F, 0x0F, 0x0F, 0x0F, 0x0F, 0x0F, 0x0F, 0x0F, 0x0F, 0x0F,
	0x0F, 0x0F, 0x0F, 0x0F, 0x0F, 0x0F, 0x0F, 0x0F, 0x0F, 0x0F, 0x0F, 0x0F, 0x0F, 0x0F, 0x0F, 0x0F,
	0x0F, 0x0F, 0x0F, 0x0F, 0x0F, 0x0F, 0x0F, 0x0F, 0x0F, 0x0F, 0x0F, 0x0F, 0x0F, 0x0F, 0x0F, 0x0F,
	0x0F, 0x0F, 0x0F, 0x0F, 0x0F, 0x0F, 0x0F, 0x0F, 0x0F, 0x0F, 0x0F, 0x0F, 0x0F, 0x0F, 0x0F, 0x0F,
	0x0F, 0x0F, 0x0F, 0x0F, 0x0F, 0x0F, 0x0F, 0x0F, 0x0F, 0x0F, 0x0F, 0x0F, 0x0F, 0x0F, 0x0F, 0x0F,
	0x0F, 0x0F, 0x0F, 0x0F, 0x0F, 0x0F, 0x0F, 0x0F, 0x0F, 0x0F, 0x0F, 0x0F, 0x0F, 0x0F, 0x0F, 0x0F,
	0x0F, 0x0F, 0x0F, 0x0F, 0x0F, 0x0F, 0x0F, 0x0F, 0x0F, 0x0F, 0x0F, 0x0F, 0x0F, 0x0F, 0x0F, 0x03,
	0x0F, 0x0F, 0x0F, 0x0F, 0x0F, 0x0F, 0x0F, 0x0F, 0x0F, 0x0F, 0x0F, 0x0F, 0x0F, 0x0F, 0x0F, 0x00,
	0x0F, 0x0F, 0x0F, 0x0F, 0x0F, 0x0F, 0x0F, 0x0F, 0x0F, 0x0F, 0x0F, 0x0F, 0x0F, 0x0F, 0x0F, 0x0F,
	0x0F, 0x0F, 0x0F, 0x0F, 0x0F, 0x0F, 0x0F, 0x0F, 0x0F, 0x0F, 0x0F, 0x0F, 0x0F, 0x0F, 0x0F, 0x0F,
	0x0F, 0x0F, 0x0F, 0x0F, 0x0F, 0x0F, 0x0F, 0x0F, 0x0F, 0x0F, 0x0F, 0x0F, 0x0F, 0x0F, 0x0F, 0x0F,
	0x0F, 0x0F, 0x0F, 0x0F, 0x0F, 0x0F, 0x0F, 0x0F, 0x0F, 0x0F, 0x0F, 0x0F, 0x0F, 0x0F, 0x0F, 0x0F,
	0x0F, 0x0F, 0x0F, 0x0F, 0x0F, 0x0F, 0x0F, 0x0F, 0x0F, 0x0F, 0x0F, 0x0F, 0x0F, 0x0F, 0x0F, 0x0F,
	0x0F, 0x0F, 0x0F, 0x0F, 0x0F, 0x0F, 0x0F, 0x0F, 0x0F, 0x0F, 0x0F, 0x0F, 0x0F, 0x0F, 0x0F, 0x0F,
	0x00, 0x00, 0x00, 0x00, 0x00, 0x00, 0x00, 0x00, 0x00, 0x00, 0x00, 0x00, 0x00, 0x00, 0x00, 0x00,
	0x00, 0x00, 0x00, 0x00, 0x00, 0x00, 0x00, 0x00, 0x00, 0x00, 0x00, 0x00, 0x00, 0x00, 0x00, 0x00,
	0x0F, 0x0F, 0x0F, 0x0F, 0x0F, 0x0F, 0x0F, 0x0F, 0x0F, 0x0F, 0x0F, 0x0F, 0x0F, 0x0F, 0x0F, 0x0F,
	0x0F, 0x0F, 0x0F, 0x0F, 0x0F, 0x0F, 0x0F, 0x0F, 0x0F, 0x0F, 0x0F, 0x0F, 0x0F, 0x0F, 0x0F, 0x0F,
	0x0F, 0x0F, 0x0F, 0x0F, 0x0F, 0x0F, 0x0F, 0x0F, 0x0F, 0x0F, 0x0F, 0x0F, 0x0F, 0x0F, 0x0F, 0x0F,
	0x0F, 0x0F, 0x0F, 0x0F, 0x0F, 0x0F, 0x0F, 0x0F, 0x0F, 0x0F, 0x0F, 0x0F, 0x0F, 0x0F, 0x0F, 0x0F,
	0x0F, 0x0F, 0x0F, 0x0F, 0x0F, 0x0F, 0x0F, 0x0F, 0x0F, 0x0F, 0x0F, 0x0F, 0x0F, 0x0F, 0x0F, 0x0F,
	0x0F, 0x0F, 0x0F, 0x0F, 0x0F, 0x0F, 0x0F, 0x0F, 0x0F, 0x0F, 0x0F, 0x0F, 0x0F, 0x0F, 0x0F, 0x0F,
	0x0F, 0x0F, 0x0F, 0x0F, 0x0F, 0x0F, 0x0F, 0x0F, 0x0F, 0x0F, 0x0F, 0x0F, 0x0F, 0x0F, 0x0F, 0x0F,
	0x0F, 0x0F, 0x0F, 0x0F, 0x0F, 0x0F, 0x0F, 0x0F, 0x0F, 0x0F, 0x0F, 0x0F, 0x0F, 0x0F, 0x0F, 0x0F,
	0x0F, 0x0F, 0x0F, 0x0F, 0x0F, 0x0F, 0x0F, 0x0F, 0x0F, 0x0F, 0x0F, 0x0F, 0x0F, 0x0F, 0x0F, 0x0F,
	0x0F, 0x0F, 0x0F, 0x0F, 0x0F, 0x0F, 0x0F, 0x0F, 0x0F, 0x0F, 0x0F, 0x0F, 0x0F, 0x0F, 0x0F, 0x03,
	0x0F, 0x0F, 0x0F, 0x0F, 0x0F, 0x0F, 0x0F, 0x0F, 0x0F, 0x0F, 0x0F, 0x0F, 0x0F, 0x0F, 0x0F, 0x0F,
	0x0F, 0x0F, 0x0F, 0x0F, 0x0F, 0x0F, 0x0F, 0x0F, 0x0F, 0x0F, 0x0F, 0x0F, 0x0F, 0x0F, 0x0F, 0x0F,
	0x0F, 0x0F, 0x0F, 0x0F, 0x0F, 0x0F, 0x0F, 0x0F, 0x0F, 0x0F, 0x0F, 0x0F, 0x0F, 0x0F, 0x0F, 0x0F,
	0x0F, 0x0F, 0x0F, 0x0F, 0x0F, 0x0F, 0x0F, 0x0F, 0x0F, 0x0F, 0x0F, 0x0F, 0x0F, 0x0F, 0x0F, 0x0F,
	0x0F, 0x0F, 0x0F, 0x0F, 0x0F, 0x0F, 0x0F, 0x0F, 0x0F, 0x0F, 0x0F, 0x0F, 0x0F, 0x0F, 0x0F, 0x0F,
	0x0F, 0x0F, 0x0F, 0x03, 0x0F, 0x0F, 0x0F, 0x0F, 0x0F, 0x0F, 0x0F, 0x0F, 0x0F, 0x0F, 0x0F, 0x0F,
	0x03, 0x03, 0x03, 0x03, 0x03, 0x03, 0x03, 0x03, 0x03, 0x03, 0x03, 0x03, 0x03, 0x03, 0x03, 0x03,
	0x03, 0x03, 0x03, 0x03, 0x03, 0x03, 0x03, 0x03, 0x03, 0x03, 0x03, 0x03, 0x03, 0x03, 0x03, 0x03,
	0x03, 0x03, 0x03, 0x03, 0x03, 0x03, 0x03, 0x03, 0x03, 0x03, 0x03, 0x03, 0x03, 0x03, 0x03, 0x03,
	0x03, 0x03, 0x03, 0x03, 0x03, 0x03, 0x03, 0x03, 0x03, 0x03, 0x03, 0x03, 0x03, 0x03, 0x03, 0x03,
	0x03, 0x03, 0x03, 0x03, 0x03, 0x03, 0x03, 0x03, 0x03, 0x03, 0x03, 0x03, 0x03, 0x03, 0x03, 0x03,
	0x03, 0x03, 0x03, 0x03, 0x03, 0x03, 0x03, 0x03, 0x03, 0x03, 0x03, 0x03, 0x03, 0x03, 0x03, 0x03,
	0x03, 0x03, 0x03, 0x03, 0x03, 0x03, 0x03, 0x03, 0x03, 0x03, 0x03, 0x03, 0x03, 0x03, 0x03, 0x03,
	0x03, 0x03, 0x03, 0x03, 0x03, 0x03, 0x03, 0x03, 0x03, 0x03, 0x03, 0x03, 0x03, 0x03, 0x03, 0x03,
	0x03, 0x03, 0x03, 0x03, 0x03, 0x03, 0x03, 0x03, 0x03, 0x03, 0x03, 0x03, 0x03, 0x03, 0x03, 0x03,
	0x03, 0x03, 0x03, 0x03, 0x03, 0x03, 0x03, 0x03, 0x03, 0x03, 0x03, 0x03, 0x03, 0x03, 0x03, 0x03,
	0x03, 0x03, 0x03, 0x03, 0x03, 0x03, 0x03, 0x03, 0x03, 0x03, 0x03, 0x03, 0x03, 0x03, 0x03, 0x03,
	0x03, 0x03, 0x03, 0x03, 0x03, 0x03, 0x03, 0x03, 0x03, 0x03, 0x03, 0x03, 0x03, 0x03, 0x03, 0x03,
	0x03, 0x03, 0x03, 0x03, 0x03, 0x03, 0x03, 0x03, 0x03, 0x03, 0x03, 0x03, 0x03, 0x03, 0x03, 0x03,
	0x03, 0x03, 0x03, 0x03, 0x03, 0x03, 0x0F, 0x0F, 0x0F, 0x0F, 0x0F, 0x0F, 0x0F, 0x0F, 0x0F, 0x0F,
	0x0F, 0x0F, 0x0F, 0x0F, 0x0F, 0x0F, 0x0F, 0x0F, 0x0F, 0x0F, 0x0F, 0x0F, 0x0F, 0x0F, 0x0F, 0x0F,
	0x0F, 0x0F, 0x0F, 0x0F, 0x0F, 0x0F, 0x0F, 0x0F, 0x0F, 0x0F, 0x0F, 0x0F, 0x0F, 0x0F, 0x0F, 0x0F,
	0x03, 0x0F, 0x0F, 0x0F, 0x0F, 0x0F, 0x0F, 0x0F, 0x0F, 0x0F, 0x0F, 0x0F, 0x0F, 0x0F, 0x0F, 0x0F,
	0x0F, 0x0F, 0x0F, 0x0F, 0x0F, 0x0F, 0x0F, 0x0F, 0x0F, 0x0F, 0x0F, 0x0F, 0x0F, 0x0F, 0x0F, 0x0F,
	0x0F, 0x0F, 0x0F, 0x0F, 0x0F, 0x0F, 0x0F, 0x0F, 0x0F, 0x0F, 0x00, 0x00, 0x00, 0x00, 0x00, 0x00,
	0x0F, 0x0F, 0x0F, 0x0F, 0x0F, 0x0F, 0x03, 0x0F, 0x03, 0x03, 0x03, 0x0F, 0x0F, 0x0F, 0x0F, 0x0F,
	0x0F, 0x0F, 0x0F, 0x0F, 0x0F, 0x0F, 0x0F, 0x0F, 0x0F, 0x0F, 0x0F, 0x0F, 0x05, 0x0F, 0x05, 0x0F,
	0x05, 0x0F, 0x05, 0x0F, 0x05, 0x0F, 0x05, 0x0F, 0x05, 0x0F, 0x05, 0x0F, 0x05, 0x0F, 0x05, 0x0F,
	0x05, 0x0F, 0x05, 0x0F, 0x0F, 0x05, 0x0F, 0x05, 0x0F, 0x05, 0x0F, 0x0F, 0x0F, 0x0F, 0x0F, 0x0F,
	0x05, 0x05, 0x0F, 0x05, 0x05, 0x0F, 0x05, 0x05, 0x0F, 0x05, 0x05, 0x0F, 0x05, 0x05, 0x0F, 0x0F,
	0x0F, 0x0F, 0x0F, 0x0F, 0x0F, 0x0F, 0x0F, 0x0F, 0x0F, 0x0F, 0x0F, 0x0F, 0x0F, 0x0F, 0x0F, 0x0F,
	0x0F, 0x0F, 0x0F, 0x0F, 0x05, 0x0F, 0x0F, 0x0F, 0x0F, 0x00, 0x00, 0x03, 0x03, 0x0F, 0x05, 0x03,
	0x0F, 0x0F, 0x0F, 0x0F, 0x0F, 0x0F, 0x0F, 0x0F, 0x0F, 0x0F, 0x0F, 0x0F, 0x05, 0x0F, 0x05, 0x0F,
	0x05, 0x0F, 0x05, 0x0F, 0x05, 0x0F, 0x05, 0x0F, 0x05, 0x0F, 0x05, 0x0F, 0x05, 0x0F, 0x05, 0x0F,
	0x05, 0x0F, 0x05, 0x0F, 0x0F, 0x05, 0x0F, 0x05, 0x0F, 0x05, 0x0F, 0x0F, 0x0F, 0x0F, 0x0F, 0x0F,
	0x05, 0x05, 0x0F, 0x05, 0x05, 0x0F, 0x05, 0x05, 0x0F, 0x05, 0x05, 0x0F, 0x05, 0x05, 0x0F, 0x0F,
	0x0F, 0x0F, 0x0F, 0x0F, 0x0F, 0x0F, 0x0F, 0x0F, 0x0F, 0x0F, 0x0F, 0x0F, 0x0F, 0x0F, 0x0F, 0x0F,
	0x0F, 0x0F, 0x0F, 0x0F, 0x05, 0x0F, 0x0F, 0x05, 0x05, 0x05, 0x05, 0x0F, 0x0F, 0x0F, 0x05, 0x03,
	0x0F, 0x0F, 0x0F, 0x0F, 0x0F, 0x0F, 0x0F, 0x0F, 0x0F, 0x0F, 0x0F, 0x0F, 0x0F, 0x0F, 0x0F, 0x0F,
	0x0F, 0x0F, 0x0F, 0x0F, 0x0F, 0x0F, 0x0F, 0x0F, 0x0F, 0x0F, 0x0F, 0x0F, 0x0F, 0x0F, 0x0F, 0x0F,
	0x0F, 0x0F, 0x0F, 0x0F, 0x0F, 0x0F, 0x0F, 0x0F, 0x0F, 0x0F, 0x0F, 0x0F, 0x0F, 0x0F, 0x0F, 0x0F,
	0x0F, 0x03, 0x03, 0x03, 0x03, 0x03, 0x03, 0x03, 0x03, 0x03, 0x03, 0x03, 0x03, 0x03, 0x03, 0x03,
	0x03, 0x03, 0x03, 0x03, 0x03, 0x03, 0x03, 0x03, 0x03, 0x03, 0x03, 0x03, 0x03, 0x03, 0x03, 0x03,
	0x03, 0x03, 0x03, 0x03, 0x03, 0x03, 0x03, 0x03, 0x03, 0x03, 0x03, 0x03, 0x03, 0x03, 0x03, 0x03,
	0x03, 0x03, 0x03, 0x03, 0x03, 0x03, 0x03, 0x03, 0x03, 0x03, 0x03, 0x03, 0x03, 0x03, 0x03, 0x03,
	0x03, 0x03, 0x03, 0x03, 0x03, 0x03, 0x03, 0x03, 0x03, 0x03, 0x03, 0x03, 0x03, 0x03, 0x03, 0x03,
	0x03, 0x03, 0x03, 0x03, 0x03, 0x03, 0x03, 0x03, 0x03, 0x03, 0x03, 0x03, 0x03, 0x03, 0x03, 0x0F,
	0x0F, 0x0F, 0x03, 0x03, 0x03, 0x03, 0x03, 0x03, 0x03, 0x03, 0x03, 0x03, 0x03, 0x03, 0x03, 0x03,
	0x0F, 0x0F, 0x0F, 0x0F, 0x0F, 0x0F, 0x0F, 0x0F, 0x0F, 0x0F, 0x0F, 0x0F, 0x0F, 0x0F, 0x0F, 0x0F,
	0x0F, 0x0F, 0x0F, 0x0F, 0x0F, 0x0F, 0x0F, 0x0F, 0x0F, 0x0F, 0x0F, 0x0F, 0x0F, 0x0F, 0x0F, 0x0F,
	0x0F, 0x0F, 0x0F, 0x0F, 0x0F, 0x0F, 0x0F, 0x0F, 0x0F, 0x0F, 0x0F, 0x0F, 0x0F, 0x0F, 0x0F, 0x0F,
	0x0F, 0x0F, 0x0F, 0x0F, 0x0F, 0x0F, 0x0F, 0x0F, 0x0F, 0x0F, 0x0F, 0x0F, 0x0F, 0x0F, 0x0F, 0x0F,
	0x0F, 0x0F, 0x0F, 0x0F, 0x0F, 0x0F, 0x0F, 0x0F, 0x0F, 0x0F, 0x0F, 0x0F, 0x0F, 0x0F, 0x0F, 0x0F,
	0x0F, 0x0F, 0x0F, 0x0F, 0x0F, 0x0F, 0x0F, 0x0F, 0x0F, 0x0F, 0x0F, 0x0F, 0x0F, 0x0F, 0x0F, 0x0F,
	0x03, 0x03, 0x03, 0x03, 0x03, 0x03, 0x03, 0x03, 0x03, 0x03, 0x03, 0x03, 0x03, 0x03, 0x03, 0x03,
	0x03, 0x03, 0x03, 0x03, 0x03, 0x03, 0x03, 0x03, 0x03, 0x03, 0x03, 0x03, 0x03, 0x03, 0x03, 0x0F,
	0x03, 0x03, 0x03, 0x03, 0x03, 0x03, 0x03, 0x03, 0x03, 0x03, 0x03, 0x03, 0x03, 0x03, 0x03, 0x03,
	0x03, 0x03, 0x03, 0x03, 0x03, 0x03, 0x03, 0x03, 0x03, 0x03, 0x03, 0x03, 0x03, 0x03, 0x03, 0x03,
	0x03, 0x03, 0x03, 0x03, 0x03, 0x03, 0x03, 0x03, 0x0F, 0x0F, 0x0F, 0x0F, 0x0F, 0x0F, 0x0F, 0x0F,
	0x03, 0x03, 0x03, 0x03, 0x03, 0x03, 0x03, 0x03, 0x03, 0x03, 0x03, 0x03, 0x03, 0x03, 0x03, 0x03,
	0x03, 0x03, 0x03, 0x03, 0x03, 0x03, 0x03, 0x03, 0x03, 0x03, 0x03, 0x03, 0x03, 0x03, 0x03, 0x03,
	0x03, 0x03, 0x03, 0x03, 0x03, 0x03, 0x03, 0x03, 0x03, 0x03, 0x03, 0x03, 0x03, 0x03, 0x03, 0x0F,
	0x03, 0x03, 0x03, 0x03, 0x03, 0x03, 0x03, 0x03, 0x03, 0x03, 0x03, 0x03, 0x03, 0x03, 0x03, 0x03,
	0x03, 0x03, 0x03, 0x03, 0x03, 0x03, 0x03, 0x03, 0x03, 0x03, 0x03, 0x03, 0x03, 0x03, 0x03, 0x03,
	0x03, 0x03, 0x03, 0x03, 0x03, 0x03, 0x03, 0x03, 0x03, 0x03, 0x03, 0x03, 0x03, 0x03, 0x03, 0x03,
	0x03, 0x03, 0x03, 0x03, 0x03, 0x03, 0x03, 0x03, 0x03, 0x03, 0x03, 0x03, 0x03, 0x03, 0x03, 0x03,
	0x03, 0x03, 0x03, 0x03, 0x03, 0x03, 0x03, 0x03, 0x03, 0x03, 0x03, 0x03, 0x03, 0x03, 0x03, 0x03,
	0x03, 0x03, 0x03, 0x03, 0x03, 0x03, 0x03, 0x03, 0x03, 0x03, 0x03, 0x03, 0x03, 0x03, 0x03, 0x03,
	0x03, 0x03, 0x03, 0x03, 0x03, 0x03, 0x03, 0x03, 0x03, 0x03, 0x03, 0x03, 0x03, 0x03, 0x03, 0x03,
	0x03, 0x03, 0x03, 0x03, 0x03, 0x03, 0x03, 0x03, 0x03, 0x03, 0x03, 0x03, 0x03, 0x03, 0x03, 0x03,
	0x03, 0x03, 0x03, 0x03, 0x03, 0x03, 0x03, 0x03, 0x03, 0x03, 0x03, 0x03, 0x03, 0x03, 0x03, 0x03,
	0x03, 0x03, 0x03, 0x03, 0x03, 0x03, 0x03, 0x03, 0x03, 0x03, 0x03, 0x03, 0x03, 0x03, 0x03, 0x03,
	0x03, 0x03, 0x03, 0x03, 0x03, 0x03, 0x03, 0x03, 0x03, 0x03, 0x03, 0x03, 0x03, 0x03, 0x03, 0x03,
	0x03, 0x03, 0x03, 0x03, 0x03, 0x03, 0x03, 0x03, 0x03, 0x03, 0x03, 0x03, 0x03, 0x03, 0x03, 0x03,
	0x03, 0x03, 0x03, 0x03, 0x03, 0x03, 0x03, 0x03, 0x03, 0x03, 0x03, 0x03, 0x03, 0x03, 0x03, 0x03,
	0x03, 0x03, 0x03, 0x03, 0x03, 0x03, 0x03, 0x03, 0x03, 0x03, 0x03, 0x03, 0x03, 0x03, 0x03, 0x03,
	0x03, 0x03, 0x03, 0x03, 0x03, 0x03, 0x03, 0x03, 0x03, 0x03, 0x03, 0x03, 0x03, 0x03, 0x03, 0x03,
	0x03, 0x03, 0x03, 0x03, 0x03, 0x03, 0x03, 0x03, 0x03, 0x03, 0x03, 0x03, 0x03, 0x03, 0x03, 0x03,
	0x03, 0x03, 0x03, 0x03, 0x03, 0x03, 0x03, 0x03, 0x03, 0x03, 0x03, 0x03, 0x03, 0x03, 0x03, 0x03,
	0x03, 0x03, 0x03, 0x03, 0x03, 0x03, 0x03, 0x03, 0x03, 0x03, 0x03, 0x03, 0x03, 0x03, 0x03, 0x03,
	0x03, 0x03, 0x03, 0x03, 0x03, 0x03, 0x03, 0x03, 0x03, 0x03, 0x03, 0x03, 0x03, 0x03, 0x03, 0x03,
	0x03, 0x03, 0x03, 0x03, 0x03, 0x03, 0x03, 0x03, 0x03, 0x03, 0x03, 0x03, 0x03, 0x03, 0x03, 0x03,
	0x03, 0x03, 0x03, 0x03, 0x03, 0x03, 0x03, 0x03, 0x03, 0x03, 0x03, 0x03, 0x03, 0x03, 0x03, 0x03,
	0x03, 0x03, 0x03, 0x03, 0x03, 0x03, 0x03, 0x03, 0x03, 0x03, 0x03, 0x03, 0x03, 0x03, 0x03, 0x03,
	0x03, 0x03, 0x03, 0x03, 0x03, 0x03, 0x03, 0x03, 0x03, 0x03, 0x03, 0x03, 0x03, 0x03, 0x03, 0x03,
	0x03, 0x03, 0x03, 0x03, 0x03, 0x03, 0x03, 0x03, 0x03, 0x03, 0x03, 0x03, 0x03, 0x03, 0x03, 0x03,
	0x0F, 0x0F, 0x0F, 0x0F, 0x0F, 0x0F, 0x0F, 0x0F, 0x0F, 0x0F, 0x0F, 0x0F, 0x0F, 0x0F, 0x0F, 0x0F,
	0x0F, 0x0F, 0x0F, 0x0F, 0x0F, 0x0F, 0x0F, 0x0F, 0x0F, 0x0F, 0x0F, 0x0F, 0x0F, 0x0F, 0x0F, 0x0F,
	0x0F, 0x0F, 0x0F, 0x0F, 0x0F, 0x0F, 0x0F, 0x0F, 0x0F, 0x0F, 0x0F, 0x0F, 0x0F, 0x0F, 0x0F, 0x0F,
	0x0F, 0x0F, 0x0F, 0x0F, 0x0F, 0x0F, 0x0F, 0x0F, 0x0F, 0x0F, 0x0F, 0x0F, 0x0F, 0x0F, 0x0F, 0x0F,
	0x0F, 0x0F, 0x0F, 0x0F, 0x0F, 0x0F, 0x0F, 0x0F, 0x0F, 0x0F, 0x0F, 0x0F, 0x0F, 0x0F, 0x0F, 0x0F,
	0x0F, 0x0F, 0x0F, 0x0F, 0x0F, 0x0F, 0x0F, 0x0F, 0x0F, 0x0F, 0x0F, 0x0F, 0x0F, 0x0F, 0x0F, 0x0F,
	0x0F, 0x0F, 0x0F, 0x0F, 0x0F, 0x0F, 0x0F, 0x0F, 0x0F, 0x0F, 0x0F, 0x0F, 0x0F, 0x0F, 0x0F, 0x00,
	0x0F, 0x0F, 0x0F, 0x0F, 0x00, 0x00, 0x00, 0x00, 0x00, 0x00, 0x00, 0x00, 0x00, 0x00, 0x0F, 0x0F,
	0x0F, 0x0F, 0x0F, 0x0F, 0x0F, 0x0F, 0x0F, 0x0F, 0x0F, 0x0F, 0x0F, 0x0F, 0x0F, 0x0F, 0x0F, 0x0F,
	0x0F, 0x0F, 0x0F, 0x0F, 0x0F, 0x0F, 0x0F, 0x0F, 0x0F, 0x0F, 0x0F, 0x0F, 0x03, 0x03, 0x00, 0x00,
	0x0F, 0x0F, 0x0F, 0x0F, 0x0F, 0x0F, 0x0F, 0x0F, 0x0F, 0x0F, 0x0F, 0x0F, 0x0F, 0x0F, 0x0F, 0x0F,
	0x0F, 0x0F, 0x0F, 0x0F, 0x0F, 0x0F, 0x0F, 0x0F, 0x0F, 0x0F, 0x0F, 0x0F, 0x0F, 0x0F, 0x0F, 0x0F,
	0x0F, 0x0F, 0x0F, 0x0F, 0x0F, 0x0F, 0x0F, 0x0F, 0x0F, 0x0F, 0x0F, 0x0F, 0x0F, 0x0F, 0x0F, 0x0F,
	0x0F, 0x0F, 0x0F, 0x0F, 0x0F, 0x0F, 0x0F, 0x0F, 0x0F, 0x0F, 0x0F, 0x0F, 0x0F, 0x0F, 0x0F, 0x0F,
	0x0F, 0x0F, 0x0F, 0x0F, 0x0F, 0x0F, 0x0F, 0x0F, 0x0F, 0x0F, 0x0F, 0x0F, 0x0F, 0x0F, 0x0F, 0x0F,
	0x00, 0x00, 0x0F, 0x0F, 0x0F, 0x0F, 0x0F, 0x0F, 0x0F, 0x0F, 0x0F, 0x0F, 0x0F, 0x0F, 0x0F, 0x0F,
	0x0F, 0x0F, 0x0F, 0x0F, 0x0F, 0x0F, 0x0F, 0x0F, 0x0F, 0x0F, 0x0F, 0x0F, 0x0F, 0x0F, 0x0F, 0x0F,
	0x0F, 0x0F, 0x0F, 0x0F, 0x0F, 0x0F, 0x0F, 0x0F, 0x0F, 0x0F, 0x0F, 0x0F, 0x0F, 0x0F, 0x0F, 0x0F,
	0x0F, 0x0F, 0x0F, 0x0F, 0x0F, 0x0F, 0x0F, 0x0F, 0x0F, 0x0F, 0x0F, 0x0F, 0x0F, 0x0F, 0x0F, 0x0F,
	0x0F, 0x0F, 0x0F, 0x0F, 0x0F, 0x0F, 0x0F, 0x0F, 0x0F, 0x0F, 0x0F, 0x0F, 0x0F, 0x0F, 0x0F, 0x0F,
	0x0F, 0x0F, 0x0F, 0x0F, 0x0F, 0x0F, 0x0F, 0x0F, 0x0F, 0x0F, 0x0F, 0x0F, 0x0F, 0x0F, 0x0F, 0x0F,
	0x0F, 0x0F, 0x0F, 0x0F, 0x0F, 0x0F, 0x0F, 0x0F, 0x0F, 0x0F, 0x0F, 0x0F, 0x0F, 0x0F, 0x0F, 0x0F,
	0x0F, 0x0F, 0x0F, 0x0F, 0x0F, 0x0F, 0x0F, 0x0F, 0x0F, 0x0F, 0x0F, 0x0F, 0x0F, 0x0F, 0x0F, 0x0F,
	0x03, 0x0F, 0x0F, 0x0F, 0x0F, 0x0F, 0x0F, 0x0F, 0x0F, 0x0F, 0x0F, 0x0F, 0x0F, 0x0F, 0x0F, 0x0F,
	0x0F, 0x0F, 0x0F, 0x0F, 0x0F, 0x0F, 0x0F, 0x0F, 0x0F, 0x0F, 0x0F, 0x0F, 0x0F, 0x0F, 0x0F, 0x0F,
	0x0F, 0x0F, 0x0F, 0x0F, 0x0F, 0x0F, 0x0F, 0x0F, 0x0F, 0x0F, 0x0F, 0x0F, 0x0F, 0x0F, 0x0F, 0x0F,
	0x0F, 0x0F, 0x0F, 0x0F, 0x0F, 0x0F, 0x0F, 0x0F, 0x0F, 0x0F, 0x0F, 0x0F, 0x0F, 0x0F, 0x0F, 0x0F,
	0x0F, 0x0F, 0x0F, 0x0F, 0x0F, 0x0F, 0x0F, 0x0F, 0x0F, 0x0F, 0x0F, 0x0F, 0x0F, 0x0F, 0x0F, 0x0F,
	0x0F, 0x0F, 0x0F, 0x0F, 0x0F, 0x0F, 0x0F, 0x0F, 0x0F, 0x0F, 0x0F, 0x0F, 0x0F, 0x0F, 0x0F, 0x0F,
	0x0F, 0x0F, 0x0F, 0x0F, 0x0F, 0x0F, 0x0F, 0x0F, 0x0F, 0x0F, 0x0F, 0x0F, 0x0F, 0x0F, 0x0F, 0x0F,
	0x0F, 0x0F, 0x0F, 0x0F, 0x0F, 0x0F, 0x0F, 0x0F, 0x0F, 0x0F, 0x0F, 0x0F, 0x0F, 0x0F, 0x0F, 0x0F,
	0x0F, 0x03, 0x03, 0x03, 0x03, 0x0F, 0x0F, 0x0F, 0x03, 0x03, 0x0F, 0x0F, 0x0F, 0x0F, 0x0F, 0x0F,
	0x0F, 0x0F, 0x0F, 0x0F, 0x0F, 0x0F, 0x00, 0x0F, 0x0F, 0x0F, 0x0F, 0x0F, 0x0F, 0x0F, 0x0F, 0x0F,
	0x0F, 0x0F, 0x0F, 0x0F, 0x0F, 0x0F, 0x0F, 0x0F, 0x0F, 0x0F, 0x0F, 0x0F, 0x0F, 0x0F, 0x0F, 0x0F,
	0x0F, 0x0F, 0x0F, 0x0F, 0x0F, 0x0F, 0x0F, 0x0F, 0x0F, 0x0F, 0x0F, 0x0F, 0x00, 0x0F, 0x0F, 0x0F,
	0x0F, 0x0F, 0x0F, 0x0F, 0x0F, 0x0F, 0x0F, 0x0F, 0x0F, 0x0F, 0x0F, 0x0F, 0x0F, 0x0F, 0x0F, 0x0F,
	0x0F, 0x0F, 0x0F, 0x0F, 0x0F, 0x0F, 0x0F, 0x0F, 0x0F, 0x0F, 0x0F, 0x0F, 0x0F, 0x0F, 0x0F, 0x0F,
	0x0F, 0x0F, 0x0F, 0x0F, 0x0F, 0x0F, 0x0F, 0x0F, 0x0F, 0x0F, 0x0F, 0x0F, 0x0F, 0x0F, 0x0F, 0x0F,
	0x0F, 0x0F, 0x0F, 0x0F, 0x0F, 0x0F, 0x0F, 0x0F, 0x0F, 0x0F, 0x0F, 0x0F, 0x0F, 0x0F, 0x0F, 0x0F,
	0x0F, 0x0F, 0x0F, 0x0F, 0x0F, 0x0F, 0x0F, 0x0F, 0x0F, 0x0F, 0x0F, 0x0F, 0x0F, 0x0F, 0x0F, 0x0F,
	0x0F, 0x0F, 0x0F, 0x0F, 0x0F, 0x0F, 0x0F, 0x0F, 0x0F, 0x0F, 0x0F, 0x0F, 0x0F, 0x0F, 0x0F, 0x0F,
	0x0F, 0x0F, 0x0F, 0x0F, 0x0F, 0x0F, 0x0F, 0x0F, 0x0F, 0x0F, 0x0F, 0x0F, 0x0F, 0x0F, 0x0F, 0x0F,
	0x0F, 0x0F, 0x0F, 0x0F, 0x0F, 0x0F, 0x0F, 0x0F, 0x0F, 0x0F, 0x0F, 0x0F, 0x0F, 0x0F, 0x0F, 0x0F,
	0x0F, 0x0F, 0x0F, 0x0F, 0x0F, 0x0F, 0x0F, 0x0F, 0x0F, 0x0F, 0x0F, 0x0F, 0x0F, 0x0F, 0x0F, 0x0F,
	0x0F, 0x0F, 0x0F, 0x0F, 0x00, 0x0F, 0x0F, 0x0F, 0x0F, 0x0F, 0x0F, 0x0F, 0x0F, 0x0F, 0x0F, 0x0F,
	0x0F, 0x0F, 0x0F, 0x0F, 0x0F, 0x0F, 0x0F, 0x0F, 0x0F, 0x0F, 0x0F, 0x0F, 0x0F, 0x0F, 0x0F, 0x0F,
	0x00, 0x00, 0x00, 0x00, 0x00, 0x00, 0x00, 0x00, 0x00, 0x00, 0x00, 0x00, 0x00, 0x00, 0x00, 0x00,
	0x00, 0x00, 0x0F, 0x0F, 0x0F, 0x0F, 0x0F, 0x0F, 0x0F, 0x0F, 0x0F, 0x0F, 0x0F, 0x0F, 0x0F, 0x0F,
	0x0F, 0x0F, 0x0F, 0x0F, 0x0F, 0x0F, 0x0F, 0x0F, 0x0F, 0x0F, 0x0F, 0x0F, 0x0F, 0x0F, 0x0F, 0x0F,
	0x0F, 0x0F, 0x0F, 0x0F, 0x0F, 0x0F, 0x0F, 0x0F, 0x0F, 0x0F, 0x0F, 0x0F, 0x0F, 0x0F, 0x0F, 0x0F,
	0x0F, 0x0F, 0x0F, 0x0F, 0x0F, 0x0F, 0x0F, 0x0F, 0x0F, 0x0F, 0x0F, 0x00, 0x00, 0x00, 0x0F, 0x0F,
	0x0F, 0x0F, 0x0F, 0x0F, 0x0F, 0x0F, 0x0F, 0x0F, 0x0F, 0x0F, 0x0F, 0x0F, 0x0F, 0x0F, 0x0F, 0x0F,
	0x0F, 0x0F, 0x0F, 0x0F, 0x0F, 0x0F, 0x0F, 0x0F, 0x0F, 0x0F, 0x0F, 0x0F, 0x0F, 0x0F, 0x0F, 0x0F,
	0x0F, 0x0F, 0x0F, 0x00, 0x0F, 0x0F, 0x0F, 0x0F, 0x0F, 0x0F, 0x0F, 0x0F, 0x0F, 0x0F, 0x0F, 0x0F,
	0x0F, 0x0F, 0x0F, 0x0F, 0x0F, 0x0F, 0x0F, 0x0F, 0x0F, 0x0F, 0x0F, 0x0F, 0x0F, 0x0F, 0x0F, 0x0F,
	0x0F, 0x0F, 0x0F, 0x0F, 0x0F, 0x0F, 0x0F, 0x0F, 0x0F, 0x0F, 0x0F, 0x0F, 0x0F, 0x0F, 0x0F, 0x0F,
	0x0F, 0x0F, 0x0F, 0x0F, 0x0F, 0x0F, 0x0F, 0x0F, 0x0F, 0x0F, 0x0F, 0x0F, 0x0F, 0x0F, 0x0F, 0x0F,
	0x0F, 0x0F, 0x0F, 0x0F, 0x0F, 0x0F, 0x0F, 0x0F, 0x0F, 0x0F, 0x0F, 0x0F, 0x0F, 0x0F, 0x0F, 0x0F,
	0x0F, 0x0F, 0x0F, 0x0F, 0x0F, 0x0F, 0x0F, 0x0F, 0x0F, 0x0F, 0x0F, 0x0F, 0x0F, 0x0F, 0x0F, 0x0F,
	0x0F, 0x0F, 0x0F, 0x00, 0x0F, 0x0F, 0x0F, 0x0F, 0x0F, 0x0F, 0x0F, 0x0F, 0x0F, 0x0F, 0x0F, 0x0F,
	0x00, 0x0F, 0x0F, 0x0F, 0x0F, 0x0F, 0x0F, 0x0F, 0x0F, 0x0F, 0x0F, 0x0F, 0x0F, 0x0F, 0x0F, 0x0F,
	0x0F, 0x0F, 0x0F, 0x0F, 0x0F, 0x0F, 0x0F, 0x0F, 0x0F, 0x0F, 0x0F, 0x0F, 0x0F, 0x0F, 0x0F, 0x0F,
	0x0F, 0x0F, 0x0F, 0x0F, 0x0F, 0x0F, 0x0F, 0x0F, 0x0F, 0x0F, 0x0F, 0x0F, 0x0F, 0x0F, 0x0F, 0x0F,
	0x0F, 0x0F, 0x0F, 0x0F, 0x0F, 0x0F, 0x0F, 0x0F, 0x0F, 0x0F, 0x0F, 0x0F, 0x0F, 0x0F, 0x0F, 0x0F,
	0x0F, 0x0F, 0x0F, 0x0F, 0x0F, 0x0F, 0x0F, 0x0F, 0x0F, 0x0F, 0x0F, 0x0F, 0x0F, 0x0F, 0x0F, 0x0F,
	0x0F, 0x0F, 0x0F, 0x0F, 0x0F, 0x0F, 0x0F, 0x0F, 0x0F, 0x0F, 0x0F, 0x0F, 0x0F, 0x0F, 0x0F, 0x0F,
	0x0F, 0x0F, 0x0F, 0x0F, 0x0F, 0x0F, 0x0F, 0x0F, 0x0F, 0x0F, 0x0F, 0x0F, 0x0F, 0x0F, 0x0F, 0x0F,
	0x0F, 0x0F, 0x0F, 0x0F, 0x0F, 0x0F, 0x0F, 0x0F, 0x0F, 0x0F, 0x0F, 0x0F, 0x0F, 0x0F, 0x0F, 0x0F,
	0x0F, 0x0F, 0x0F, 0x0F, 0x0F, 0x0F, 0x0F, 0x0F, 0x0F, 0x0F, 0x0F, 0x0F, 0x0F, 0x0F, 0x0F, 0x0F,
	0x0F, 0x0F, 0x0F, 0x0F, 0x0F, 0x0F, 0x0F, 0x0F, 0x0F, 0x0F, 0x0F, 0x0F, 0x0F, 0x0F, 0x0F, 0x0F,
	0x0F, 0x0F, 0x0F, 0x0F, 0x0F, 0x0F, 0x0F, 0x0F, 0x0F, 0x0F, 0x0F, 0x0F, 0x0F, 0x0F, 0x0F, 0x0F,
	0x0F, 0x0F, 0x0F, 0x0F, 0x0F, 0x0F, 0x0F, 0x0F, 0x0F, 0x0F, 0x0F, 0x0F, 0x0F, 0x0F, 0x0F, 0x0F,
	0x0F, 0x0F, 0x0F, 0x0F, 0x0F, 0x0F, 0x0F, 0x0F, 0x0F, 0x0F, 0x0F, 0x0F, 0x0F, 0x0F, 0x0F, 0x0F,
	0x0F, 0x0F, 0x0F, 0x0F, 0x0F, 0x0F, 0x0F, 0x0F, 0x0F, 0x0F, 0x0F, 0x0F, 0x0F, 0x0F, 0x0F, 0x0F,
	0x0F, 0x0F, 0x0F, 0x0F, 0x0F, 0x0F, 0x0F, 0x0F, 0x0F, 0x0F, 0x0F, 0x0F, 0x0F, 0x0F, 0x0F, 0x0F,
	0x00, 0x0F, 0x00, 0x00, 0x00, 0x0F, 0x0F, 0x00, 0x00, 0x0F, 0x0F, 0x0F, 0x0F, 0x0F, 0x00, 0x00,
	0x0F, 0x00, 0x0F, 0x0F, 0x0F, 0x0F, 0x0F, 0x0F, 0x0F, 0x0F, 0x0F, 0x0F, 0x0F, 0x0F, 0x0F, 0x0F,
	0x0F, 0x0F, 0x0F, 0x0F, 0x0F, 0x0F, 0x0F, 0x0F, 0x0F, 0x0F, 0x0F, 0x0F, 0x0F, 0x0F, 0x0F, 0x0F,
	0x0F, 0x0F, 0x0F, 0x0F, 0x0F, 0x0F, 0x0F, 0x0F, 0x0F, 0x0F, 0x0F, 0x0F, 0x0F, 0x0F, 0x0F, 0x0F,
	0x0F, 0x0F, 0x0F, 0x0F, 0x0F, 0x0F, 0x00, 0x0F, 0x0F, 0x0F, 0x0F, 0x0F, 0x0F, 0x0F, 0x0F, 0x0F,
	0x0F, 0x0F, 0x0F, 0x0F, 0x0F, 0x0F, 0x0F, 0x0F, 0x0F, 0x0F, 0x0F, 0x0F, 0x0F, 0x0F, 0x0F, 0x0F,
	0x0F, 0x0F, 0x0F, 0x0F, 0x0F, 0x0F, 0x0F, 0x0F, 0x0F, 0x0F, 0x0F, 0x0F, 0x0F, 0x0F, 0x0F, 0x0F,
	0x0F, 0x0F, 0x0F, 0x0F, 0x0F, 0x0F, 0x0F, 0x0F, 0x0F, 0x0F, 0x0F, 0x0F, 0x0F, 0x0F, 0x0F, 0x0F,
	0x0F, 0x0F, 0x0F, 0x0F, 0x0F, 0x0F, 0x0F, 0x0F, 0x0F, 0x0F, 0x0F, 0x0F, 0x0F, 0x0F, 0x0F, 0x0F,
	0x0F, 0x0F, 0x0F, 0x0F, 0x0F, 0x0F, 0x0F, 0x0F, 0x0F, 0x0F, 0x0F, 0x0F, 0x0F, 0x0F, 0x0F, 0x0F,
	0x0F, 0x0F, 0x0F, 0x0F, 0x0F, 0x0F, 0x0F, 0x0F, 0x0F, 0x0F, 0x0F, 0x0F, 0x03, 0x03, 0x03, 0x03,
	0x0F, 0x0F, 0x0F, 0x0F, 0x0F, 0x0F, 0x0F, 0x0F, 0x0F, 0x03, 0x0F, 0x0F, 0x0F, 0x0F, 0x0F, 0x0F,
	0x0F, 0x0F, 0x0F, 0x0F, 0x0F, 0x0F, 0x0F, 0x0F, 0x0F, 0x0F, 0x0F, 0x0F, 0x0F, 0x0F, 0x0F, 0x0F,
	0x0F, 0x0F, 0x0F, 0x0F, 0x0F, 0x0F, 0x0F, 0x0F, 0x0F, 0x0F, 0x0F, 0x0F, 0x0F, 0x0F, 0x0F, 0x0F,
	0x0F, 0x0F, 0x0F, 0x0F, 0x0F, 0x0F, 0x0F, 0x0F, 0x0F, 0x0F, 0x0F, 0x0F, 0x0F, 0x0F, 0x0F, 0x0F,
	0x0F, 0x0F, 0x0F, 0x0F, 0x0F, 0x0F, 0x0F, 0x0F, 0x0F, 0x0F, 0x0F, 0x0F, 0x0F, 0x0F, 0x0F, 0x0F,
	0x0F, 0x0F, 0x0F, 0x0F, 0x0F, 0x0F, 0x0F, 0x0F, 0x0F, 0x0F, 0x0F, 0x0F, 0x0F, 0x0F, 0x0F, 0x0F,
	0x0F, 0x0F, 0x0F, 0x0F, 0x0F, 0x0F, 0x0F, 0x0F, 0x0F, 0x0F, 0x0F, 0x0F, 0x0F, 0x0F, 0x0F, 0x0F,
	0x0F, 0x0F, 0x0F, 0x0F, 0x0F, 0x0F, 0x0F, 0x0F, 0x0F, 0x0F, 0x0F, 0x0F, 0x0F, 0x0F, 0x0F, 0x0F,
	0x0F, 0x0F, 0x0F, 0x0F, 0x0F, 0x0F, 0x0F, 0x0F, 0x0F, 0x0F, 0x0F, 0x0F, 0x0F, 0x00, 0x0F, 0x0F,
	0x0F, 0x0F, 0x0F, 0x0F, 0x0F, 0x0F, 0x0F, 0x0F, 0x0F, 0x0F, 0x0F, 0x0F, 0x0F, 0x0F, 0x0F, 0x0F,
	0x05, 0x05, 0x05, 0x05, 0x05, 0x05, 0x05, 0x05, 0x05, 0x05, 0x05, 0x05, 0x05, 0x05, 0x05, 0x05,
	0x05, 0x05, 0x05, 0x05, 0x05, 0x05, 0x05, 0x05, 0x05, 0x05, 0x05, 0x05, 0x05, 0x05, 0x05, 0x05,
	0x05, 0x05, 0x05, 0x05, 0x05, 0x05, 0x05, 0x05, 0x05, 0x05, 0x05, 0x05, 0x05, 0x05, 0x05, 0x05,
	0x05, 0x05, 0x05, 0x05, 0x05, 0x05, 0x05, 0x05, 0x05, 0x05, 0x05, 0x05, 0x05, 0x05, 0x05, 0x05,
	0x05, 0x05, 0x05, 0x05, 0x05, 0x05, 0x05, 0x05, 0x05, 0x05, 0x05, 0x05, 0x05, 0x05, 0x05, 0x05,
	0x05, 0x05, 0x05, 0x05, 0x05, 0x05, 0x05, 0x05, 0x05, 0x05, 0x05, 0x05, 0x05, 0x05, 0x05, 0x05,
	0x05, 0x05, 0x05, 0x05, 0x05, 0x05, 0x05, 0x05, 0x05, 0x05, 0x05, 0x05, 0x05, 0x05, 0x05, 0x05,
	0x05, 0x05, 0x05, 0x05, 0x05, 0x05, 0x05, 0x05, 0x05, 0x05, 0x05, 0x05, 0x05, 0x05, 0x05, 0x05,
	0x05, 0x05, 0x05, 0x05, 0x05, 0x05, 0x05, 0x05, 0x05, 0x05, 0x05, 0x05, 0x05, 0x05, 0x05, 0x05,
	0x05, 0x05, 0x05, 0x05, 0x05, 0x05, 0x05, 0x05, 0x05, 0x05, 0x05, 0x05, 0x05, 0x05, 0x05, 0x05,
	0x05, 0x05, 0x05, 0x05, 0x05, 0x05, 0x05, 0x05, 0x05, 0x05, 0x05, 0x05, 0x05, 0x05, 0x05, 0x05,
	0x05, 0x05, 0x05, 0x05, 0x05, 0x05, 0x05, 0x05, 0x05, 0x05, 0x05, 0x05, 0x05, 0x05, 0x05, 0x05,
	0x05, 0x05, 0x05, 0x05, 0x05, 0x05, 0x05, 0x05, 0x05, 0x05, 0x05, 0x05, 0x05, 0x05, 0x05, 0x05,
	0x05, 0x05, 0x05, 0x05, 0x05, 0x05, 0x05, 0x05, 0x05, 0x05, 0x05, 0x05, 0x05, 0x05, 0x05, 0x05,
	0x05, 0x05, 0x05, 0x05, 0x05, 0x05, 0x05, 0x05, 0x05, 0x05, 0x05, 0x05, 0x05, 0x05, 0x05, 0x05,
	0x05, 0x05, 0x05, 0x05, 0x05, 0x05, 0x05, 0x05, 0x05, 0x05, 0x05, 0x05, 0x05, 0x05, 0x05, 0x05,
	0x05, 0x05, 0x05, 0x05, 0x05, 0x05, 0x05, 0x05, 0x05, 0x05, 0x05, 0x05, 0x05, 0x05, 0x05, 0x05,
	0x05, 0x05, 0x05, 0x05, 0x05, 0x05, 0x05, 0x05, 0x05, 0x05, 0x05, 0x05, 0x05, 0x05, 0x05, 0x05,
	0x05, 0x05, 0x05, 0x05, 0x05, 0x05, 0x05, 0x05, 0x05, 0x05, 0x05, 0x05, 0x05, 0x05, 0x05, 0x05,
	0x05, 0x05, 0x05, 0x05, 0x05, 0x05, 0x05, 0x05, 0x05, 0x05, 0x05, 0x05, 0x05, 0x05, 0x05, 0x05,
	0x05, 0x05, 0x05, 0x05, 0x05, 0x05, 0x05, 0x05, 0x05, 0x05, 0x05, 0x05, 0x05, 0x05, 0x05, 0x05,
	0x05, 0x05, 0x05, 0x05, 0x05, 0x05, 0x05, 0x05, 0x05, 0x05, 0x05, 0x05, 0x05, 0x05, 0x05, 0x05,
	0x05, 0x05, 0x05, 0x05, 0x05, 0x05, 0x05, 0x05, 0x05, 0x05, 0x05, 0x05, 0x05, 0x05, 0x05, 0x05,
	0x05, 0x05, 0x05, 0x05, 0x05, 0x05, 0x05, 0x05, 0x05, 0x05, 0x05, 0x05, 0x05, 0x05, 0x05, 0x05,
	0x05, 0x05, 0x05, 0x05, 0x05, 0x05, 0x05, 0x05, 0x05, 0x05, 0x05, 0x05, 0x05, 0x05, 0x05, 0x05,
	0x05, 0x05, 0x05, 0x05, 0x05, 0x05, 0x05, 0x05, 0x05, 0x05, 0x05, 0x05, 0x05, 0x05, 0x05, 0x05,
	0x05, 0x05, 0x05, 0x05, 0x0F, 0x0F, 0x0F, 0x0F, 0x0F, 0x0F, 0x0F, 0x0F, 0x0F, 0x0F, 0x0F, 0x0F,
	0x0F, 0x0F, 0x0F, 0x0F, 0x0F, 0x0F, 0x0F, 0x0F, 0x0F, 0x0F, 0x0F, 0x0F, 0x0F, 0x0F, 0x0F, 0x0F,
	0x0F, 0x0F, 0x0F, 0x0F, 0x0F, 0x0F, 0x0F, 0x0F, 0x0F, 0x0F, 0x0F, 0x0F, 0x0F, 0x0F, 0x0F, 0x0F,
	0x0F, 0x0F, 0x0F, 0x0F, 0x0F, 0x0F, 0x0F, 0x0F, 0x0F, 0x0F, 0x0F, 0x0F, 0x0F, 0x0F, 0x0F, 0x0F,
	0x0F, 0x0F, 0x0F, 0x0F, 0x0F, 0x0F, 0x0F, 0x0F, 0x0F, 0x0F, 0x0F, 0x0F, 0x0F, 0x0F, 0x0F, 0x0F,
	0x0F, 0x0F, 0x0F, 0x0F, 0x0F, 0x0F, 0x0F, 0x0F, 0x0F, 0x0F, 0x0F, 0x0F, 0x0F, 0x0F, 0x0F, 0x0F,
	0x00, 0x00, 0x00, 0x00, 0x00, 0x00, 0x00, 0x00, 0x00, 0x00, 0x00, 0x00, 0x00, 0x00, 0x00, 0x00,
	0x00, 0x00, 0x00, 0x00, 0x00, 0x00, 0x00, 0x00, 0x00, 0x00, 0x00, 0x00, 0x00, 0x00, 0x00, 0x00,
	0x00, 0x00, 0x00, 0x00, 0x00, 0x00, 0x00, 0x00, 0x00, 0x00, 0x00, 0x00, 0x00, 0x00, 0x00, 0x00,
	0x00, 0x00, 0x00, 0x00, 0x00, 0x00, 0x00, 0x00, 0x00, 0x00, 0x00, 0x00, 0x00, 0x00, 0x00, 0x00,
	0x00, 0x00, 0x00, 0x00, 0x00, 0x00, 0x00, 0x00, 0x00, 0x00, 0x00, 0x00, 0x00, 0x00, 0x00, 0x00,
	0x00, 0x00, 0x00, 0x00, 0x00, 0x00, 0x00, 0x00, 0x00, 0x00, 0x00, 0x00, 0x00, 0x00, 0x00, 0x00,
	0x00, 0x00, 0x00, 0x00, 0x00, 0x00, 0x00, 0x00, 0x00, 0x00, 0x00, 0x00, 0x00, 0x00, 0x00, 0x00,
	0x00, 0x00, 0x00, 0x00, 0x00, 0x00, 0x00, 0x00, 0x00, 0x00, 0x00, 0x00, 0x00, 0x00, 0x00, 0x00,
	0x00, 0x00, 0x00, 0x00, 0x00, 0x00, 0x00, 0x00, 0x00, 0x00, 0x00, 0x00, 0x00, 0x00, 0x00, 0x00,
	0x00, 0x00, 0x00, 0x00, 0x00, 0x00, 0x00, 0x00, 0x00, 0x00, 0x00, 0x00, 0x00, 0x00, 0x00, 0x00,
	0x00, 0x00, 0x00, 0x00, 0x00, 0x00, 0x00, 0x00, 0x00, 0x00, 0x00, 0x00, 0x00, 0x00, 0x00, 0x00,
	0x00, 0x00, 0x00, 0x00, 0x00, 0x00, 0x00, 0x00, 0x00, 0x00, 0x00, 0x00, 0x00, 0x00, 0x00, 0x00,
	0x00, 0x00, 0x00, 0x00, 0x00, 0x00, 0x00, 0x00, 0x00, 0x00, 0x00, 0x00, 0x00, 0x00, 0x00, 0x00,
	0x00, 0x00, 0x00, 0x00, 0x00, 0x00, 0x00, 0x00, 0x00, 0x00, 0x00, 0x00, 0x00, 0x00, 0x00, 0x00,
	0x00, 0x00, 0x00, 0x00, 0x00, 0x00, 0x00, 0x00, 0x00, 0x00, 0x00, 0x00, 0x00, 0x00, 0x00, 0x00,
	0x00, 0x00, 0x00, 0x00, 0x00, 0x00, 0x00, 0x00, 0x00, 0x00, 0x00, 0x00, 0x00, 0x00, 0x00, 0x00,
	0x00, 0x00, 0x00, 0x00, 0x00, 0x00, 0x00, 0x00, 0x00, 0x00, 0x00, 0x00, 0x00, 0x00, 0x0F, 0x0F,
	0x00, 0x0F, 0x00, 0x0F, 0x0F, 0x00, 0x00, 0x00, 0x00, 0x00, 0x00, 0x00, 0x00, 0x00, 0x00, 0x0F,
	0x00, 0x0F, 0x00, 0x0F, 0x0F, 0x00, 0x00, 0x0F, 0x0F, 0x0F, 0x00, 0x00, 0x00, 0x00, 0x00, 0x00,
	0x00, 0x00, 0x00, 0x00, 0x00, 0x00, 0x00, 0x00, 0x00, 0x00, 0x00, 0x00, 0x00, 0x00, 0x00, 0x00,
	0x00, 0x00, 0x00, 0x00, 0x00, 0x00, 0x00, 0x00, 0x00, 0x00, 0x00, 0x00, 0x00, 0x00, 0x00, 0x00,
	0x00, 0x00, 0x00, 0x00, 0x00, 0x00, 0x00, 0x00, 0x00, 0x00, 0x00, 0x00, 0x00, 0x00, 0x00, 0x00,
	0x00, 0x00, 0x00, 0x00, 0x00, 0x00, 0x00, 0x00, 0x00, 0x00, 0x00, 0x00, 0x00, 0x00, 0x0F, 0x0F,
	0x00, 0x00, 0x00, 0x00, 0x00, 0x00, 0x00, 0x00, 0x00, 0x00, 0x00, 0x00, 0x00, 0x00, 0x00, 0x00,
	0x00, 0x00, 0x00, 0x00, 0x00, 0x00, 0x00, 0x00, 0x00, 0x00, 0x00, 0x00, 0x00, 0x00, 0x00, 0x00,
	0x00, 0x00, 0x00, 0x00, 0x00, 0x00, 0x00, 0x00, 0x00, 0x00, 0x00, 0x00, 0x00, 0x00, 0x00, 0x00,
	0x00, 0x00, 0x00, 0x00, 0x00, 0x00, 0x00, 0x00, 0x00, 0x00, 0x00, 0x00, 0x00, 0x00, 0x00, 0x00,
	0x00, 0x00, 0x00, 0x00, 0x00, 0x00, 0x00, 0x00, 0x00, 0x00, 0x00, 0x00, 0x00, 0x00, 0x00, 0x00,
	0x00, 0x00, 0x00, 0x00, 0x00, 0x00, 0x00, 0x00, 0x00, 0x00, 0x00, 0x00, 0x00, 0x00, 0x00, 0x00,
	0x00, 0x00, 0x00, 0x00, 0x00, 0x00, 0x00, 0x00, 0x00, 0x00, 0x0F, 0x0F, 0x0F, 0x0F, 0x0F, 0x0F,
	0x0F, 0x0F, 0x0F, 0x0F, 0x0F, 0x0F, 0x0F, 0x0F, 0x0F, 0x0F, 0x0F, 0x0F, 0x0F, 0x0F, 0x0F, 0x0F,
	0x0F, 0x0F, 0x0F, 0x0F, 0x0F, 0x0F, 0x0F, 0x0F, 0x0F, 0x0F, 0x0F, 0x0F, 0x0F, 0x0F, 0x0F, 0x0F,
	0x03, 0x03, 0x03, 0x03, 0x03, 0x03, 0x03, 0x0F, 0x0F, 0x0F, 0x0F, 0x0F, 0x0F, 0x0F, 0x0F, 0x0F,
	0x0F, 0x0F, 0x0F, 0x03, 0x03, 0x03, 0x03, 0x03, 0x0F, 0x0F, 0x0F, 0x0F, 0x0F, 0x00, 0x00, 0x00,
	0x03, 0x03, 0x03, 0x03, 0x03, 0x03, 0x03, 0x03, 0x03, 0x03, 0x00, 0x00, 0x00, 0x00, 0x00, 0x00,
	0x00, 0x00, 0x00, 0x00, 0x00, 0x00, 0x00, 0x0F, 0x00, 0x00, 0x00, 0x00, 0x00, 0x0F, 0x00, 0x0F,
	0x00, 0x00, 0x0F, 0x00, 0x00, 0x0F, 0x00, 0x00, 0x00, 0x00, 0x00, 0x00, 0x00, 0x00, 0x00, 0x03,
	0x03, 0x03, 0x03, 0x03, 0x03, 0x03, 0x03, 0x03, 0x03, 0x03, 0x03, 0x03, 0x03, 0x03, 0x03, 0x03,
	0x03, 0x03, 0x03, 0x03, 0x03, 0x03, 0x03, 0x03, 0x03, 0x03, 0x03, 0x03, 0x03, 0x03, 0x03, 0x03,
	0x03, 0x03, 0x03, 0x03, 0x03, 0x03, 0x03, 0x03, 0x03, 0x03, 0x03, 0x03, 0x03, 0x03, 0x03, 0x03,
	0x03, 0x03, 0x03, 0x03, 0x03, 0x03, 0x03, 0x03, 0x03, 0x03, 0x03, 0x03, 0x03, 0x03, 0x03, 0x03,
	0x03, 0x03, 0x03, 0x03, 0x03, 0x03, 0x03, 0x03, 0x03, 0x03, 0x03, 0x03, 0x03, 0x03, 0x03, 0x03,
	0x03, 0x03, 0x03, 0x03, 0x03, 0x03, 0x03, 0x03, 0x03, 0x03, 0x03, 0x03, 0x03, 0x03, 0x03, 0x03,
	0x03, 0x03, 0x0F, 0x0F, 0x0F, 0x0F, 0x0F, 0x0F, 0x0F, 0x0F, 0x0F, 0x0F, 0x0F, 0x0F, 0x0F, 0x0F,
	0x0F, 0x0F, 0x0F, 0x0F, 0x0F, 0x0F, 0x0F, 0x0F, 0x0F, 0x0F, 0x0F, 0x0F, 0x0F, 0x0F, 0x0F, 0x0F,
	0x0F, 0x0F, 0x0F, 0x03, 0x03, 0x03, 0x03, 0x03, 0x03, 0x03, 0x03, 0x03, 0x03, 0x03, 0x03, 0x03,
	0x03, 0x03, 0x03, 0x03, 0x03, 0x03, 0x03, 0x03, 0x03, 0x03, 0x03, 0x03, 0x03, 0x03, 0x03, 0x03,
	0x03, 0x03, 0x03, 0x03, 0x03, 0x03, 0x03, 0x03, 0x03, 0x03, 0x03, 0x03, 0x03, 0x03, 0x03, 0x03,
	0x03, 0x03, 0x03, 0x03, 0x03, 0x03, 0x03, 0x03, 0x03, 0x03, 0x03, 0x03, 0x03, 0x03, 0x03, 0x03,
	0x03, 0x03, 0x03, 0x03, 0x03, 0x03, 0x03, 0x03, 0x03, 0x03, 0x03, 0x03, 0x03, 0x03, 0x03, 0x03,
	0x03, 0x03, 0x03, 0x03, 0x03, 0x03, 0x03, 0x03, 0x03, 0x03, 0x03, 0x03, 0x03, 0x03, 0x03, 0x03,
	0x03, 0x03, 0x03, 0x03, 0x03, 0x03, 0x03, 0x03, 0x03, 0x03, 0x03, 0x03, 0x03, 0x03, 0x0F, 0x0F,
	0x0F, 0x0F, 0x0F, 0x0F, 0x0F, 0x0F, 0x0F, 0x0F, 0x0F, 0x0F, 0x0F, 0x0F, 0x0F, 0x0F, 0x0F, 0x0F,
	0x03, 0x03, 0x03, 0x03, 0x03, 0x03, 0x03, 0x03, 0x03, 0x03, 0x03, 0x03, 0x03, 0x03, 0x03, 0x03,
	0x03, 0x03, 0x03, 0x03, 0x03, 0x03, 0x03, 0x03, 0x03, 0x03, 0x03, 0x03, 0x03, 0x03, 0x03, 0x03,
	0x03, 0x03, 0x03, 0x03, 0x03, 0x03, 0x03, 0x03, 0x03, 0x03, 0x03, 0x03, 0x03, 0x03, 0x03, 0x03,
	0x03, 0x03, 0x03, 0x03, 0x03, 0x03, 0x03, 0x03, 0x03, 0x03, 0x03, 0x03, 0x03, 0x03, 0x03, 0x03,
	0x0F, 0x0F, 0x03, 0x03, 0x03, 0x03, 0x03, 0x03, 0x03, 0x03, 0x03, 0x03, 0x03, 0x03, 0x03, 0x03,
	0x03, 0x03, 0x03, 0x03, 0x03, 0x03, 0x03, 0x03, 0x03, 0x03, 0x03, 0x03, 0x03, 0x03, 0x03, 0x03,
	0x03, 0x03, 0x03, 0x03, 0x03, 0x03, 0x03, 0x03, 0x03, 0x03, 0x03, 0x03, 0x03, 0x03, 0x03, 0x03,
	0x03, 0x03, 0x03, 0x03, 0x03, 0x03, 0x03, 0x03, 0x0F, 0x0F, 0x0F, 0x0F, 0x0F, 0x0F, 0x0F, 0x0F,
	0x0F, 0x0F, 0x0F, 0x0F, 0x0F, 0x0F, 0x0F, 0x0F, 0x0F, 0x0F, 0x0F, 0x0F, 0x0F, 0x0F, 0x0F, 0x0F,
	0x0F, 0x0F, 0x0F, 0x0F, 0x0F, 0x0F, 0x0F, 0x0F, 0x0F, 0x0F, 0x0F, 0x0F, 0x0F, 0x0F, 0x0F, 0x0F,
	0x03, 0x03, 0x03, 0x03, 0x03, 0x03, 0x03, 0x03, 0x03, 0x03, 0x03, 0x03, 0x03, 0x0F, 0x0F, 0x0F,
	0x0F, 0x0F, 0x0F, 0x0F, 0x0F, 0x0F, 0x0F, 0x0F, 0x0F, 0x0F, 0x0F, 0x0F, 0x0F, 0x0F, 0x0F, 0x0F,
	0x03, 0x03, 0x03, 0x03, 0x03, 0x03, 0x03, 0x03, 0x03, 0x03, 0x0F, 0x0F, 0x0F, 0x0F, 0x0F, 0x0F,
	0x00, 0x00, 0x00, 0x00, 0x00, 0x00, 0x00, 0x00, 0x00, 0x00, 0x00, 0x00, 0x00, 0x00, 0x00, 0x00,
	0x03, 0x03, 0x03, 0x03, 0x03, 0x03, 0x03, 0x03, 0x03, 0x03, 0x03, 0x03, 0x03, 0x03, 0x03, 0x03,
	0x03, 0x03, 0x03, 0x03, 0x03, 0x0F, 0x0F, 0x03, 0x03, 0x03, 0x03, 0x03, 0x03, 0x03, 0x03, 0x03,
	0x03, 0x03, 0x03, 0x0F, 0x03, 0x03, 0x03, 0x03, 0x03, 0x03, 0x03, 0x03, 0x03, 0x03, 0x03, 0x03,
	0x03, 0x03, 0x03, 0x03, 0x03, 0x03, 0x03, 0x0F, 0x03, 0x03, 0x03, 0x03, 0x0F, 0x0F, 0x0F, 0x0F,
	0x03, 0x03, 0x03, 0x0F, 0x03, 0x0F, 0x03, 0x03, 0x03, 0x03, 0x03, 0x03, 0x03, 0x03, 0x03, 0x03,
	0x03, 0x03, 0x03, 0x03, 0x03, 0x03, 0x03, 0x03, 0x03, 0x03, 0x03, 0x03, 0x03, 0x03, 0x03, 0x03,
	0x03, 0x03, 0x03, 0x03, 0x03, 0x03, 0x03, 0x03, 0x03, 0x03, 0x03, 0x03, 0x03, 0x03, 0x03, 0x03,
	0x03, 0x03, 0x03, 0x03, 0x03, 0x03, 0x03, 0x03, 0x03, 0x03, 0x03, 0x03, 0x03, 0x03, 0x03, 0x03,
	0x03, 0x03, 0x03, 0x03, 0x03, 0x03, 0x03, 0x03, 0x03, 0x03, 0x03, 0x03, 0x03, 0x03, 0x03, 0x03,
	0x03, 0x03, 0x03, 0x03, 0x03, 0x03, 0x03, 0x03, 0x03, 0x03, 0x03, 0x03, 0x03, 0x03, 0x03, 0x03,
	0x03, 0x03, 0x03, 0x03, 0x03, 0x03, 0x03, 0x03, 0x03, 0x03, 0x03, 0x03, 0x03, 0x03, 0x03, 0x03,
	0x03, 0x03, 0x03, 0x03, 0x03, 0x03, 0x03, 0x03, 0x03, 0x03, 0x03, 0x03, 0x03, 0x03, 0x03, 0x03,
	0x03, 0x03, 0x03, 0x03, 0x03, 0x03, 0x03, 0x03, 0x03, 0x03, 0x03, 0x03, 0x03, 0x0F, 0x0F, 0x0F,
	0x0F, 0x03, 0x03, 0x03, 0x03, 0x03, 0x03, 0x03, 0x03, 0x03, 0x03, 0x03, 0x03, 0x03, 0x03, 0x03,
	0x03, 0x03, 0x03, 0x03, 0x03, 0x03, 0x03, 0x03, 0x03, 0x03, 0x03, 0x03, 0x03, 0x03, 0x03, 0x03,
	0x03, 0x03, 0x03, 0x03, 0x03, 0x03, 0x03, 0x03, 0x03, 0x03, 0x03, 0x03, 0x03, 0x03, 0x03, 0x03,
	0x03, 0x03, 0x03, 0x03, 0x03, 0x03, 0x03, 0x03, 0x03, 0x03, 0x03, 0x03, 0x03, 0x03, 0x03, 0x03,
	0x03, 0x03, 0x03, 0x03, 0x03, 0x03, 0x03, 0x03, 0x03, 0x03, 0x03, 0x03, 0x03, 0x03, 0x03, 0x03,
	0x03, 0x03, 0x03, 0x03, 0x03, 0x03, 0x03, 0x03, 0x03, 0x03, 0x03, 0x03, 0x03, 0x03, 0x03, 0x03,
	0x03, 0x03, 0x03, 0x03, 0x03, 0x03, 0x03, 0x03, 0x03, 0x03, 0x03, 0x03, 0x03, 0x03, 0x03, 0x03,
	0x03, 0x03, 0x03, 0x03, 0x03, 0x03, 0x03, 0x03, 0x03, 0x03, 0x03, 0x03, 0x03, 0x03, 0x03, 0x03,
	0x03, 0x03, 0x03, 0x03, 0x03, 0x03, 0x03, 0x03, 0x03, 0x03, 0x03, 0x03, 0x03, 0x03, 0x03, 0x03,
	0x03, 0x03, 0x03, 0x03, 0x03, 0x03, 0x03, 0x03, 0x03, 0x03, 0x03, 0x03, 0x03, 0x03, 0x03, 0x03,
	0x03, 0x03, 0x03, 0x03, 0x03, 0x03, 0x03, 0x03, 0x03, 0x03, 0x03, 0x03, 0x03, 0x03, 0x03, 0x03,
	0x03, 0x03, 0x03, 0x03, 0x03, 0x03, 0x03, 0x03, 0x03, 0x03, 0x03, 0x03, 0x03, 0x03, 0x03, 0x0F,
	0x0F, 0x0F, 0x03, 0x03, 0x03, 0x03, 0x03, 0x03, 0x0F, 0x0F, 0x03, 0x03, 0x03, 0x03, 0x03, 0x03,
	0x0F, 0x0F, 0x03, 0x03, 0x03, 0x03, 0x03, 0x03, 0x0F, 0x0F, 0x03, 0x03, 0x03, 0x0F, 0x0F, 0x0F,
	0x03, 0x03, 0x03, 0x03, 0x03, 0x03, 0x03, 0x0F, 0x03, 0x03, 0x03, 0x03, 0x03, 0x03, 0x03, 0x0F,
	0x0F, 0x0F, 0x0F, 0x0F, 0x0F, 0x0F, 0x0F, 0x0F, 0x0F, 0x0F, 0x0F, 0x0F, 0x0F, 0x0F, 0x0F, 0x0F,
	0x0F, 0x0F, 0x0F, 0x0F, 0x0F, 0x0F, 0x0F, 0x0F, 0x0F, 0x0F, 0x0F, 0x0F, 0x0F, 0x0F, 0x0F, 0x0F,
	0x0F, 0x0F, 0x0F, 0x0F, 0x0F, 0x0F, 0x0F, 0x0F, 0x0F, 0x0F, 0x0F, 0x0F, 0x0F, 0x0F, 0x0F, 0x0F,
	0x0F, 0x0F, 0x0F, 0x0F, 0x0F, 0x0F, 0x0F, 0x0F, 0x0F, 0x0F, 0x0F, 0x0F, 0x0F, 0x0F, 0x0F, 0x0F,
	0x0F, 0x0F, 0x0F, 0x0F, 0x0F, 0x0F, 0x0F, 0x0F, 0x0F, 0x0F, 0x0F, 0x0F, 0x0F, 0x0F, 0x0F, 0x0F,
	0x0F, 0x0F, 0x0F, 0x0F, 0x0F, 0x0F, 0x0F, 0x0F, 0x0F, 0x0F, 0x0F, 0x0F, 0x0F, 0x0F, 0x0F, 0x0F,
	0x0F, 0x0F, 0x0F, 0x0F, 0x0F, 0x0F, 0x0F, 0x0F, 0x0F, 0x0F, 0x0F, 0x0F, 0x0F, 0x0F, 0x0F, 0x0F,
	0x0F, 0x0F, 0x0F, 0x0F, 0x0F, 0x0F, 0x0F, 0x0F, 0x0F, 0x0F, 0x0F, 0x0F, 0x0F, 0x0F, 0x0F, 0x0F,
	0x0F, 0x0F, 0x0F, 0x0F, 0x0F, 0x0F, 0x0F, 0x0F, 0x0F, 0x0F, 0x0F, 0x0F, 0x0F, 0x0F, 0x0F, 0x0F,
	0x0F, 0x0F, 0x0F, 0x0F, 0x0F, 0x0F, 0x0F, 0x0F, 0x0F, 0x0F, 0x0F, 0x0F, 0x0F, 0x0F, 0x0F, 0x0F,
	0x0F, 0x0F, 0x0F, 0x0F, 0x0F, 0x0F, 0x0F, 0x0F, 0x0F, 0x0F, 0x0F, 0x0F, 0x0F, 0x0F, 0x0F, 0x0F,
	0x0F, 0x0F, 0x0F, 0x0F, 0x0F, 0x0F, 0x0F, 0x0F, 0x0F, 0x0F, 0x0F, 0x0F, 0x0F, 0x0F, 0x0F, 0x0F,
	0x0F, 0x0F, 0x0F, 0x0F, 0x0F, 0x0F, 0x0F, 0x0F, 0x0F, 0x0F, 0x0F, 0x0F, 0x0F, 0x0F, 0x0F, 0x0F,
	0x0F, 0x0F, 0x0F, 0x0F, 0x0F, 0x0F, 0x0F, 0x0F, 0x0F, 0x0F, 0x0F, 0x0F, 0x0F, 0x0F, 0x0F, 0x0F,
	0x0F, 0x0F, 0x0F, 0x0F, 0x0F, 0x0F, 0x0F, 0x0F, 0x0F, 0x0F, 0x0F, 0x0F, 0x0F, 0x0F, 0x0F, 0x0F,
	0x0F, 0x0F, 0x0F, 0x0F, 0x0F, 0x0F, 0x0F, 0x0F, 0x0F, 0x0F, 0x0F, 0x0F, 0x0F, 0x0F, 0x0F, 0x0F,
	0x0F, 0x0F, 0x0F, 0x0F, 0x0F, 0x0F, 0x0F, 0x0F, 0x0F, 0x0F, 0x0F, 0x0F, 0x0F, 0x00, 0x0F, 0x0F,
	0x0F, 0x0F, 0x0F, 0x0F, 0x0F, 0x0F, 0x0F, 0x0F, 0x0F, 0x0F, 0x0F, 0x0F, 0x0F, 0x0F, 0x0F, 0x0F,
	0x0F, 0x0F, 0x0F, 0x0F, 0x0F, 0x0F, 0x0F, 0x0F, 0x0F, 0x0F, 0x0F, 0x0F, 0x0F, 0x0F, 0x0F, 0x0F,
	0x0F, 0x0F, 0x0F, 0x0F, 0x0F, 0x0F, 0x0F, 0x0F, 0x0F, 0x0F, 0x0F, 0x0F, 0x0F, 0x0F, 0x0F, 0x0F,
	0x0F, 0x0F, 0x0F, 0x0F, 0x0F, 0x0F, 0x0F, 0x0F, 0x0F, 0x0F, 0x0F, 0x0F, 0x0F, 0x0F, 0x0F, 0x0F,
	0x0F, 0x0F, 0x0F, 0x0F, 0x0F, 0x0F, 0x0F, 0x0F, 0x0F, 0x0F, 0x0F, 0x0F, 0x0F, 0x0F, 0x0F, 0x0F,
	0x0F, 0x0F, 0x0F, 0x0F, 0x0F, 0x0F, 0x0F, 0x0F, 0x0F, 0x0F, 0x0F, 0x0F, 0x0F, 0x0F, 0x0F, 0x0F,
	0x0F, 0x0F, 0x0F, 0x0F, 0x0F, 0x0F, 0x0F, 0x0F, 0x0F, 0x0F, 0x0F, 0x0F, 0x0F, 0x0F, 0x0F, 0x0F,
	0x0F, 0x0F, 0x0F, 0x0F, 0x0F, 0x0F, 0x0F, 0x0F, 0x0F, 0x0F, 0x0F, 0x0F, 0x0F, 0x0F, 0x0F, 0x0F,
	0x0F, 0x0F, 0x0F, 0x0F, 0x0F, 0x0F, 0x0F, 0x0F, 0x0F, 0x0F, 0x0F, 0x0F, 0x0F, 0x0F, 0x0F, 0x0F,
	0x0F, 0x0F, 0x0F, 0x0F, 0x0F, 0x0F, 0x0F, 0x0F, 0x0F, 0x0F, 0x0F, 0x0F, 0x0F, 0x0F, 0x0F, 0x0F,
	0x0F, 0x0F, 0x0F, 0x0F, 0x0F, 0x0F, 0x0F, 0x0F, 0x0F, 0x0F, 0x0F, 0x0F, 0x0F, 0x0F, 0x0F, 0x0F,
	0x0F, 0x0F, 0x0F, 0x0F, 0x0F, 0x0F, 0x0F, 0x0F, 0x0F, 0x0F, 0x0F, 0x0F, 0x0F, 0x0F, 0x0F, 0x0F,
	0x0F, 0x0F, 0x0F, 0x0F, 0x0F, 0x0F, 0x0F, 0x0F, 0x0F, 0x0F, 0x0F, 0x0F, 0x0F, 0x0F, 0x0F, 0x0F,
	0x0F, 0x0F, 0x0F, 0x0F, 0x0F, 0x0F, 0x0F, 0x0F, 0x0F, 0x0F, 0x0F, 0x0F, 0x0F, 0x0F, 0x0F, 0x0F,
	0x00, 0x0F, 0x0F, 0x0F, 0x0F, 0x0F, 0x0F, 0x0F, 0x0F, 0x0F, 0x0F, 0x0F, 0x0F, 0x0F, 0x0F, 0x0F,
	0x0F, 0x0F, 0x0F, 0x0F, 0x0F, 0x0F, 0x0F, 0x0F, 0x0F, 0x0F, 0x0F, 0x0F, 0x0F, 0x0F, 0x0F, 0x0F,
	0x0F, 0x0F, 0x0F, 0x0F, 0x0F, 0x0F, 0x0F, 0x0F, 0x0F, 0x0F, 0x0F, 0x0F, 0x0F, 0x0F, 0x0F, 0x0F,
	0x0F, 0x0F, 0x0F, 0x0F, 0x0F, 0x0F, 0x0F, 0x0F, 0x0F, 0x0F, 0x0F, 0x0F, 0x0F, 0x0F, 0x0F, 0x0F,
	0x0F, 0x0F, 0x0F, 0x0F, 0x0F, 0x0F, 0x0F, 0x0F, 0x0F, 0x0F, 0x0F, 0x0F, 0x0F, 0x0F, 0x0F, 0x0F,
	0x0F, 0x0F, 0x0F, 0x0F, 0x0F, 0x0F, 0x0F, 0x0F, 0x0F, 0x0F, 0x0F, 0x0F, 0x0F, 0x0F, 0x0F, 0x0F,
	0x0F, 0x0F, 0x0F, 0x0F, 0x0F, 0x0F, 0x0F, 0x0F, 0x0F, 0x0F, 0x0F, 0x0F, 0x0F, 0x0F, 0x0F, 0x0F,
	0x0F, 0x0F, 0x0F, 0x0F, 0x0F, 0x0F, 0x0F, 0x0F, 0x0F, 0x0F, 0x0F, 0x0F, 0x0F, 0x0F, 0x0F, 0x0F,
	0x0F, 0x0F, 0x0F, 0x0F, 0x0F, 0x0F, 0x0F, 0x0F, 0x0F, 0x0F, 0x0F, 0x0F, 0x0F, 0x0F, 0x0F, 0x0F,
	0x0F, 0x0F, 0x0F, 0x0F, 0x0F, 0x0F, 0x00, 0x00, 0x00, 0x00, 0x00, 0x0F, 0x0F, 0x0F, 0x0F, 0x0F,
	0x0F, 0x0F, 0x0F, 0x0F, 0x0F, 0x0F, 0x0F, 0x0F, 0x0F, 0x0F, 0x0F, 0x0F, 0x0F, 0x0F, 0x0F, 0x0F,
	0x0F, 0x0F, 0x0F, 0x0F, 0x0F, 0x0F, 0x0F, 0x0F, 0x0F, 0x0F, 0x0F, 0x0F, 0x0F, 0x0F, 0x0F, 0x0F,
	0x0F, 0x0F, 0x0F, 0x0F, 0x0F, 0x0F, 0x0F, 0x0F, 0x0F, 0x0F, 0x0F, 0x0F, 0x0F, 0x0F, 0x0F, 0x0F,
	0x0F, 0x0F, 0x0F, 0x0F, 0x0F, 0x0F, 0x0F, 0x0F, 0x0F, 0x0F, 0x0F, 0x0F, 0x0F, 0x0F, 0x0F, 0x0F,
	0x0F, 0x0F, 0x0F, 0x0F, 0x0F, 0x0F, 0x0F, 0x0F, 0x0F, 0x0F, 0x0F, 0x0F, 0x0F, 0x0F, 0x0F, 0x0F,
	0x0F, 0x0F, 0x0F, 0x0F, 0x0F, 0x0F, 0x0F, 0x0F, 0x0F, 0x0F, 0x0F, 0x0F, 0x0F, 0x0F, 0x0F, 0x0F,
	0x0F, 0x0F, 0x0F, 0x0F, 0x0F, 0x0F, 0x0F, 0x0F, 0x0F, 0x0F, 0x0F, 0x0F, 0x0F, 0x0F, 0x0F, 0x0F,
	0x0F, 0x0F, 0x0F, 0x0F, 0x0F, 0x0F, 0x0F, 0x0F, 0x0F, 0x0F, 0x0F, 0x0F, 0x0F, 0x0F, 0x0F, 0x0F,
	0x0F, 0x0F, 0x0F, 0x0F, 0x0F, 0x0F, 0x0F, 0x0F, 0x0F, 0x0F, 0x0F, 0x0F, 0x0F, 0x0F, 0x0F, 0x0F,
	0x0F, 0x0F, 0x0F, 0x0F, 0x0F, 0x0F, 0x0F, 0x0F, 0x0F, 0x0F, 0x0F, 0x0F, 0x0F, 0x0F, 0x0F, 0x0F,
	0x0F, 0x0F, 0x0F, 0x0F, 0x0F, 0x0F, 0x0F, 0x0F, 0x0F, 0x0F, 0x0F, 0x0F, 0x0F, 0x0F, 0x0F, 0x0F,
	0x0F, 0x0F, 0x0F, 0x0F, 0x0F, 0x0F, 0x0F, 0x0F, 0x0F, 0x0F, 0x0F, 0x0F, 0x0F, 0x0F, 0x0F, 0x0F,
	0x0F, 0x0F, 0x0F, 0x0F, 0x0F, 0x0F, 0x0F, 0x0F, 0x0F, 0x0F, 0x0F, 0x0F, 0x0F, 0x0F, 0x0F, 0x0F,
	0x0F, 0x0F, 0x0F, 0x0F, 0x0F, 0x0F, 0x0F, 0x0F, 0x0F, 0x0F, 0x0F, 0x0F, 0x0F, 0x0F, 0x0F, 0x0F,
	0x0F, 0x0F, 0x0F, 0x0F, 0x0F, 0x0F, 0x0F, 0x0F, 0x0F, 0x0F, 0x0F, 0x0F, 0x0F, 0x0F, 0x0F, 0x0F,
	0x0F, 0x0F, 0x0F, 0x0F, 0x0F, 0x0F, 0x0F, 0x0F, 0x0F, 0x0F, 0x0F, 0x0F, 0x0F, 0x0F, 0x0F, 0x0F,
	0x0F, 0x0F, 0x0F, 0x0F, 0x0F, 0x0F, 0x0F, 0x0F, 0x0F, 0x0F, 0x0F, 0x0F, 0x0F, 0x0F, 0x0F, 0x0F,
	0x0F, 0x0F, 0x0F, 0x0F, 0x0F, 0x0F, 0x0F, 0x0F, 0x0F, 0x0F, 0x0F, 0x0F, 0x0F, 0x0F, 0x0F, 0x0F,
	0x0F, 0x0F, 0x0F, 0x0F, 0x0F, 0x0F, 0x0F, 0x0F, 0x0F, 0x0F, 0x0F, 0x0F, 0x0F, 0x0F, 0x0F, 0x0F,
	0x0F, 0x0F, 0x0F, 0x0F, 0x0F, 0x0F, 0x0F, 0x0F, 0x0F, 0x0F, 0x0F, 0x0F, 0x0F, 0x0F, 0x0F, 0x0F,
	0x0F, 0x0F, 0x0F, 0x0F, 0x0F, 0x0F, 0x0F, 0x0F, 0x0F, 0x05, 0x0F, 0x0F, 0x0F, 0x0F, 0x0F, 0x0F,
	0x0F, 0x0F, 0x0F, 0x0F, 0x0F, 0x0F, 0x0F, 0x0F, 0x0F, 0x0F, 0x0F, 0x0F, 0x0F, 0x0F, 0x0F, 0x0F,
	0x0F, 0x0F, 0x0F, 0x0F, 0x05, 0x0F, 0x0F, 0x0F, 0x0F, 0x0F, 0x0F, 0x0F, 0x0F, 0x0F, 0x0F, 0x0F,
	0x0F, 0x0F, 0x0F, 0x0F, 0x0F, 0x0F, 0x0F, 0x0F, 0x0F, 0x0F, 0x0F, 0x0F, 0x0F, 0x0F, 0x0F, 0x0F,
	0x0F, 0x0F, 0x0F, 0x0F, 0x0F, 0x0F, 0x0F, 0x0F, 0x0F, 0x0F, 0x0F, 0x0F, 0x0F, 0x0F, 0x0F, 0x0F,
	0x0F, 0x0F, 0x0F, 0x0F, 0x0F, 0x0F, 0x0F, 0x0F, 0x0F, 0x0F, 0x0F, 0x0F, 0x0F, 0x0F, 0x0F, 0x0F,
	0x0F, 0x0F, 0x0F, 0x0F, 0x0F, 0x0F, 0x0F, 0x0F, 0x0F, 0x0F, 0x0F, 0x0F, 0x0F, 0x0F, 0x0F, 0x0F,
	0x0F, 0x0F, 0x0F, 0x0F, 0x0F, 0x0F, 0x0F, 0x0F, 0x0F, 0x0F, 0x0F, 0x0F, 0x0F, 0x0F, 0x0F, 0x0F,
	0x0F, 0x0F, 0x0F, 0x0F, 0x0F, 0x0F, 0x0F, 0x0F, 0x0F, 0x0F, 0x0F, 0x0F, 0x0F, 0x0F, 0x0F, 0x0F,
	0x0F, 0x0F, 0x0F, 0x0F, 0x0F, 0x0F, 0x0F, 0x0F, 0x0F, 0x0F, 0x0F, 0x0F, 0x0F, 0x0F, 0x0F, 0x0F,
	0x0F, 0x0F, 0x0F, 0x0F, 0x0F, 0x0F, 0x0F, 0x0F, 0x0F, 0x0F, 0x0F, 0x0F, 0x0F, 0x0F, 0x0F, 0x0F,
	0x0F, 0x0F, 0x0F, 0x0F, 0x0F, 0x0F, 0x0F, 0x0F, 0x0F, 0x0F, 0x0F, 0x0F, 0x0F, 0x0F, 0x0F, 0x0F,
	0x0F, 0x03, 0x03, 0x03, 0x03, 0x03, 0x0F, 0x03, 0x03, 0x03, 0x03, 0x03, 0x03, 0x03, 0x03, 0x03,
	0x03, 0x03, 0x03, 0x03, 0x03, 0x03, 0x03, 0x03, 0x03, 0x03, 0x03, 0x03, 0x03, 0x03, 0x03, 0x03,
	0x03, 0x03, 0x03, 0x03, 0x03, 0x03, 0x03, 0x03, 0x03, 0x03, 0x03, 0x03, 0x03, 0x03, 0x03, 0x03,
	0x03, 0x0F, 0x03, 0x03, 0x03, 0x03, 0x03, 0x03, 0x03, 0x03, 0x03, 0x03, 0x03, 0x03, 0x03, 0x03,
	0x0F, 0x0F, 0x0F, 0x0F, 0x0F, 0x0F, 0x0F, 0x0F, 0x0F, 0x0F, 0x0F, 0x0F, 0x0F, 0x0F, 0x0F, 0x0F,
	0x0F, 0x0F, 0x0F, 0x0F, 0x0F, 0x0F, 0x0F, 0x0F, 0x0F, 0x0F, 0x0F, 0x0F, 0x0F, 0x0F, 0x0F, 0x0F,
	0x0F, 0x0F, 0x0F, 0x0F, 0x0F, 0x0F, 0x0F, 0x0F, 0x0F, 0x0F, 0x0F, 0x0F, 0x0F, 0x0F, 0x0F, 0x0F,
	0x0F, 0x0F, 0x0F, 0x0F, 0x0F, 0x0F, 0x0F, 0x0F, 0x0F, 0x0F, 0x0F, 0x0F, 0x0F, 0x0F, 0x0F, 0x0F,
	0x0F, 0x0F, 0x0F, 0x0F, 0x0F, 0x0F, 0x0F, 0x0F, 0x0F, 0x0F, 0x0F, 0x0F, 0x0F, 0x00, 0x0F, 0x00,
	0x0F, 0x0F, 0x0F, 0x0F, 0x0F, 0x0F, 0x0F, 0x0F, 0x0F, 0x0F, 0x0F, 0x0F, 0x0F, 0x0F, 0x0F, 0x0F,
	0x0F, 0x0F, 0x0F, 0x0F, 0x0F, 0x0F, 0x0F, 0x0F, 0x0F, 0x0F, 0x0F, 0x0F, 0x0F, 0x0F, 0x0F, 0x0F,
	0x0F, 0x0F, 0x0F, 0x0F, 0x0F, 0x0F, 0x0F, 0x0F, 0x00, 0x00, 0x00, 0x0F, 0x0F, 0x0F, 0x0F, 0x00,
	0x0F, 0x0F, 0x0F, 0x0F, 0x0F, 0x0F, 0x0F, 0x0F, 0x0F, 0x0F, 0x0F, 0x0F, 0x0F, 0x0F, 0x0F, 0x0F,
	0x0F, 0x0F, 0x0F, 0x0F, 0x0F, 0x0F, 0x0F, 0x0F, 0x0F, 0x0F, 0x0F, 0x0F, 0x0F, 0x0F, 0x0F, 0x0F,
	0x0F, 0x0F, 0x0F, 0x0F, 0x0F, 0x0F, 0x0F, 0x0F, 0x0F, 0x0F, 0x0F, 0x0F, 0x0F, 0x0F, 0x0F, 0x0F,
	0x0F, 0x0F, 0x0F, 0x0F, 0x0F, 0x0F, 0x0F, 0x0F, 0x0F, 0x0F, 0x0F, 0x0F, 0x0F, 0x0F, 0x0F, 0x0F,
	0x0F, 0x0F, 0x0F, 0x0F, 0x0F, 0x0F, 0x0F, 0x0F, 0x0F, 0x0F, 0x0F, 0x0F, 0x0F, 0x0F, 0x0F, 0x0F,
	0x0F, 0x0F, 0x0F, 0x0F, 0x0F, 0x0F, 0x0F, 0x0F, 0x0F, 0x0F, 0x0F, 0x0F, 0x0F, 0x0F, 0x0F, 0x0F,
	0x0F, 0x0F, 0x0F, 0x0F, 0x0F, 0x0F, 0x0F, 0x0F, 0x0F, 0x0F, 0x0F, 0x0F, 0x0F, 0x0F, 0x0F, 0x0F,
	0x0F, 0x0F, 0x0F, 0x0F, 0x0F, 0x0F, 0x0F, 0x0F, 0x0F, 0x0F, 0x0F, 0x0F, 0x0F, 0x0F, 0x0F, 0x0F,
	0x0F, 0x0F, 0x0F, 0x0F, 0x0F, 0x0F, 0x0F, 0x0F, 0x0F, 0x0F, 0x0F, 0x0F, 0x0F, 0x0F, 0x0F, 0x0F,
	0x0F, 0x0F, 0x0F, 0x0F, 0x0F, 0x0F, 0x0F, 0x0F, 0x0F, 0x0F, 0x0F, 0x0F, 0x0F, 0x0F, 0x0F, 0x0F,
	0x0F, 0x0F, 0x0F, 0x0F, 0x0F, 0x00, 0x00, 0x0F, 0x0F, 0x0F, 0x0F, 0x0F, 0x0F, 0x0F, 0x0F, 0x0F,
	0x0F, 0x0F, 0x0F, 0x0F, 0x0F, 0x0F, 0x0F, 0x0F, 0x0F, 0x0F, 0x0F, 0x0F, 0x0F, 0x0F, 0x0F, 0x0F,
	0x0F, 0x0F, 0x0F, 0x0F, 0x0F, 0x0F, 0x0F, 0x0F, 0x0F, 0x0F, 0x0F, 0x0F, 0x0F, 0x0F, 0x0F, 0x0F,
	0x0F, 0x0F, 0x0F, 0x0F, 0x0F, 0x0F, 0x0F, 0x0F, 0x0F, 0x0F, 0x0F, 0x0F, 0x0F, 0x0F, 0x0F, 0x0F,
	0x0F, 0x0F, 0x0F, 0x0F, 0x00, 0x00, 0x00, 0x00, 0x0F, 0x0F, 0x0F, 0x0F, 0x0F, 0x0F, 0x0F, 0x0F,
	0x0F, 0x0F, 0x0F, 0x0F, 0x0F, 0x0F, 0x0F, 0x0F, 0x0F, 0x0F, 0x0F, 0x0F, 0x0F, 0x0F, 0x0F, 0x0F,
	0x0F, 0x0F, 0x0F, 0x0F, 0x0F, 0x0F, 0x0F, 0x0F, 0x0F, 0x0F, 0x0F, 0x0F, 0x0F, 0x0F, 0x0F, 0x0F,
	0x0F, 0x0F, 0x0F, 0x0F, 0x0F, 0x0F, 0x0F, 0x0F, 0x0F, 0x0F, 0x0F, 0x0F, 0x0F, 0x0F, 0x0F, 0x0F,
	0x0F, 0x0F, 0x0F, 0x0F, 0x0F, 0x0F, 0x0F, 0x0F, 0x0F, 0x00, 0x00, 0x00, 0x00, 0x00, 0x0F, 0x0F,
	0x0F, 0x0F, 0x0F, 0x0F, 0x0F, 0x0F, 0x0F, 0x0F, 0x0F, 0x0F, 0x0F, 0x0F, 0x0F, 0x0F, 0x0F, 0x0F,
	0x0F, 0x0F, 0x0F, 0x0F, 0x0F, 0x0F, 0x0F, 0x0F, 0x0F, 0x0F, 0x0F, 0x0F, 0x0F, 0x0F, 0x0F, 0x0F,
	0x0F, 0x0F, 0x0F, 0x0F, 0x0F, 0x0F, 0x0F, 0x0F, 0x0F, 0x0F, 0x0F, 0x0F, 0x0F, 0x0F, 0x0F, 0x0F,
	0x0F, 0x0F, 0x0F, 0x0F, 0x0F, 0x0F, 0x0F, 0x0F, 0x0F, 0x0F, 0x0F, 0x0F, 0x0F, 0x0F, 0x0F, 0x0F,
	0x0F, 0x0F, 0x0F, 0x0F, 0x0F, 0x0F, 0x0F, 0x0F, 0x0F, 0x0F, 0x0F, 0x0F, 0x0F, 0x0F, 0x0F, 0x0F,
	0x0F, 0x0F, 0x0F, 0x0F, 0x0F, 0x0F, 0x0F, 0x0F, 0x0F, 0x0F, 0x0F, 0x0F, 0x0F, 0x0F, 0x0F, 0x0F,
	0x0F, 0x0F, 0x0F, 0x0F, 0x0F, 0x0F, 0x0F, 0x0F, 0x0F, 0x0F, 0x0F, 0x0F, 0x0F, 0x0F, 0x0F, 0x0F,
	0x0F, 0x0F, 0x0F, 0x0F, 0x0F, 0x0F, 0x0F, 0x0F, 0x0F, 0x0F, 0x0F, 0x0F, 0x0F, 0x0F, 0x0F, 0x0F,
	0x0F, 0x0F, 0x0F, 0x0F, 0x0F, 0x0F, 0x0F, 0x0F, 0x0F, 0x0F, 0x0F, 0x0F, 0x0F, 0x0F, 0x0F, 0x0F,
	0x0F, 0x0F, 0x0F, 0x0F, 0x0F, 0x0F, 0x0F, 0x0F, 0x0F, 0x0F, 0x0F, 0x0F, 0x0F, 0x0F, 0x0F, 0x0F,
	0x0F, 0x0F, 0x0F, 0x0F, 0x0F, 0x0F, 0x0F, 0x0F, 0x0F, 0x0F, 0x0F, 0x0F, 0x0F, 0x0F, 0x0F, 0x0F,
	0x0F, 0x0F, 0x0F, 0x0F, 0x0F, 0x0F, 0x0F, 0x0F, 0x0F, 0x0F, 0x0F, 0x0F, 0x0F, 0x0F, 0x0F, 0x0F,
	0x0F, 0x0F, 0x0F, 0x0F, 0x0F, 0x0F, 0x0F, 0x0F, 0x0F, 0x0F, 0x0F, 0x0F, 0x0F, 0x0F, 0x0F, 0x0F,
	0x0F, 0x0F, 0x0F, 0x0F, 0x0F, 0x0F, 0x0F, 0x0F, 0x0F, 0x0F, 0x0F, 0x0F, 0x0F, 0x0F, 0x0F, 0x0F,
	0x0F, 0x0F, 0x0F, 0x0F, 0x0F, 0x0F, 0x0F, 0x0F, 0x0F, 0x0F, 0x0F, 0x0F, 0x0F, 0x0F, 0x0F, 0x0F,
	0x0F, 0x0F, 0x0F, 0x0F, 0x0F, 0x0F, 0x0F, 0x0F, 0x0F, 0x0F, 0x0F, 0x0F, 0x0F, 0x0F, 0x0F, 0x0F,
	0x0F, 0x0F, 0x0F, 0x0F, 0x0F, 0x0F, 0x0F, 0x0F, 0x0F, 0x0F, 0x0F, 0x0F, 0x0F, 0x0F, 0x0F, 0x0F,
	0x0F, 0x0F, 0x0F, 0x0F, 0x0F, 0x0F, 0x0F, 0x0F, 0x0F, 0x0F, 0x0F, 0x0F, 0x0F, 0x0F, 0x0F, 0x0F,
	0x0F, 0x0F, 0x0F, 0x0F, 0x0F, 0x0F, 0x0F, 0x0F, 0x0F, 0x0F, 0x0F, 0x0F, 0x0F, 0x0F, 0x0F, 0x0F,
	0x0F, 0x0F, 0x0F, 0x0F, 0x0F, 0x0F, 0x0F, 0x0F, 0x0F, 0x0F, 0x0F, 0x00, 0x00, 0x0F, 0x0F, 0x0F,
	0x0F, 0x0F, 0x0F, 0x0F, 0x0F, 0x0F, 0x0F, 0x0F, 0x0F, 0x0F, 0x0F, 0x0F, 0x0F, 0x0F, 0x0F, 0x0F,
	0x0F, 0x0F, 0x0F, 0x0F, 0x0F, 0x0F, 0x0F, 0x0F, 0x0F, 0x0F, 0x0F, 0x00, 0x00, 0x00, 0x00, 0x00,
	0x0F, 0x0F, 0x0F, 0x0F, 0x0F, 0x0F, 0x0F, 0x0F, 0x0F, 0x0F, 0x0F, 0x0F, 0x0F, 0x0F, 0x0F, 0x0F,
	0x0F, 0x0F, 0x0F, 0x0F, 0x0F, 0x0F, 0x0F, 0x0F, 0x0F, 0x0F, 0x0F, 0x0F, 0x0F, 0x0F, 0x0F, 0x0F,
	0x00, 0x00, 0x00, 0x00, 0x00, 0x00, 0x00, 0x00, 0x00, 0x00, 0x00, 0x00, 0x0F, 0x00, 0x00, 0x00,
	0x0F, 0x0F, 0x0F, 0x0F, 0x0F, 0x0F, 0x0F, 0x0F, 0x0F, 0x0F, 0x0F, 0x0F, 0x0F, 0x0F, 0x0F, 0x0F,
	0x0F, 0x0F, 0x0F, 0x0F, 0x0F, 0x0F, 0x0F, 0x0F, 0x0F, 0x0F, 0x0F, 0x0F, 0x0F, 0x0F, 0x0F, 0x0F,
	0x0F, 0x0F, 0x0F, 0x0F, 0x0F, 0x0F, 0x0F, 0x0F, 0x0F, 0x0F, 0x0F, 0x0F, 0x0F, 0x0F, 0x0F, 0x0F,
	0x0F, 0x0F, 0x0F, 0x0F, 0x0F, 0x0F, 0x0F, 0x0F, 0x0F, 0x0F, 0x0F, 0x0F, 0x0F, 0x0F, 0x0F, 0x0F,
	0x0F, 0x0F, 0x0F, 0x0F, 0x0F, 0x0F, 0x00, 0x00, 0x00, 0x00, 0x00, 0x00, 0x00, 0x00, 0x00, 0x00,
	0x00, 0x0F, 0x0F, 0x0F, 0x0F, 0x0F, 0x0F, 0x0F, 0x0F, 0x0F, 0x0F, 0x0F, 0x0F, 0x0F, 0x0F, 0x0F,
	0x0F, 0x0F, 0x0F, 0x0F, 0x0F, 0x0F, 0x0F, 0x0F, 0x0F, 0x0F, 0x0F, 0x0F, 0x0F, 0x0F, 0x0F, 0x0F,
	0x0F, 0x0F, 0x0F, 0x0F, 0x0F, 0x0F, 0x0F, 0x0F, 0x0F, 0x0F, 0x0F, 0x0F, 0x0F, 0x0F, 0x0F, 0x0F,
	0x0F, 0x0F, 0x00, 0x00, 0x00, 0x00, 0x0F, 0x0F, 0x0F, 0x0F, 0x0F, 0x0F, 0x0F, 0x0F, 0x0F, 0x0F,
	0x0F, 0x0F, 0x0F, 0x0F, 0x0F, 0x0F, 0x0F, 0x0F, 0x0F, 0x0F, 0x0F, 0x0F, 0x0F, 0x0F, 0x0F, 0x0F,
	0x0F, 0x0F, 0x0F, 0x0F, 0x0F, 0x0F, 0x0F, 0x0F, 0x0F, 0x0F, 0x0F, 0x0F, 0x0F, 0x0F, 0x0F, 0x0F,
	0x0F, 0x0F, 0x0F, 0x0F, 0x0F, 0x0F, 0x0F, 0x0F, 0x0F, 0x0F, 0x0F, 0x0F, 0x0F, 0x0F, 0x0F, 0x0F,
	0x0F, 0x0F, 0x0F, 0x0F, 0x0F, 0x0F, 0x0F, 0x0F, 0x0F, 0x0F, 0x0F, 0x0F, 0x0F, 0x0F, 0x0F, 0x0F,
	0x0F, 0x0F, 0x0F, 0x0F, 0x0F, 0x0F, 0x0F, 0x0F, 0x0F, 0x0F, 0x0F, 0x0F, 0x0F, 0x0F, 0x0F, 0x0F,
	0x0F, 0x0F, 0x0F, 0x0F, 0x0F, 0x0F, 0x0F, 0x0F, 0x0F, 0x0F, 0x0F, 0x0F, 0x0F, 0x0F, 0x0F, 0x0F,
	0x0F, 0x0F, 0x0F, 0x0F, 0x0F, 0x0F, 0x0F, 0x0F, 0x0F, 0x0F, 0x0F, 0x0F, 0x0F, 0x0F, 0x0F, 0x0F,
	0x0F, 0x0F, 0x0F, 0x0F, 0x0F, 0x0F, 0x0F, 0x0F, 0x0F, 0x0F, 0x0F, 0x0F, 0x0F, 0x0F, 0x0F, 0x0F,
	0x0F, 0x0F, 0x0F, 0x0F, 0x0F, 0x0F, 0x0F, 0x0F, 0x0F, 0x0F, 0x0F, 0x0F, 0x0F, 0x0F, 0x0F, 0x0F,
	0x0F, 0x0F, 0x0F, 0x0F, 0x0F, 0x0F, 0x0F, 0x0F, 0x0F, 0x0F, 0x0F, 0x0F, 0x0F, 0x0F, 0x0F, 0x0F,
	0x0F, 0x0F, 0x0F, 0x0F, 0x0F, 0x0F, 0x0F, 0x0F, 0x0F, 0x0F, 0x0F, 0x0F, 0x0F, 0x0F, 0x0F, 0x0F,
	0x0F, 0x0F, 0x0F, 0x0F, 0x0F, 0x0F, 0x00, 0x0F, 0x0F, 0x0F, 0x0F, 0x0F, 0x0F, 0x0F, 0x0F, 0x0F,
	0x0F, 0x0F, 0x0F, 0x0F, 0x0F, 0x0F, 0x0F, 0x0F, 0x0F, 0x0F, 0x0F, 0x0F, 0x0F, 0x0F, 0x0F, 0x0F,
	0x0F, 0x0F, 0x0F, 0x0F, 0x0F, 0x0F, 0x0F, 0x0F, 0x0F, 0x0F, 0x0F, 0x0F, 0x0F, 0x0F, 0x0F, 0x0F,
	0x00, 0x0F, 0x0F, 0x0F, 0x0F, 0x0F, 0x0F, 0x0F, 0x0F, 0x0F, 0x0F, 0x0F, 0x0F, 0x0F, 0x0F, 0x00,
	0x0F, 0x0F, 0x0F, 0x0F, 0x0F, 0x0F, 0x0F, 0x0F, 0x0F, 0x0F, 0x0F, 0x0F, 0x0F, 0x0F, 0x0F, 0x0F,
	0x0F, 0x0F, 0x0F, 0x0F, 0x0F, 0x0F, 0x0F, 0x0F, 0x0F, 0x0F, 0x05, 0x0F, 0x05, 0x0F, 0x0F, 0x0F,
	0x0F, 0x0F, 0x0F, 0x0F, 0x0F, 0x0F, 0x0F, 0x0F, 0x0F, 0x0F, 0x0F, 0x05, 0x0F, 0x0F, 0x0F, 0x0F,
	0x0F, 0x0F, 0x0F, 0x0F, 0x0F, 0x0F, 0x0F, 0x0F, 0x0F, 0x00, 0x00, 0x0F, 0x0F, 0x0F, 0x0F, 0x0F,
	0x0F, 0x0F, 0x0F, 0x0F, 0x0F, 0x0F, 0x0F, 0x0F, 0x0F, 0x0F, 0x0F, 0x0F, 0x0F, 0x0F, 0x0F, 0x0F,
	0x0F, 0x0F, 0x0F, 0x0F, 0x0F, 0x0F, 0x0F, 0x0F, 0x0F, 0x0F, 0x0F, 0x0F, 0x0F, 0x0F, 0x0F, 0x0F,
	0x0F, 0x0F, 0x0F, 0x0F, 0x0F, 0x0F, 0x0F, 0x0F, 0x0F, 0x0F, 0x0F, 0x0F, 0x0F, 0x0F, 0x0F, 0x0F,
	0x0F, 0x0F, 0x0F, 0x0F, 0x0F, 0x0F, 0x0F, 0x0F, 0x0F, 0x0F, 0x0F, 0x0F, 0x0F, 0x0F, 0x0F, 0x0F,
	0x00, 0x00, 0x00, 0x0F, 0x0F, 0x0F, 0x0F, 0x0F, 0x0F, 0x0F, 0x0F, 0x0F, 0x0F, 0x0F, 0x0F, 0x0F,
	0x0F, 0x0F, 0x0F, 0x0F, 0x0F, 0x0F, 0x0F, 0x0F, 0x0F, 0x0F, 0x0F, 0x0F, 0x0F, 0x0F, 0x0F, 0x0F,
	0x0F, 0x0F, 0x0F, 0x0F, 0x0F, 0x0F, 0x0F, 0x0A, 0x0F, 0x0F, 0x0F, 0x0F, 0x0F, 0x0F, 0x05, 0x05,
	0x0F, 0x0F, 0x0F, 0x00, 0x00, 0x0F, 0x0F, 0x0F, 0x0F, 0x0F, 0x0F, 0x0F, 0x0F, 0x0F, 0x0F, 0x0F,
	0x0F, 0x0F, 0x0F, 0x0F, 0x0F, 0x0F, 0x0F, 0x0F, 0x0F, 0x0F, 0x0F, 0x0F, 0x0F, 0x0F, 0x0F, 0x0F,
	0x0F, 0x0F, 0x0F, 0x0F, 0x0F, 0x0F, 0x0F, 0x0F, 0x0F, 0x0F, 0x0F, 0x0F, 0x0F, 0x0F, 0x0F, 0x0F,
	0x0F, 0x0F, 0x0F, 0x0F, 0x0F, 0x0F, 0x0F, 0x0F, 0x0F, 0x0F, 0x0F, 0x0F, 0x0F, 0x0F, 0x0F, 0x0F,
	0x0F, 0x0F, 0x0F, 0x00, 0x0F, 0x0F, 0x0F, 0x0F, 0x0F, 0x0F, 0x0F, 0x0F, 0x0F, 0x0F, 0x0F, 0x0F,
	0x0F, 0x0F, 0x0F, 0x0F, 0x0F, 0x0F, 0x0F, 0x0F, 0x0F, 0x0F, 0x0F, 0x0F, 0x0F, 0x0F, 0x0F, 0x0F,
	0x0F, 0x0F, 0x0F, 0x0F, 0x0F, 0x0F, 0x0F, 0x0F, 0x0F, 0x0F, 0x0F, 0x0F, 0x0F, 0x0F, 0x0F, 0x0F,
	0x0F, 0x0F, 0x0F, 0x0F, 0x0F, 0x0F, 0x0F, 0x0F, 0x0F, 0x0F, 0x0F, 0x0F, 0x0F, 0x0F, 0x0F, 0x0F,
	0x0F, 0x0F, 0x0F, 0x0F, 0x0F, 0x0F, 0x0F, 0x0F, 0x0F, 0x0F, 0x0F, 0x0F, 0x0F, 0x0F, 0x0F, 0x0F,
	0x00, 0x0F, 0x0F, 0x0F, 0x0F, 0x0F, 0x0F, 0x0F, 0x0F, 0x0F, 0x00, 0x0F, 0x0F, 0x0F, 0x0F, 0x0F,
	0x0F, 0x0F, 0x0F, 0x0F, 0x0F, 0x0F, 0x0F, 0x0F, 0x0F, 0x0F, 0x0F, 0x0F, 0x0F, 0x0F, 0x0F, 0x0F,
	0x0F, 0x0F, 0x0F, 0x0F, 0x0F, 0x0F, 0x0F, 0x0F, 0x0F, 0x0F, 0x0F, 0x0F, 0x0F, 0x0F, 0x0F, 0x0F,
	0x0F, 0x0F, 0x0F, 0x0F, 0x0F, 0x0F, 0x0F, 0x0F, 0x0F, 0x0F, 0x0F, 0x0F, 0x0F, 0x0F, 0x0F, 0x0F,
	0x0F, 0x0F, 0x0F, 0x0F, 0x0F, 0x0F, 0x0F, 0x0F, 0x0F, 0x0F, 0x0F, 0x0F, 0x0F, 0x0F, 0x0F, 0x0F,
	0x0F, 0x0F, 0x0F, 0x0F, 0x0F, 0x0F, 0x0F, 0x0F, 0x0F, 0x0F, 0x0F, 0x0F, 0x0F, 0x0F, 0x0F, 0x0F,
	0x0F, 0x0F, 0x0F, 0x0F, 0x0F, 0x0F, 0x0F, 0x0F, 0x0F, 0x0F, 0x0F, 0x0F, 0x0F, 0x0F, 0x0F, 0x0F,
	0x0F, 0x0F, 0x0F, 0x0F, 0x0F, 0x00, 0x00, 0x0F, 0x0F, 0x0F, 0x0F, 0x0F, 0x0F, 0x0F, 0x0F, 0x0F,
	0x0F, 0x0F, 0x0F, 0x0F, 0x0F, 0x0F, 0x0F, 0x0F, 0x0F, 0x0F, 0x0F, 0x0F, 0x0F, 0x0F, 0x0F, 0x0F,
	0x0F, 0x0F, 0x0F, 0x0F, 0x0F, 0x0F, 0x0F, 0x0F, 0x0F, 0x0F, 0x0F, 0x0F, 0x0F, 0x0F, 0x0F, 0x0F,
	0x0F, 0x0F, 0x0F, 0x0F, 0x0F, 0x0F, 0x0F, 0x0F, 0x0F, 0x0F, 0x0F, 0x0F, 0x0F, 0x0F, 0x0F, 0x0F,
	0x0F, 0x0F, 0x0F, 0x0F, 0x0F, 0x0F, 0x0F, 0x0F, 0x0F, 0x0F, 0x0F, 0x0F, 0x0F, 0x0F, 0x0F, 0x0F,
	0x0F, 0x0F, 0x0F, 0x0F, 0x0F, 0x0F, 0x0F, 0x0F, 0x0F, 0x0F, 0x0F, 0x0F, 0x0F, 0x0F, 0x0F, 0x0F,
	0x0F, 0x0F, 0x0F, 0x0F, 0x0F, 0x0F, 0x0F, 0x0F, 0x0F, 0x0F, 0x0F, 0x0F, 0x0F, 0x0F, 0x0F, 0x0F,
	0x0F, 0x0F, 0x0F, 0x0F, 0x0F, 0x0F, 0x0F, 0x0F, 0x0F, 0x0F, 0x0F, 0x0F, 0x0F, 0x0F, 0x0F, 0x0F,
	0x0F, 0x0F, 0x0F, 0x0F, 0x0F, 0x0F, 0x0F, 0x0F, 0x0F, 0x0F, 0x0F, 0x0F, 0x0F, 0x0F, 0x0F, 0x0F,
	0x0F, 0x0F, 0x0F, 0x0F, 0x0F, 0x0F, 0x0F, 0x0F, 0x0F, 0x0F, 0x0F, 0x0F, 0x0F, 0x0F, 0x0F, 0x0F,
	0x0F, 0x0F, 0x0F, 0x0F, 0x0F, 0x0F, 0x0F, 0x0F, 0x0F, 0x0F, 0x0F, 0x0F, 0x0F, 0x0F, 0x0F, 0x0F,
	0x0F, 0x0F, 0x0F, 0x0F, 0x0F, 0x0F, 0x0F, 0x0F, 0x0F, 0x00, 0x00, 0x0F, 0x0F, 0x0F, 0x0F, 0x0F,
	0x0F, 0x0F, 0x0F, 0x0F, 0x0F, 0x0F, 0x0F, 0x0F, 0x0F, 0x0F, 0x0F, 0x0F, 0x0F, 0x0F, 0x0F, 0x0F,
	0x0F, 0x0F, 0x0F, 0x0F, 0x0F, 0x0F, 0x0F, 0x0F, 0x0F, 0x0F, 0x0F, 0x0F, 0x0F, 0x0F, 0x0F, 0x0F,
	0x0F, 0x0F, 0x0F, 0x0F, 0x0F, 0x0F, 0x0F, 0x0F, 0x0F, 0x0F, 0x0F, 0x0F, 0x0F, 0x0F, 0x0F, 0x0F,
	0x0F, 0x0F, 0x0F, 0x0F, 0x0F, 0x0F, 0x0F, 0x0F, 0x0F, 0x0F, 0x0F, 0x0F, 0x0F, 0x0F, 0x0F, 0x0F,
	0x0F, 0x0F, 0x0F, 0x0F, 0x0F, 0x0F, 0x0F, 0x0F, 0x0F, 0x0F, 0x0F, 0x00, 0x00, 0x0F, 0x0A, 0x0F,
	0x0F, 0x0F, 0x0F, 0x0F, 0x0F, 0x0F, 0x0F, 0x0F, 0x0F, 0x0F, 0x0F, 0x05, 0x05, 0x00, 0x0F, 0x0F,
	0x0F, 0x0F, 0x0F, 0x0F, 0x0F, 0x0F, 0x0F, 0x0A, 0x0F, 0x0F, 0x0F, 0x0F, 0x0F, 0x0F, 0x0F, 0x0F,
	0x0F, 0x0F, 0x0F, 0x0F, 0x0F, 0x0F, 0x00, 0x00, 0x00, 0x00, 0x00, 0x00, 0x00, 0x0F, 0x0F, 0x0F,
	0x00, 0x00, 0x00, 0x00, 0x00, 0x0F, 0x0F, 0x0F, 0x0F, 0x0F, 0x0F, 0x0F, 0x0F, 0x0F, 0x0F, 0x0F,
	0x0F, 0x0F, 0x0F, 0x05, 0x0F, 0x05, 0x0F, 0x0F, 0x0F, 0x0F, 0x0F, 0x0F, 0x0F, 0x0F, 0x05, 0x0F,
	0x0F, 0x05, 0x0F, 0x0F, 0x0F, 0x0F, 0x0F, 0x0F, 0x0F, 0x0F, 0x0F, 0x0F, 0x0F, 0x0F, 0x0F, 0x0F,
	0x0F, 0x0F, 0x0F, 0x0F, 0x0F, 0x0F, 0x0F, 0x0F, 0x0F, 0x0F, 0x0F, 0x0F, 0x0F, 0x0F, 0x0F, 0x0F,
	0x0F, 0x0F, 0x0F, 0x0F, 0x0F, 0x0F, 0x0F, 0x0F, 0x0A, 0x0F, 0x0F, 0x0A, 0x0F, 0x0F, 0x0F, 0x0F,
	0x0F, 0x0F, 0x0A, 0x0F, 0x0F, 0x00, 0x0F, 0x00, 0x00, 0x0A, 0x0F, 0x0F, 0x0F, 0x0F, 0x00, 0x00,
	0x00, 0x0F, 0x0F, 0x0F, 0x0F, 0x0F, 0x0F, 0x0F, 0x0F, 0x0F, 0x0F, 0x0F, 0x0F, 0x0F, 0x0F, 0x0F,
	0x0F, 0x0F, 0x0F, 0x0F, 0x0F, 0x0F, 0x0F, 0x0F, 0x0F, 0x0F, 0x0F, 0x0F, 0x0F, 0x0F, 0x0F, 0x0F,
	0x0F, 0x0F, 0x0F, 0x0F, 0x0F, 0x0F, 0x0F, 0x0F, 0x0F, 0x0F, 0x0F, 0x0F, 0x0F, 0x0F, 0x0F, 0x0F,
	0x0F, 0x0F, 0x0F, 0x0F, 0x0F, 0x0F, 0x0F, 0x0F, 0x0F, 0x0F, 0x0F, 0x0F, 0x0F, 0x0F, 0x0F, 0x0F,
	0x0F, 0x0F, 0x0F, 0x0F, 0x0F, 0x0F, 0x0F, 0x0F, 0x0F, 0x0F, 0x0F, 0x0F, 0x0F, 0x0F, 0x0F, 0x0F,
	0x0F, 0x0F, 0x0F, 0x0F, 0x0F, 0x0F, 0x0F, 0x0F, 0x0F, 0x0F, 0x0F, 0x0F, 0x0F, 0x0F, 0x0F, 0x0F,
	0x0F, 0x0F, 0x0F, 0x0F, 0x0F, 0x0F, 0x0F, 0x0F, 0x0F, 0x0F, 0x0F, 0x0F, 0x0F, 0x0F, 0x0F, 0x0F,
	0x0F, 0x0F, 0x00, 0x0F, 0x0F, 0x0F, 0x00, 0x0F, 0x0F, 0x0F, 0x0F, 0x0F, 0x0F, 0x0F, 0x0F, 0x0F,
	0x0F, 0x0F, 0x0F, 0x0F, 0x0F, 0x0F, 0x0F, 0x0F, 0x0F, 0x0F, 0x0F, 0x0F, 0x0F, 0x0F, 0x00, 0x0F,
	0x0F, 0x0F, 0x0F, 0x0F, 0x0F, 0x0F, 0x0F, 0x0F, 0x0F, 0x0F, 0x0F, 0x0F, 0x0F, 0x0F, 0x0F, 0x0F,
	0x0F, 0x0F, 0x0F, 0x0F, 0x0F, 0x0F, 0x0F, 0x0F, 0x0F, 0x0F, 0x0F, 0x0F, 0x0F, 0x0F, 0x0F, 0x0F,
	0x0F, 0x0F, 0x0F, 0x0F, 0x0F, 0x0F, 0x0F, 0x0F, 0x0F, 0x0F, 0x0F, 0x0F, 0x0F, 0x0F, 0x0F, 0x0F,
	0x0F, 0x0F, 0x0F, 0x0F, 0x0F, 0x0F, 0x0F, 0x0F, 0x0F, 0x0F, 0x0F, 0x0F, 0x0F, 0x0F, 0x0F, 0x0F,
	0x0F, 0x0F, 0x0F, 0x0F, 0x0F, 0x0F, 0x0F, 0x0F, 0x0F, 0x0F, 0x0F, 0x0F, 0x0F, 0x0F, 0x0F, 0x0F,
	0x0A, 0x0F, 0x0F, 0x0F, 0x0F, 0x0F, 0x0F, 0x0F, 0x0F, 0x0F, 0x0A, 0x05, 0x05, 0x0A, 0x05, 0x0F,
	0x0F, 0x0F, 0x00, 0x00, 0x0F, 0x0F, 0x0F, 0x0F, 0x0F, 0x0F, 0x0F, 0x0F, 0x0F, 0x0F, 0x0F, 0x0F,
	0x0F, 0x0F, 0x0F, 0x0F, 0x0F, 0x0F, 0x0F, 0x0F, 0x0F, 0x0F, 0x0F, 0x0F, 0x0F, 0x0F, 0x0F, 0x0F,
	0x0F, 0x0F, 0x0F, 0x0F, 0x0F, 0x0F, 0x0F, 0x0F, 0x0F, 0x0F, 0x0F, 0x0F, 0x0F, 0x0F, 0x0F, 0x0F,
	0x0F, 0x0F, 0x0F, 0x0F, 0x0F, 0x0F, 0x0F, 0x0F, 0x0F, 0x0F, 0x0F, 0x0F, 0x0F, 0x0F, 0x0F, 0x0F,
	0x0F, 0x0F, 0x0F, 0x0F, 0x0F, 0x0F, 0x0F, 0x0F, 0x0F, 0x0F, 0x0F, 0x0F, 0x0F, 0x0F, 0x0F, 0x0F,
	0x0F, 0x0F, 0x0F, 0x0F, 0x0F, 0x0F, 0x0F, 0x0F, 0x0F, 0x0F, 0x0F, 0x0F, 0x0F, 0x0F, 0x0F, 0x0F,
	0x0F, 0x0F, 0x0F, 0x0F, 0x0F, 0x0F, 0x0F, 0x0F, 0x0F, 0x0F, 0x0F, 0x0F, 0x0F, 0x0F, 0x0F, 0x0F,
	0x0F, 0x0F, 0x0F, 0x0F, 0x0F, 0x0F, 0x0F, 0x0F, 0x0F, 0x0F, 0x0F, 0x0F, 0x0F, 0x0F, 0x0F, 0x0F,
	0x0F, 0x0F, 0x0F, 0x0F, 0x0F, 0x0F, 0x0F, 0x0F, 0x0F, 0x0F, 0x0F, 0x0F, 0x0F, 0x0F, 0x0F, 0x0F,
	0x0F, 0x0F, 0x0F, 0x0F, 0x0F, 0x0F, 0x0F, 0x0F, 0x0F, 0x0F, 0x0F, 0x0F, 0x0F, 0x0F, 0x0F, 0x0F,
	0x0F, 0x0F, 0x0F, 0x0F, 0x0F, 0x0F, 0x0F, 0x0F, 0x0F, 0x0F, 0x0F, 0x0F, 0x0F, 0x0F, 0x0F, 0x0F,
	0x0F, 0x0F, 0x0F, 0x0F, 0x0F, 0x0F, 0x0F, 0x0F, 0x0F, 0x0F, 0x0F, 0x0F, 0x0F, 0x0F, 0x0F, 0x0F,
	0x0F, 0x0F, 0x0F, 0x0F, 0x0F, 0x0F, 0x0F, 0x0F, 0x0F, 0x0F, 0x0F, 0x0F, 0x0F, 0x0F, 0x0F, 0x0F,
	0x0F, 0x0F, 0x0F, 0x0F, 0x0F, 0x0F, 0x0F, 0x0F, 0x0F, 0x0F, 0x0F, 0x0F, 0x0F, 0x0F, 0x0F, 0x0F,
	0x0F, 0x0F, 0x0F, 0x0F, 0x0F, 0x0F, 0x0F, 0x0F, 0x0F, 0x0F, 0x0F, 0x0F, 0x0F, 0x0F, 0x0F, 0x0A,
	0x0F, 0x0F, 0x0F, 0x0F, 0x0F, 0x0F, 0x0F, 0x0F, 0x0F, 0x0F, 0x05, 0x05, 0x0F, 0x0F, 0x0F, 0x00,
	0x00, 0x0F, 0x0F, 0x0F, 0x0F, 0x0F, 0x0F, 0x0F, 0x0F, 0x0F, 0x0F, 0x0F, 0x0F, 0x0F, 0x0F, 0x0F,
	0x0F, 0x0F, 0x0F, 0x0F, 0x0F, 0x0F, 0x0F, 0x0F, 0x0F, 0x0F, 0x0F, 0x0F, 0x0F, 0x0F, 0x0F, 0x0F,
	0x0F, 0x0F, 0x0F, 0x0F, 0x0F, 0x0F, 0x0F, 0x0F, 0x0F, 0x0F, 0x0F, 0x0F, 0x0F, 0x0F, 0x0F, 0x0F,
	0x0F, 0x0F, 0x0F, 0x0F, 0x0F, 0x0F, 0x0F, 0x0F, 0x0F, 0x0F, 0x0F, 0x0F, 0x0F, 0x0F, 0x0F, 0x0F,
	0x0F, 0x0F, 0x0F, 0x0F, 0x0F, 0x0F, 0x0F, 0x0F, 0x0F, 0x0F, 0x0F, 0x0F, 0x0F, 0x0F, 0x0F, 0x0F,
	0x0F, 0x0F, 0x0F, 0x0F, 0x0F, 0x0F, 0x0F, 0x0F, 0x0F, 0x0F, 0x0F, 0x0F, 0x0F, 0x0F, 0x0F, 0x0F,
	0x0F, 0x0F, 0x0F, 0x0F, 0x0F, 0x0F, 0x0F, 0x0F, 0x0F, 0x0F, 0x0F, 0x0F, 0x0F, 0x0F, 0x0F, 0x0F,
	0x0F, 0x0F, 0x0F, 0x0F, 0x0F, 0x0F, 0x0F, 0x0F, 0x0F, 0x0F, 0x0F, 0x0F, 0x0F, 0x0F, 0x0F, 0x00,
	0x0F, 0x0F, 0x0F, 0x0F, 0x0F, 0x0F, 0x0F, 0x0F, 0x0F, 0x0F, 0x0F, 0x0F, 0x0F, 0x0F, 0x0F, 0x0F,
	0x0F, 0x0F, 0x0F, 0x0F, 0x0F, 0x0F, 0x0F, 0x0F, 0x0F, 0x0F, 0x0F, 0x0F, 0x0F, 0x0F, 0x0F, 0x0F,
	0x0F, 0x0F, 0x0F, 0x0F, 0x0F, 0x0F, 0x0F, 0x0F, 0x0F, 0x0F, 0x0F, 0x0F, 0x0F, 0x0F, 0x0F, 0x0F,
	0x0F, 0x0F, 0x0F, 0x0F, 0x0F, 0x0F, 0x0F, 0x0F, 0x0F, 0x0F, 0x0F, 0x0F, 0x0F, 0x0F, 0x0F, 0x0F,
	0x0F, 0x0F, 0x0F, 0x0F, 0x0F, 0x0F, 0x0F, 0x0F, 0x0F, 0x0F, 0x0F, 0x0F, 0x0F, 0x0F, 0x0F, 0x0F,
	0x0F, 0x0F, 0x0F, 0x0F, 0x0F, 0x0F, 0x0F, 0x0F, 0x0F, 0x0F, 0x0F, 0x0F, 0x0F, 0x0F, 0x0F, 0x0F,
	0x0F, 0x0F, 0x0F, 0x0F, 0x0F, 0x0F, 0x0F, 0x0F, 0x0F, 0x0F, 0x0F, 0x0F, 0x0F, 0x0F, 0x0F, 0x0F,
	0x0F, 0x0F, 0x0F, 0x0F, 0x0F, 0x0F, 0x00, 0x00, 0x0F, 0x0F, 0x0F, 0x0F, 0x0F, 0x0F, 0x0F, 0x0F,
	0x0F, 0x0F, 0x0F, 0x0F, 0x0F, 0x0F, 0x0F, 0x0F, 0x0F, 0x0F, 0x0F, 0x0F, 0x0F, 0x0F, 0x0F, 0x0F,
	0x0F, 0x0F, 0x0F, 0x0F, 0x0F, 0x0F, 0x0F, 0x0F, 0x0F, 0x0F, 0x0F, 0x0F, 0x0F, 0x0F, 0x0F, 0x0F,
	0x0F, 0x0F, 0x0F, 0x0F, 0x0F, 0x0F, 0x0F, 0x0F, 0x0F, 0x0F, 0x0F, 0x0F, 0x0F, 0x0F, 0x0F, 0x0F,
	0x0F, 0x0F, 0x0F, 0x0F, 0x0F, 0x0F, 0x0F, 0x0F, 0x0F, 0x0F, 0x0F, 0x0F, 0x0F, 0x0F, 0x0F, 0x0F,
	0x0F, 0x0F, 0x0F, 0x0F, 0x0F, 0x0F, 0x0F, 0x0F, 0x0F, 0x0F, 0x0F, 0x0F, 0x0F, 0x0F, 0x0F, 0x0F,
	0x0F, 0x0F, 0x0F, 0x0F, 0x0F, 0x0F, 0x0F, 0x0F, 0x0F, 0x0F, 0x0F, 0x0F, 0x0F, 0x0F, 0x0F, 0x0F,
	0x0F, 0x0F, 0x0F, 0x0F, 0x0F, 0x0F, 0x0F, 0x0F, 0x0F, 0x0F, 0x0F, 0x00, 0x0F, 0x0F, 0x0F, 0x0F,
	0x0F, 0x0F, 0x0F, 0x0F, 0x0F, 0x0F, 0x0F, 0x0F, 0x0F, 0x0F, 0x0F, 0x0F, 0x0F, 0x0F, 0x0F, 0x0F,
	0x0F, 0x0F, 0x0F, 0x0F, 0x0F, 0x0F, 0x0F, 0x0F, 0x0F, 0x0F, 0x0F, 0x0F, 0x0F, 0x0F, 0x0F, 0x0F,
	0x0F, 0x0F, 0x0F, 0x0F, 0x0F, 0x0F, 0x0F, 0x0F, 0x0F, 0x0F, 0x0F, 0x0F, 0x0F, 0x0F, 0x0F, 0x0F,
	0x0F, 0x0F, 0x0F, 0x0F, 0x0F, 0x0F, 0x0F, 0x0F, 0x0F, 0x0F, 0x0F, 0x0F, 0x0F, 0x0F, 0x0F, 0x0F,
	0x0F, 0x0F, 0x0F, 0x0F, 0x0F, 0x0F, 0x0F, 0x0F, 0x0F, 0x0F, 0x0F, 0x0F, 0x0F, 0x0F, 0x0F, 0x0F,
	0x0F, 0x0F, 0x0F, 0x0F, 0x0F, 0x0F, 0x0F, 0x0F, 0x0F, 0x0F, 0x0F, 0x0F, 0x0F, 0x0F, 0x0F, 0x0F,
	0x0F, 0x0F, 0x0F, 0x0F, 0x0F, 0x0F, 0x0F, 0x0F, 0x0F, 0x0F, 0x0F, 0x0F, 0x0F, 0x0F, 0x0F, 0x0F,
	0x0F, 0x0F, 0x0F, 0x0F, 0x0F, 0x0F, 0x0F, 0x0F, 0x0F, 0x0F, 0x0F, 0x0F, 0x0F, 0x0F, 0x0F, 0x0F,
	0x0F, 0x0F, 0x0F, 0x0F, 0x0F, 0x0F, 0x0F, 0x0F, 0x0F, 0x0F, 0x0F, 0x0F, 0x0F, 0x0F, 0x0F, 0x0F,
	0x0F, 0x0F, 0x0F, 0x0F, 0x0F, 0x0F, 0x0F, 0x0F, 0x0F, 0x0F, 0x0F, 0x0F, 0x0F, 0x0F, 0x0F, 0x0F,
	0x0F, 0x0F, 0x0F, 0x0F, 0x0F, 0x0F, 0x0F, 0x0F, 0x0F, 0x0F, 0x0F, 0x0F, 0x0F, 0x0F, 0x0F, 0x0F,
	0x0F, 0x0F, 0x0F, 0x0F, 0x0F, 0x0F, 0x0F, 0x0F, 0x0F, 0x0F, 0x0F, 0x0F, 0x0F, 0x0F, 0x0F, 0x0F,
	0x0F, 0x0F, 0x0F, 0x0F, 0x0F, 0x0F, 0x0F, 0x0F, 0x0F, 0x0F, 0x0F, 0x0F, 0x0F, 0x0F, 0x0F, 0x0F,
	0x0F, 0x0F, 0x0F, 0x0F, 0x0F, 0x0F, 0x0F, 0x0F, 0x0F, 0x0F, 0x0F, 0x0F, 0x0F, 0x0F, 0x0F, 0x0F,
	0x0F, 0x0F, 0x0F, 0x0F, 0x0F, 0x0F, 0x0F, 0x0F, 0x0F, 0x0F, 0x0F, 0x0F, 0x0F, 0x0F, 0x0F, 0x0F,
	0x0F, 0x0F, 0x0F, 0x0F, 0x0F, 0x0F, 0x0F, 0x0F, 0x0F, 0x0F, 0x0F, 0x0F, 0x0F, 0x0F, 0x0F, 0x0F,
	0x0F, 0x0F, 0x0F, 0x0F, 0x0F, 0x0F, 0x0F, 0x0F, 0x0F, 0x00, 0x00, 0x0F, 0x0F, 0x0F, 0x0F, 0x0F,
	0x0F, 0x0F, 0x0F, 0x0F, 0x0F, 0x0F, 0x0F, 0x0F, 0x0F, 0x0F, 0x0F, 0x0F, 0x0F, 0x0F, 0x0F, 0x0F,
	0x0F, 0x0F, 0x0F, 0x0F, 0x0F, 0x0F, 0x0F, 0x0F, 0x0F, 0x0F, 0x0F, 0x0F, 0x0F, 0x0F, 0x0F, 0x0F,
	0x0F, 0x0F, 0x0F, 0x0F, 0x0F, 0x0F, 0x0F, 0x0F, 0x0F, 0x0F, 0x0F, 0x0F, 0x0F, 0x0F, 0x0F, 0x0F,
	0x0F, 0x0F, 0x0F, 0x0F, 0x0F, 0x0F, 0x0F, 0x0F, 0x0F, 0x0F, 0x0F, 0x0F, 0x0F, 0x0F, 0x0F, 0x0F,
	0x0F, 0x0F, 0x0F, 0x0F, 0x0F, 0x0F, 0x0F, 0x0F, 0x0F, 0x0F, 0x0F, 0x0F, 0x0F, 0x0F, 0x0F, 0x0F,
	0x0F, 0x0F, 0x0F, 0x0F, 0x0F, 0x0F, 0x0F, 0x0F, 0x0F, 0x0F, 0x0F, 0x0F, 0x0F, 0x0F, 0x0F, 0x0F,
	0x0F, 0x0F, 0x0F, 0x0F, 0x0F, 0x0F, 0x0F, 0x0F, 0x0F, 0x0F, 0x0F, 0x0F, 0x0F, 0x0F, 0x0F, 0x0F,
	0x0F, 0x0F, 0x0F, 0x0F, 0x0F, 0x0F, 0x0F, 0x0F, 0x0F, 0x0F, 0x0F, 0x0F, 0x0F, 0x0F, 0x0F, 0x0F,
	0x0F, 0x0F, 0x0F, 0x0F, 0x0F, 0x0F, 0x0F, 0x0F, 0x0F, 0x0F, 0x0F, 0x0F, 0x0F, 0x0F, 0x0F, 0x0F,
	0x0F, 0x0F, 0x0F, 0x0F, 0x0F, 0x0F, 0x0F, 0x0F, 0x0F, 0x0F, 0x0F, 0x0F, 0x0F, 0x0F, 0x0F, 0x0F,
	0x0F, 0x0F, 0x0F, 0x0F, 0x0F, 0x0F, 0x0F, 0x0F, 0x0F, 0x0F, 0x0F, 0x0F, 0x0F, 0x0F, 0x0F, 0x0F,
	0x0F, 0x0F, 0x0F, 0x0F, 0x0F, 0x0F, 0x0F, 0x0F, 0x0F, 0x0F, 0x0F, 0x0F, 0x0F, 0x0F, 0x0F, 0x0F,
	0x0F, 0x0F, 0x0F, 0x0F, 0x0F, 0x0F, 0x0F, 0x0F, 0x0F, 0x0F, 0x0F, 0x0F, 0x0F, 0x0F, 0x0F, 0x0F,
	0x0F, 0x0F, 0x0F, 0x0F, 0x0F, 0x0F, 0x0F, 0x0F, 0x0F, 0x0F, 0x0F, 0x0F, 0x0F, 0x0F, 0x0F, 0x0F,
	0x0F, 0x0F, 0x0F, 0x0F, 0x0F, 0x0F, 0x0F, 0x0F, 0x0F, 0x0F, 0x0F, 0x0F, 0x0F, 0x0F, 0x0F, 0x0F,
	0x0A, 0x0F, 0x0F, 0x0F, 0x0F, 0x0F, 0x0F, 0x0F, 0x05, 0x0F, 0x0F, 0x0F, 0x0F, 0x00, 0x00, 0x0F,
	0x0F, 0x0F, 0x0F, 0x00, 0x0F, 0x0F, 0x0F, 0x0F, 0x0F, 0x0F, 0x0F, 0x0F, 0x0F, 0x0F, 0x0F, 0x0F,
	0x0F, 0x0F, 0x0F, 0x0F, 0x0F, 0x0F, 0x0F, 0x0F, 0x0F, 0x0F, 0x0F, 0x0F, 0x0F, 0x0F, 0x0F, 0x0F,
	0x0F, 0x0F, 0x0F, 0x0F, 0x0F, 0x0F, 0x0F, 0x0F, 0x0F, 0x0F, 0x0F, 0x0F, 0x0F, 0x0F, 0x0F, 0x0F,
	0x0F, 0x0F, 0x0F, 0x0F, 0x0F, 0x0F, 0x0F, 0x0F, 0x0F, 0x0F, 0x0F, 0x0F, 0x0F, 0x0F, 0x0F, 0x0F,
	0x0F, 0x0F, 0x0F, 0x0F, 0x0F, 0x0F, 0x0F, 0x0F, 0x0F, 0x0F, 0x0F, 0x0F, 0x0F, 0x0F, 0x0F, 0x0F,
	0x0F, 0x0F, 0x0F, 0x0F, 0x0F, 0x0F, 0x0F, 0x0F, 0x0F, 0x0F, 0x0F, 0x0F, 0x0F, 0x0F, 0x0F, 0x0F,
	0x0F, 0x0F, 0x0F, 0x0F, 0x0F, 0x0F, 0x0F, 0x0F, 0x0F, 0x0F, 0x0F, 0x0F, 0x0F, 0x0F, 0x0F, 0x0F,
	0x0F, 0x0F, 0x0F, 0x0F, 0x0F, 0x0F, 0x0F, 0x0F, 0x0F, 0x0F, 0x0F, 0x0F, 0x0F, 0x0F, 0x0F, 0x0F,
	0x0F, 0x0F, 0x0F, 0x0F, 0x0F, 0x0F, 0x0F, 0x0F, 0x0F, 0x0F, 0x0F, 0x0F, 0x0F, 0x0F, 0x0F, 0x0F,
	0x0F, 0x0F, 0x0F, 0x0F, 0x0F, 0x0F, 0x0F, 0x0F, 0x0F, 0x0F, 0x0F, 0x0F, 0x0F, 0x0F, 0x0F, 0x0F,
	0x00, 0x0F, 0x0F, 0x0F, 0x0F, 0x0F, 0x0F, 0x0F, 0x0F, 0x0F, 0x0F, 0x0F, 0x0F, 0x0F, 0x0F, 0x0F,
	0x0F, 0x0F, 0x0F, 0x0F, 0x0F, 0x0F, 0x0F, 0x0F, 0x0F, 0x0F, 0x0F, 0x0F, 0x0F, 0x0F, 0x0F, 0x0F,
	0x0F, 0x0F, 0x0F, 0x0F, 0x0F, 0x0F, 0x0F, 0x0F, 0x0F, 0x0F, 0x0F, 0x0F, 0x0F, 0x0F, 0x0F, 0x0F,
	0x0F, 0x0F, 0x0F, 0x0F, 0x0F, 0x0F, 0x0F, 0x0F, 0x0F, 0x0F, 0x0F, 0x0F, 0x0F, 0x0F, 0x0F, 0x0F,
	0x0F, 0x0F, 0x0F, 0x0F, 0x0F, 0x0F, 0x0F, 0x0F, 0x0F, 0x0F, 0x0F, 0x0F, 0x0F, 0x0F, 0x0F, 0x0F,
	0x0F, 0x0F, 0x0F, 0x0F, 0x00, 0x0F, 0x0F, 0x0F, 0x0F, 0x0F, 0x0F, 0x0F, 0x0F, 0x0F, 0x0F, 0x0F,
	0x0F, 0x0F, 0x0F, 0x0F, 0x0F, 0x0F, 0x0F, 0x00, 0x0F, 0x0F, 0x0F, 0x0F, 0x0F, 0x0F, 0x0F, 0x0F,
	0x0F, 0x0F, 0x0F, 0x0F, 0x0F, 0x0F, 0x0F, 0x0F, 0x0F, 0x0F, 0x0F, 0x0F, 0x0F, 0x0F, 0x0F, 0x0F,
	0x0F, 0x0F, 0x0F, 0x0F, 0x0F, 0x0F, 0x0F, 0x0F, 0x0F, 0x0F, 0x0F, 0x0F, 0x0F, 0x0F, 0x0F, 0x0F,
	0x0F, 0x0F, 0x0F, 0x0F, 0x0F, 0x0F, 0x0F, 0x0F, 0x0F, 0x0F, 0x0F, 0x0F, 0x0F, 0x0F, 0x0F, 0x0F,
	0x0F, 0x0F, 0x0F, 0x0F, 0x0F, 0x0F, 0x0F, 0x0F, 0x0F, 0x0F, 0x0F, 0x0F, 0x0F, 0x0F, 0x0F, 0x0F,
	0x0F, 0x0F, 0x0F, 0x0F, 0x0F, 0x0F, 0x0F, 0x0F, 0x0F, 0x00, 0x0F, 0x0F, 0x0F, 0x0F, 0x0F, 0x0F,
	0x0F, 0x0F, 0x0F, 0x0F, 0x0F, 0x0F, 0x0F, 0x0F, 0x0F, 0x0F, 0x0F, 0x0F, 0x0F, 0x0F, 0x0F, 0x0F,
	0x0F, 0x0F, 0x0F, 0x0F, 0x0F, 0x0F, 0x0F, 0x0F, 0x0F, 0x0F, 0x0F, 0x0F, 0x0F, 0x0F, 0x0F, 0x0F,
	0x0F, 0x0F, 0x0F, 0x0F, 0x0F, 0x0F, 0x0F, 0x0F, 0x0F, 0x0F, 0x0F, 0x0F, 0x0F, 0x0F, 0x0F, 0x0F,
	0x0F, 0x0F, 0x0F, 0x0F, 0x0F, 0x0F, 0x0F, 0x0F, 0x0F, 0x0F, 0x0F, 0x0F, 0x0F, 0x0F, 0x0F, 0x0F,
	0x0F, 0x0F, 0x0F, 0x0F, 0x0F, 0x0F, 0x0F, 0x0F, 0x0F, 0x0F, 0x0F, 0x0F, 0x0F, 0x0F, 0x0F, 0x0F,
	0x0F, 0x0F, 0x0F, 0x0F, 0x0F, 0x0F, 0x0F, 0x0F, 0x0F, 0x0F, 0x0F, 0x0F, 0x0F, 0x0F, 0x0F, 0x0F,
	0x0F, 0x0F, 0x0F, 0x0F, 0x0F, 0x0F, 0x0F, 0x0F, 0x0F, 0x0F, 0x0F, 0x0F, 0x0F, 0x0F, 0x0F, 0x0F,
	0x0F, 0x0F, 0x0F, 0x0F, 0x0F, 0x0F, 0x0F, 0x0F, 0x0F, 0x0F, 0x0F, 0x0F, 0x0F, 0x0F, 0x0F, 0x0F,
	0x0F, 0x0F, 0x0F, 0x0F, 0x0F, 0x0F, 0x0F, 0x0F, 0x0F, 0x0F, 0x0F, 0x0F, 0x0F, 0x0F, 0x0F, 0x0F,
	0x0F, 0x0F, 0x0F, 0x0F, 0x0F, 0x0F, 0x0F, 0x0F, 0x0F, 0x0F, 0x0F, 0x0F, 0x0F, 0x0F, 0x0F, 0x00,
	0x0F, 0x0F, 0x0F, 0x0F, 0x0F, 0x0F, 0x0F, 0x0F, 0x0F, 0x0F, 0x0F, 0x0F, 0x0F, 0x0F, 0x0F, 0x0F,
	0x0F, 0x0F, 0x0F, 0x0F, 0x0F, 0x0F, 0x0F, 0x0F, 0x0F, 0x0F, 0x0F, 0x0F, 0x0F, 0x0F, 0x0F, 0x0F,
	0x0F, 0x0F, 0x0F, 0x0F, 0x0F, 0x0F, 0x0F, 0x0F, 0x0F, 0x0F, 0x0F, 0x0F, 0x0F, 0x0F, 0x0F, 0x0F,
	0x0F, 0x0F, 0x0F, 0x0F, 0x0F, 0x0F, 0x0F, 0x0F, 0x0F, 0x0F, 0x0F, 0x0F, 0x0F, 0x0F, 0x0F, 0x0F,
	0x0F, 0x0F, 0x0F, 0x0F, 0x0F, 0x0F, 0x0F, 0x0F, 0x0F, 0x0F, 0x0F, 0x0F, 0x0F, 0x0F, 0x0F, 0x0F,
	0x0F, 0x0F, 0x0F, 0x0F, 0x0F, 0x0F, 0x0F, 0x0F, 0x0F, 0x0F, 0x0F, 0x0F, 0x0F, 0x0F, 0x0F, 0x0F,
	0x0F, 0x0F, 0x0F, 0x0F, 0x0F, 0x0F, 0x0F, 0x0F, 0x0F, 0x0F, 0x0F, 0x0F, 0x0F, 0x0F, 0x0F, 0x0F,
	0x0F, 0x0F, 0x0F, 0x0F, 0x0F, 0x0F, 0x0F, 0x0F, 0x0F, 0x0F, 0x0F, 0x0F, 0x0F, 0x0F, 0x0F, 0x0F,
	0x0F, 0x0F, 0x0F, 0x0F, 0x0F, 0x0F, 0x0F, 0x0F, 0x0F, 0x0F, 0x0F, 0x0F, 0x0F, 0x0F, 0x0F, 0x0F,
	0x0F, 0x0F, 0x0F, 0x0F, 0x0F, 0x0F, 0x0F, 0x0F, 0x0F, 0x0F, 0x0F, 0x0F, 0x0F, 0x0F, 0x0F, 0x0F,
	0x0F, 0x0F, 0x0F, 0x0F, 0x0F, 0x0F, 0x0F, 0x0F, 0x0F, 0x0F, 0x0F, 0x0F, 0x0F, 0x0F, 0x0F, 0x0F,
	0x0F, 0x0F, 0x0F, 0x0F, 0x0F, 0x0F, 0x0F, 0x0F, 0x0F, 0x0F, 0x0F, 0x0F, 0x0F, 0x0F, 0x0F, 0x0F,
	0x0F, 0x0F, 0x0F, 0x0F, 0x0F, 0x0F, 0x0F, 0x0F, 0x0F, 0x0F, 0x0F, 0x0F, 0x0F, 0x0F, 0x0F, 0x0F,
	0x0F, 0x0F, 0x0F, 0x0F, 0x0F, 0x0F, 0x0F, 0x0F, 0x0F, 0x0F, 0x0F, 0x0F, 0x0F, 0x0F, 0x0F, 0x0F,
	0x0F, 0x0F, 0x0F, 0x0F, 0x0F, 0x0F, 0x0F, 0x0F, 0x0F, 0x0F, 0x0F, 0x0F, 0x0F, 0x0F, 0x0F, 0x0F,
	0x0F, 0x0F, 0x0F, 0x0F, 0x0F, 0x0F, 0x0F, 0x0F, 0x0F, 0x0F, 0x0F, 0x0F, 0x0F, 0x0F, 0x0F, 0x0F,
	0x0F, 0x0F, 0x00, 0x0F, 0x00, 0x00, 0x0F, 0x0F, 0x0F, 0x0F, 0x0F, 0x0F, 0x0F, 0x0F, 0x0F, 0x0F,
	0x0F, 0x0F, 0x0F, 0x0F, 0x0F, 0x0F, 0x0F, 0x0F, 0x0F, 0x0F, 0x0F, 0x0F, 0x0F, 0x0F, 0x0F, 0x0F,
	0x0F, 0x0F, 0x0F, 0x0F, 0x0F, 0x0F, 0x0F, 0x0F, 0x0F, 0x0F, 0x0F, 0x0F, 0x0F, 0x0F, 0x0F, 0x0F,
	0x0F, 0x0F, 0x0F, 0x0F, 0x0F, 0x0F, 0x0F, 0x0F, 0x0F, 0x0F, 0x0F, 0x0F, 0x0F, 0x0F, 0x0F, 0x0F,
	0x0F, 0x0F, 0x0F, 0x0F, 0x0F, 0x0F, 0x0F, 0x0F, 0x0F, 0x0F, 0x0F, 0x0F, 0x0F, 0x0F, 0x0F, 0x0F,
	0x0F, 0x0F, 0x0F, 0x0F, 0x0F, 0x0F, 0x0F, 0x00, 0x0F, 0x0F, 0x0F, 0x0F, 0x0F, 0x0F, 0x0F, 0x0F,
	0x0F, 0x0F, 0x0F, 0x0F, 0x0F, 0x0F, 0x0F, 0x0F, 0x0F, 0x0F, 0x0F, 0x0F, 0x0F, 0x0F, 0x0F, 0x0F,
	0x0F, 0x0F, 0x0F, 0x0F, 0x0F, 0x0F, 0x0F, 0x0F, 0x0F, 0x0F, 0x0F, 0x0F, 0x0F, 0x0F, 0x0F, 0x0F,
	0x0F, 0x0F, 0x0F, 0x0F, 0x0F, 0x0F, 0x0F, 0x0F, 0x0F, 0x0F, 0x0F, 0x0F, 0x0F, 0x0F, 0x0F, 0x0F,
	0x0F, 0x0F, 0x0F, 0x0F, 0x0F, 0x0F, 0x0F, 0x0F, 0x0F, 0x0F, 0x0F, 0x0F, 0x0F, 0x0F, 0x0F, 0x0F,
	0x0F, 0x0F, 0x0F, 0x0F, 0x0F, 0x0F, 0x0F, 0x0F, 0x0F, 0x0F, 0x0F, 0x0F, 0x0F, 0x0F, 0x0F, 0x0F,
	0x0F, 0x0F, 0x0F, 0x0F, 0x0F, 0x0F, 0x0F, 0x0F, 0x0F, 0x0F, 0x0F, 0x0F, 0x0F, 0x0F, 0x0F, 0x0F,
	0x0F, 0x0F, 0x0F, 0x0F, 0x0F, 0x0F, 0x0F, 0x0F, 0x0F, 0x0F, 0x0F, 0x0F, 0x0F, 0x0F, 0x0F, 0x0F,
	0x0F, 0x0F, 0x0F, 0x0F, 0x0F, 0x0F, 0x0F, 0x0F, 0x0F, 0x0F, 0x0F, 0x0F, 0x0F, 0x0F, 0x0F, 0x0F,
	0x0F, 0x0F, 0x0F, 0x0F, 0x0F, 0x0F, 0x0F, 0x0F, 0x0F, 0x0F, 0x0F, 0x0F, 0x0F, 0x0F, 0x0F, 0x0F,
	0x0F, 0x0F, 0x0F, 0x0F, 0x0F, 0x0F, 0x0F, 0x0F, 0x0F, 0x0F, 0x0F, 0x0F, 0x0F, 0x0F, 0x0F, 0x0F,
	0x0F, 0x00, 0x00, 0x0F, 0x0F, 0x0F, 0x0F, 0x0F, 0x0F, 0x0F, 0x0F, 0x0F, 0x0F, 0x0F, 0x0F, 0x0F,
	0x0F, 0x0F, 0x0F, 0x0F, 0x0F, 0x0F, 0x0F, 0x0F, 0x0F, 0x0F, 0x0F, 0x0F, 0x0F, 0x0F, 0x0F, 0x0F,
	0x0F, 0x0F, 0x0F, 0x0F, 0x0F, 0x0F, 0x0F, 0x0F, 0x0F, 0x0F, 0x0F, 0x0F, 0x0F, 0x0F, 0x0F, 0x0F,
	0x0F, 0x0F, 0x0F, 0x0F, 0x0F, 0x0F, 0x0F, 0x0F, 0x0F, 0x0F, 0x0F, 0x0F, 0x0F, 0x0F, 0x0F, 0x0F,
	0x0F, 0x0F, 0x0F, 0x0F, 0x0F, 0x0F, 0x0F, 0x0F, 0x0F, 0x0F, 0x0F, 0x0F, 0x0F, 0x0F, 0x0F, 0x0F,
	0x0F, 0x0F, 0x0F, 0x0F, 0x0F, 0x0F, 0x0F, 0x0F, 0x0F, 0x0F, 0x0F, 0x0F, 0x0F, 0x0F, 0x0F, 0x0F,
	0x0F, 0x0F, 0x0F, 0x0F, 0x0F, 0x0F, 0x0F, 0x0F, 0x0F, 0x0F, 0x0F, 0x0F, 0x0F, 0x0F, 0x0F, 0x0F,
	0x0F, 0x0F, 0x0F, 0x0F, 0x0F, 0x0F, 0x0F, 0x0F, 0x0F, 0x0F, 0x0F, 0x0F, 0x0F, 0x0F, 0x0F, 0x0F,
	0x0F, 0x0F, 0x0F, 0x0F, 0x0F, 0x0F, 0x0F, 0x0F, 0x0F, 0x0F, 0x0F, 0x0F, 0x0F, 0x0F, 0x0F, 0x0F,
	0x0F, 0x0F, 0x0F, 0x0F, 0x0F, 0x0F, 0x0F, 0x0F, 0x0F, 0x0F, 0x0F, 0x0F, 0x0F, 0x0F, 0x0F, 0x0F,
	0x0F, 0x0F, 0x0F, 0x0F, 0x0F, 0x0F, 0x0F, 0x0F, 0x0F, 0x0F, 0x0F, 0x0F, 0x0F, 0x0F, 0x0F, 0x0F,
	0x0F, 0x0F, 0x0F, 0x0F, 0x0F, 0x0F, 0x0F, 0x0F, 0x0F, 0x0F, 0x0F, 0x0F, 0x0F, 0x0F, 0x0F, 0x0F,
	0x0F, 0x0F, 0x0F, 0x0F, 0x0F, 0x0F, 0x0F, 0x0F, 0x0F, 0x0F, 0x0F, 0x0F, 0x0F, 0x0F, 0x0F, 0x0F,
	0x0F, 0x0F, 0x0F, 0x0F, 0x0F, 0x0F, 0x0F, 0x0F, 0x0F, 0x0F, 0x0F, 0x0F, 0x0F, 0x0F, 0x0A, 0x0A,
	0x0A, 0x00, 0x00, 0x00, 0x00, 0x00, 0x00, 0x00, 0x00, 0x0A, 0x0F, 0x0F, 0x0F, 0x0F, 0x0F, 0x00,
	0x0F, 0x0F, 0x0F, 0x0F, 0x0F, 0x0F, 0x0F, 0x0F, 0x0F, 0x0F, 0x0F, 0x0F, 0x0F, 0x0F, 0x0F, 0x0F,
	0x0F, 0x0F, 0x0F, 0x0F, 0x0F, 0x0F, 0x0F, 0x0F, 0x0F, 0x0F, 0x0F, 0x0F, 0x0F, 0x0F, 0x0F, 0x0F,
	0x0F, 0x0F, 0x0F, 0x0F, 0x0F, 0x0F, 0x0F, 0x0F, 0x0F, 0x0F, 0x0F, 0x0F, 0x0F, 0x0F, 0x0F, 0x0F,
	0x0F, 0x0F, 0x0F, 0x0F, 0x0F, 0x0F, 0x0F, 0x0F, 0x0F, 0x0F, 0x0F, 0x0F, 0x0F, 0x0F, 0x0F, 0x0F,
	0x0F, 0x0F, 0x0F, 0x0F, 0x0F, 0x0F, 0x0F, 0x0F, 0x0F, 0x0F, 0x0F, 0x0F, 0x0F, 0x0F, 0x0F, 0x0F,
	0x0F, 0x0F, 0x0F, 0x0F, 0x0F, 0x0F, 0x0F, 0x0F, 0x0F, 0x0F, 0x0F, 0x0F, 0x0F, 0x0F, 0x0F, 0x0F,
	0x0F, 0x0F, 0x0F, 0x0F, 0x0F, 0x0F, 0x0F, 0x0F, 0x0F, 0x0F, 0x0F, 0x0F, 0x0F, 0x0F, 0x0F, 0x0F,
	0x0F, 0x0F, 0x0F, 0x0F, 0x0F, 0x0F, 0x0F, 0x0F, 0x0F, 0x0F, 0x0F, 0x0F, 0x0F, 0x0F, 0x0F, 0x0F,
	0x0F, 0x0F, 0x0F, 0x0F, 0x0F, 0x0F, 0x0F, 0x0F, 0x0F, 0x0F, 0x0F, 0x0F, 0x0F, 0x0F, 0x0F, 0x0F,
	0x0F, 0x0F, 0x0F, 0x0F, 0x0F, 0x0F, 0x0F, 0x0F, 0x0F, 0x0F, 0x0F, 0x0F, 0x0F, 0x0F, 0x0F, 0x0F,
	0x0F, 0x0F, 0x0F, 0x0F, 0x0F, 0x0F, 0x0F, 0x0F, 0x0F, 0x0F, 0x0F, 0x0F, 0x0F, 0x0F, 0x0F, 0x0F,
	0x0F, 0x0F, 0x0F, 0x0F, 0x0F, 0x0F, 0x0F, 0x0F, 0x0F, 0x0F, 0x0F, 0x0F, 0x0F, 0x0F, 0x0F, 0x0F,
	0x0F, 0x0F, 0x0F, 0x0F, 0x0F, 0x0F, 0x0F, 0x0F, 0x0F, 0x0F, 0x0F, 0x0F, 0x0F, 0x0F, 0x0F, 0x0F,
	0x0F, 0x0F, 0x0F, 0x0F, 0x0F, 0x0F, 0x0F, 0x0F, 0x0F, 0x0F, 0x0F, 0x0F, 0x0F, 0x0F, 0x0F, 0x0F,
	0x0F, 0x0F, 0x0F, 0x0F, 0x0F, 0x0F, 0x0F, 0x0F, 0x0F, 0x0F, 0x0F, 0x0F, 0x0F, 0x0F, 0x0F, 0x0F,
	0x0F, 0x0F, 0x0F, 0x0F, 0x0F, 0x0F, 0x0F, 0x0F, 0x0F, 0x0F, 0x0F, 0x0F, 0x0F, 0x0F, 0x0F, 0x0F,
	0x0F, 0x0F, 0x0F, 0x0F, 0x0F, 0x0F, 0x0F, 0x0F, 0x0F, 0x0F, 0x0F, 0x0F, 0x0F, 0x0F, 0x0F, 0x0F,
	0x0F, 0x0F, 0x0F, 0x0F, 0x0F, 0x0F, 0x0F, 0x0F, 0x0F, 0x0F, 0x0F, 0x0F, 0x0F, 0x0F, 0x0F, 0x0F,
	0x0F, 0x0F, 0x0F, 0x0F, 0x0F, 0x0F, 0x0F, 0x0F, 0x0F, 0x0F, 0x0F, 0x0F, 0x0F, 0x0F, 0x0F, 0x0F,
	0x0F, 0x0F, 0x0F, 0x0F, 0x0F, 0x0F, 0x0F, 0x0F, 0x0F, 0x0F, 0x0F, 0x0F, 0x0F, 0x0F, 0x0F, 0x0F,
	0x0F, 0x0F, 0x0F, 0x0F, 0x0F, 0x0F, 0x0F, 0x0F, 0x0F, 0x0F, 0x0F, 0x0F, 0x0F, 0x0F, 0x0F, 0x0F,
	0x0F, 0x0F, 0x0F, 0x0F, 0x0F, 0x0F, 0x0F, 0x0F, 0x0F, 0x0F, 0x0F, 0x0F, 0x0F, 0x0F, 0x0F, 0x0F,
	0x0F, 0x0F, 0x0F, 0x0F, 0x0F, 0x0F, 0x0F, 0x0F, 0x0F, 0x0F, 0x0F, 0x0F, 0x0F, 0x0F, 0x0F, 0x0F,
	0x0F, 0x0F, 0x0F, 0x0F, 0x0F, 0x0F, 0x0F, 0x0F, 0x0F, 0x0F, 0x0F, 0x0F, 0x0F, 0x0F, 0x0F, 0x0F,
	0x0F, 0x0F, 0x0F, 0x0F, 0x0F, 0x0F, 0x0F, 0x0F, 0x0F, 0x0F, 0x0F, 0x0F, 0x0F, 0x0F, 0x0F, 0x0F,
	0x0F, 0x0F, 0x0F, 0x0F, 0x0F, 0x0F, 0x0F, 0x0F, 0x0F, 0x0F, 0x0F, 0x0F, 0x0F, 0x0F, 0x0F, 0x0F,
	0x0F, 0x0F, 0x0F, 0x0F, 0x0F, 0x0F, 0x0F, 0x0F, 0x0F, 0x0F, 0x0F, 0x0F, 0x0F, 0x0F, 0x0F, 0x0F,
	0x0F, 0x0F, 0x0F, 0x0F, 0x0F, 0x0F, 0x0F, 0x0F, 0x0F, 0x0F, 0x0F, 0x0F, 0x0F, 0x0F, 0x0F, 0x0F,
	0x00, 0x00, 0x00, 0x00, 0x00, 0x0F, 0x0F, 0x0F, 0x0F, 0x0F, 0x0F, 0x0F, 0x0F, 0x0F, 0x0F, 0x0F,
	0x0F, 0x0F, 0x0F, 0x0F, 0x0F, 0x0F, 0x0F, 0x0F, 0x0F, 0x0F, 0x0F, 0x0F, 0x0F, 0x0F, 0x0F, 0x0F,
	0x0F, 0x0F, 0x0F, 0x0F, 0x0F, 0x0F, 0x0F, 0x0F, 0x0F, 0x0F, 0x0F, 0x0F, 0x0F, 0x0F, 0x0F, 0x0F,
	0x0F, 0x0F, 0x0F, 0x0F, 0x0F, 0x0F, 0x0F, 0x0F, 0x0F, 0x0F, 0x0F, 0x0F, 0x0F, 0x0F, 0x0F, 0x0F,
	0x00, 0x00, 0x00, 0x00, 0x00, 0x00, 0x00, 0x0F, 0x0F, 0x0F, 0x0F, 0x0F, 0x0F, 0x0F, 0x0F, 0x0F,
	0x0F, 0x0F, 0x0F, 0x0F, 0x0F, 0x0F, 0x0F, 0x0F, 0x0F, 0x0F, 0x0F, 0x0F, 0x0F, 0x0F, 0x0F, 0x0F,
	0x0F, 0x0F, 0x0F, 0x0F, 0x0F, 0x0F, 0x0F, 0x0F, 0x0F, 0x0F, 0x0F, 0x0F, 0x0F, 0x0F, 0x0F, 0x0F,
	0x0F, 0x0F, 0x0F, 0x0F, 0x0F, 0x0F, 0x0F, 0x0F, 0x0F, 0x0F, 0x0F, 0x0F, 0x0F, 0x0F, 0x0F, 0x0F,
	0x0F, 0x0F, 0x0F, 0x0F, 0x0F, 0x0F, 0x0F, 0x0F, 0x0F, 0x0F, 0x0F, 0x0F, 0x0F, 0x0F, 0x0F, 0x0F,
	0x0F, 0x0F, 0x0F, 0x0F, 0x0F, 0x0F, 0x0F, 0x0F, 0x0F, 0x0F, 0x0F, 0x0F, 0x0F, 0x0F, 0x0F, 0x0F,
	0x0F, 0x0F, 0x0F, 0x0F, 0x0F, 0x0F, 0x0F, 0x0F, 0x0F, 0x0F, 0x0F, 0x0F, 0x0F, 0x0F, 0x0F, 0x0F,
	0x0F, 0x0F, 0x0F, 0x0F, 0x0F, 0x0F, 0x0F, 0x0F, 0x0F, 0x0F, 0x0F, 0x0F, 0x0F, 0x0F, 0x0F, 0x0F,
	0x0F, 0x0F, 0x0F, 0x0F, 0x0F, 0x0F, 0x0F, 0x0F, 0x0F, 0x0F, 0x0F, 0x0F, 0x0F, 0x0F, 0x0F, 0x0F,
	0x0F, 0x0F, 0x0F, 0x0F, 0x0F, 0x0F, 0x0F, 0x0F, 0x0F, 0x0F, 0x0F, 0x0F, 0x0F, 0x0F, 0x0F, 0x0F,
	0x0F, 0x0F, 0x0F, 0x0F, 0x0F, 0x0F, 0x0F, 0x0F, 0x0F, 0x0F, 0x0F, 0x0F, 0x0F, 0x0F, 0x0F, 0x0F,
	0x0F, 0x0F, 0x0F, 0x0F, 0x0F, 0x0F, 0x0F, 0x0F, 0x0F, 0x0F, 0x0F, 0x0F, 0x0F, 0x0F, 0x0F, 0x0F,
	0x0F, 0x0F, 0x0F, 0x0F, 0x0F, 0x0F, 0x0F, 0x0F, 0x0F, 0x0F, 0x0F, 0x0F, 0x0F, 0x0F, 0x0F, 0x0F,
	0x0F, 0x0F, 0x0F, 0x0F, 0x0F, 0x0F, 0x0F, 0x0F, 0x0F, 0x0F, 0x0F, 0x0F, 0x0F, 0x0F, 0x0F, 0x0F,
	0x0F, 0x0F, 0x0F, 0x0F, 0x0F, 0x0F, 0x0F, 0x0F, 0x0F, 0x0F, 0x0F, 0x0F, 0x0F, 0x0F, 0x0F, 0x0F,
	0x0F, 0x0F, 0x0F, 0x0F, 0x0F, 0x0F, 0x0F, 0x0F, 0x0F, 0x0F, 0x0F, 0x0F, 0x0F, 0x0F, 0x0F, 0x0F,
	0x0F, 0x0F, 0x0F, 0x0F, 0x0F, 0x0F, 0x0F, 0x0F, 0x0F, 0x0F, 0x0F, 0x0F, 0x0F, 0x0F, 0x0F, 0x0F,
	0x0F, 0x0F, 0x0F, 0x0F, 0x0F, 0x0F, 0x0F, 0x0F, 0x0F, 0x0F, 0x0F, 0x0F, 0x0F, 0x0F, 0x0F, 0x0F,
	0x0F, 0x0F, 0x0F, 0x0F, 0x0F, 0x0F, 0x0F, 0x0F, 0x0F, 0x0F, 0x0F, 0x0F, 0x0F, 0x0F, 0x0F, 0x0F,
	0x0F, 0x0F, 0x0F, 0x0F, 0x0F, 0x0F, 0x0F, 0x0A, 0x00, 0x05, 0x05, 0x0F, 0x0F, 0x0F, 0x0F, 0x0F,
	0x0F, 0x0F, 0x0F, 0x0F, 0x0F, 0x0F, 0x0F, 0x0F, 0x0F, 0x0F, 0x0F, 0x0F, 0x0F, 0x0F, 0x0F, 0x0F,
	0x0F, 0x0F, 0x0F, 0x0F, 0x0F, 0x0F, 0x0F, 0x0F, 0x0F, 0x0F, 0x0F, 0x0F, 0x0F, 0x0F, 0x0F, 0x0F,
	0x0F, 0x0F, 0x0F, 0x0F, 0x0F, 0x0F, 0x0F, 0x0F, 0x0F, 0x0F, 0x0F, 0x0F, 0x0F, 0x0F, 0x0F, 0x0F,
	0x0F, 0x0F, 0x0F, 0x0F, 0x0F, 0x0F, 0x0F, 0x0F, 0x0F, 0x0F, 0x0F, 0x0F, 0x0F, 0x0F, 0x0F, 0x0F,
	0x0F, 0x0F, 0x0F, 0x0F, 0x0F, 0x0F, 0x0F, 0x0F, 0x0F, 0x0F, 0x0F, 0x0F, 0x0F, 0x0F, 0x0F, 0x0F,
	0x0F, 0x0F, 0x0F, 0x0F, 0x0F, 0x0F, 0x0F, 0x0F, 0x0F, 0x0F, 0x0F, 0x0F, 0x0F, 0x0F, 0x0F, 0x0F,
	0x0F, 0x0F, 0x0F, 0x0F, 0x0F, 0x0F, 0x0F, 0x0F, 0x0F, 0x0F, 0x0F, 0x0F, 0x0F, 0x0F, 0x0F, 0x0F,
	0x0F, 0x0F, 0x0F, 0x0F, 0x0F, 0x0F, 0x0F, 0x0F, 0x0F, 0x0F, 0x0F, 0x0F, 0x0F, 0x0F, 0x0F, 0x0F,
	0x0F, 0x0F, 0x0F, 0x0F, 0x0F, 0x0F, 0x0F, 0x0F, 0x0F, 0x0F, 0x0F, 0x0F, 0x0F, 0x0F, 0x0F, 0x0F,
	0x0F, 0x0F, 0x0F, 0x0F, 0x0F, 0x0F, 0x0F, 0x0F, 0x0F, 0x0F, 0x0F, 0x0F, 0x0F, 0x0F, 0x0F, 0x0F,
	0x0F, 0x0F, 0x0F, 0x0F, 0x0F, 0x0F, 0x0F, 0x0F, 0x0F, 0x0F, 0x0F, 0x0F, 0x0F, 0x0F, 0x0F, 0x0F,
	0x0F, 0x0F, 0x0F, 0x0F, 0x0F, 0x0F, 0x0F, 0x0F, 0x0F, 0x0F, 0x0F, 0x0F, 0x0F, 0x0F, 0x0F, 0x0F,
	0x0F, 0x0F, 0x0F, 0x0F, 0x0F, 0x0F, 0x0F, 0x0F, 0x0F, 0x0F, 0x0F, 0x0F, 0x0F, 0x0F, 0x0F, 0x0F,
	0x0F, 0x0F, 0x0F, 0x0F, 0x0F, 0x0F, 0x0F, 0x0F, 0x0F, 0x0F, 0x0F, 0x0F, 0x0F, 0x0F, 0x0F, 0x0F,
	0x0F, 0x0F, 0x0F, 0x0F, 0x0F, 0x0F, 0x0F, 0x0F, 0x0F, 0x0F, 0x0F, 0x0F, 0x0F, 0x0F, 0x0F, 0x0F,
	0x0F, 0x0F, 0x0F, 0x0F, 0x0F, 0x0F, 0x0F, 0x0F, 0x0F, 0x0F, 0x0F, 0x0F, 0x0F, 0x0F, 0x0F, 0x0F,
	0x0F, 0x0F, 0x0F, 0x0F, 0x0F, 0x0F, 0x0F, 0x0F, 0x0F, 0x0F, 0x0F, 0x0F, 0x0F, 0x0F, 0x0F, 0x0F,
	0x0F, 0x0F, 0x0F, 0x0F, 0x0F, 0x0F, 0x0F, 0x0F, 0x0F, 0x0F, 0x0F, 0x0F, 0x0F, 0x0F, 0x0F, 0x0F,
	0x0F, 0x0F, 0x0F, 0x0F, 0x0F, 0x0F, 0x0F, 0x0F, 0x0F, 0x0F, 0x0F, 0x0F, 0x0F, 0x0F, 0x0F, 0x0F,
	0x0F, 0x0F, 0x0F, 0x0F, 0x0F, 0x0F, 0x0F, 0x0F, 0x0F, 0x0F, 0x0F, 0x0F, 0x0F, 0x0F, 0x0F, 0x0F,
	0x0F, 0x0F, 0x0F, 0x0F, 0x0F, 0x0F, 0x0F, 0x0F, 0x0F, 0x0F, 0x0F, 0x0F, 0x0F, 0x0F, 0x0F, 0x0F,
	0x0F, 0x0F, 0x0F, 0x0F, 0x0F, 0x0F, 0x0F, 0x0F, 0x0F, 0x0F, 0x0F, 0x0F, 0x0F, 0x0F, 0x0F, 0x0F,
	0x0F, 0x0F, 0x0F, 0x0F, 0x0F, 0x0F, 0x0F, 0x0F, 0x0F, 0x0F, 0x0F, 0x0F, 0x0F, 0x0F, 0x0F, 0x0F,
	0x0F, 0x0F, 0x0F, 0x0F, 0x0F, 0x0F, 0x0F, 0x0F, 0x0F, 0x0F, 0x0F, 0x0F, 0x0F, 0x0F, 0x0F, 0x0F,
	0x00, 0x00, 0x0F, 0x0F, 0x0F, 0x0F, 0x0F, 0x0F, 0x0F, 0x0F, 0x0F, 0x0F, 0x0F, 0x0F, 0x0F, 0x0F,
	0x0F, 0x0F, 0x0F, 0x0F, 0x0F, 0x0F, 0x0F, 0x0F, 0x0F, 0x0F, 0x0F, 0x0F, 0x0F, 0x0F, 0x0F, 0x0F,
	0x0F, 0x0F, 0x0F, 0x0F, 0x0F, 0x0F, 0x0F, 0x0F, 0x0F, 0x0F, 0x0F, 0x0F, 0x0F, 0x0F, 0x0F, 0x0F,
	0x0F, 0x0F, 0x0F, 0x03, 0x03, 0x03, 0x03, 0x0F, 0x0F, 0x0F, 0x0F, 0x0F, 0x0F, 0x0F, 0x0F, 0x0F,
	0x0F, 0x0F, 0x0F, 0x0F, 0x0F, 0x0F, 0x0F, 0x0F, 0x0F, 0x0F, 0x0F, 0x0F, 0x0F, 0x0F, 0x0F, 0x0F,
	0x0F, 0x0F, 0x0F, 0x0F, 0x0F, 0x0F, 0x0F, 0x0F, 0x0F, 0x0F, 0x0F, 0x0F, 0x0F, 0x0F, 0x0F, 0x0F,
	0x0F, 0x0F, 0x0F, 0x0F, 0x0F, 0x0F, 0x0F, 0x0F, 0x0F, 0x0F, 0x0F, 0x0F, 0x0F, 0x0F, 0x0F, 0x0F,
	0x0F, 0x0F, 0x0F, 0x0F, 0x0F, 0x0F, 0x0F, 0x0F, 0x0F, 0x0F, 0x0F, 0x0F, 0x0F, 0x0F, 0x0F, 0x0F,
	0x0F, 0x0F, 0x0F, 0x0F, 0x0F, 0x0F, 0x0F, 0x0F, 0x0F, 0x0F, 0x0F, 0x0F, 0x0F, 0x0F, 0x0F, 0x0F,
	0x0F, 0x0F, 0x0F, 0x0F, 0x0F, 0x0F, 0x0F, 0x0F, 0x0F, 0x0F, 0x0F, 0x0F, 0x0F, 0x0F, 0x0F, 0x0F,
	0x0F, 0x0F, 0x0F, 0x0F, 0x0F, 0x0F, 0x0F, 0x0F, 0x0F, 0x0F, 0x0F, 0x0F, 0x0F, 0x0F, 0x0F, 0x0F,
	0x0F, 0x0F, 0x0F, 0x0F, 0x0F, 0x0F, 0x0F, 0x0F, 0x0F, 0x0F, 0x0F, 0x0F, 0x0F, 0x0F, 0x0F, 0x0F,
	0x0F, 0x0F, 0x0F, 0x0F, 0x0F, 0x0F, 0x0F, 0x0F, 0x0F, 0x0F, 0x0F, 0x0F, 0x0F, 0x0F, 0x0F, 0x0F,
	0x0F, 0x0F, 0x0F, 0x0F, 0x0F, 0x0F, 0x0F, 0x0F, 0x0F, 0x0F, 0x0F, 0x0F, 0x0F, 0x0F, 0x0F, 0x0F,
	0x0F, 0x0F, 0x0F, 0x0F, 0x0F, 0x0F, 0x0F, 0x0F, 0x0F, 0x0F, 0x0F, 0x0F, 0x0F, 0x0F, 0x0F, 0x0F,
	0x0F, 0x0F, 0x0F, 0x0F, 0x0F, 0x0F, 0x0F, 0x0F, 0x0F, 0x0F, 0x0F, 0x0F, 0x0F, 0x0F, 0x0F, 0x0F,
	0x0F, 0x0F, 0x0F, 0x0F, 0x0F, 0x0F, 0x0F, 0x0F, 0x0F, 0x0F, 0x0F, 0x0F, 0x0F, 0x0F, 0x0F, 0x0F,
	0x0F, 0x0F, 0x0F, 0x0F, 0x0F, 0x0F, 0x0F, 0x0F, 0x0F, 0x0F, 0x0F, 0x0F, 0x0F, 0x0F, 0x0F, 0x0F,
	0x0F, 0x0F, 0x0F, 0x0F, 0x0F, 0x0F, 0x0F, 0x0F, 0x0F, 0x0F, 0x0F, 0x0F, 0x0F, 0x0F, 0x0F, 0x0F,
	0x0F, 0x0F, 0x0F, 0x0F, 0x0F, 0x0F, 0x0F, 0x0F, 0x0F, 0x0F, 0x0F, 0x0F, 0x0F, 0x0F, 0x0F, 0x0F,
	0x0F, 0x0F, 0x0F, 0x0F, 0x0F, 0x0F, 0x0F, 0x0F, 0x0F, 0x0F, 0x0F, 0x0F, 0x0F, 0x0F, 0x0F, 0x0F,
	0x0F, 0x0F, 0x0F, 0x0F, 0x0F, 0x0F, 0x0F, 0x0F, 0x0F, 0x0F, 0x0F, 0x0F, 0x0F, 0x0F, 0x0F, 0x0F,
	0x0F, 0x0F, 0x0F, 0x0F, 0x0F, 0x0F, 0x0F, 0x0F, 0x0F, 0x0F, 0x0F, 0x0F, 0x0F, 0x0F, 0x0F, 0x0F,
	0x0F, 0x0F, 0x0F, 0x0F, 0x0F, 0x0F, 0x0F, 0x0F, 0x0F, 0x0F, 0x0F, 0x0F, 0x0F, 0x0F, 0x0F, 0x0F,
	0x0F, 0x0F, 0x0F, 0x0F, 0x0F, 0x0F, 0x0F, 0x0F, 0x0F, 0x0F, 0x0F, 0x0F, 0x0F, 0x0F, 0x0F, 0x0F,
	0x0F, 0x0F, 0x0F, 0x0F, 0x0F, 0x0F, 0x0F, 0x0F, 0x0F, 0x0F, 0x0F, 0x0F, 0x0F, 0x0F, 0x0F, 0x0F,
	0x0F, 0x0F, 0x0F, 0x0F, 0x0F, 0x0F, 0x0F, 0x0F, 0x0F, 0x0F, 0x0F, 0x0F, 0x0F, 0x0F, 0x00, 0x0F,
	0x0F, 0x0F, 0x0F, 0x0F, 0x0F, 0x0F, 0x0F, 0x0F, 0x0F, 0x0F, 0x0F, 0x0F, 0x0F, 0x0F, 0x0F, 0x0F,
	0x0F, 0x0F, 0x0F, 0x0F, 0x0F, 0x0F, 0x0F, 0x0F, 0x0F, 0x0F, 0x0F, 0x0F, 0x0F, 0x0F, 0x0F, 0x0F,
	0x0F, 0x0F, 0x0F, 0x0F, 0x0F, 0x0F, 0x0F, 0x0F, 0x0F, 0x0F, 0x0F, 0x0F, 0x0F, 0x0F, 0x0F, 0x0F,
	0x0F, 0x0F, 0x0F, 0x0F, 0x0F, 0x0F, 0x0F, 0x0F, 0x0F, 0x0F, 0x0F, 0x0F, 0x0F, 0x0F, 0x0F, 0x0F,
	0x0F, 0x0F, 0x0F, 0x0F, 0x0F, 0x0F, 0x0F, 0x0F, 0x0F, 0x0F, 0x0F, 0x0F, 0x0F, 0x0F, 0x0F, 0x0F,
	0x0F, 0x0F, 0x0F, 0x0F, 0x0F, 0x0F, 0x0F, 0x0F, 0x0F, 0x0F, 0x0F, 0x0F, 0x0F, 0x0F, 0x0F, 0x0F,
	0x0F, 0x0F, 0x0F, 0x0F, 0x0F, 0x0F, 0x0F, 0x0F, 0x0F, 0x0F, 0x0F, 0x0F, 0x0F, 0x0F, 0x0F, 0x0F,
	0x0F, 0x0F, 0x0F, 0x0F, 0x0F, 0x0F, 0x0F, 0x0F, 0x0F, 0x0F, 0x0F, 0x0F, 0x0F, 0x0F, 0x0F, 0x0F,
	0x0F, 0x0F, 0x0F, 0x0F, 0x0F, 0x0F, 0x0F, 0x0F, 0x0F, 0x0F, 0x0F, 0x0F, 0x0F, 0x0F, 0x0F, 0x0F,
	0x0F, 0x0F, 0x0F, 0x0F, 0x0F, 0x0F, 0x0F, 0x0F, 0x0F, 0x0F, 0x0F, 0x0F, 0x0F, 0x0F, 0x0F, 0x0F,
	0x0F, 0x0F, 0x0F, 0x0F, 0x0F, 0x0F, 0x0F, 0x0F, 0x0F, 0x0F, 0x0F, 0x0F, 0x0F, 0x0F, 0x0F, 0x0F,
	0x0F, 0x0F, 0x0F, 0x0F, 0x0F, 0x0F, 0x0F, 0x0F, 0x0F, 0x0F, 0x0F, 0x0F, 0x0F, 0x0F, 0x0F, 0x0F,
	0x0F, 0x0F, 0x0F, 0x0F, 0x0F, 0x0F, 0x0F, 0x0F, 0x0F, 0x0F, 0x0F, 0x0F, 0x0F, 0x0F, 0x0F, 0x0F,
	0x0F, 0x0F, 0x0F, 0x0F, 0x0F, 0x0F, 0x0F, 0x0F, 0x0F, 0x0F, 0x0F, 0x0F, 0x0F, 0x0F, 0x0F, 0x0F,
	0x0F, 0x0F, 0x0F, 0x0F, 0x0F, 0x0F, 0x0F, 0x0F, 0x0F, 0x0F, 0x0F, 0x0F, 0x0F, 0x0F, 0x0F, 0x0F,
	0x0F, 0x0F, 0x0F, 0x0F, 0x0F, 0x0F, 0x0F, 0x0F, 0x0F, 0x0F, 0x0F, 0x0F, 0x0F, 0x0F, 0x0F, 0x0F,
	0x0F, 0x0F, 0x0F, 0x0F, 0x0F, 0x0F, 0x0F, 0x0F, 0x0F, 0x0F, 0x0F, 0x0F, 0x0F, 0x0F, 0x0F, 0x0F,
	0x0F, 0x0F, 0x0F, 0x0F, 0x0F, 0x0F, 0x0F, 0x0F, 0x0F, 0x0F, 0x0F, 0x0F, 0x0F, 0x0F, 0x0F, 0x0F,
	0x0F, 0x0F, 0x0F, 0x0F, 0x0F, 0x0F, 0x0F, 0x0F, 0x0F, 0x0F, 0x0F, 0x0F, 0x0F, 0x0F, 0x0F, 0x0F,
	0x0F, 0x0F, 0x0F, 0x0F, 0x0F, 0x0F, 0x03, 0x03, 0x03, 0x03, 0x03, 0x03, 0x03, 0x03, 0x03, 0x03,
	0x03, 0x03, 0x03, 0x03, 0x03, 0x03, 0x03, 0x03, 0x03, 0x03, 0x03, 0x03, 0x03, 0x03, 0x03, 0x03,
	0x03, 0x03, 0x03, 0x03, 0x03, 0x03, 0x03, 0x03, 0x03, 0x03, 0x0F, 0x0F, 0x0F, 0x0F, 0x0F, 0x0F,
	0x0F, 0x0F, 0x0F, 0x0F, 0x0F, 0x0F, 0x0F, 0x0F, 0x0F, 0x0F, 0x0F, 0x0F, 0x0F, 0x0F, 0x0F, 0x0F,
	0x0F, 0x0F, 0x0F, 0x0F, 0x0F, 0x0F, 0x0F, 0x0F, 0x0F, 0x0F, 0x0F, 0x0F, 0x0F, 0x0F, 0x0F, 0x0F,
	0x0F, 0x0F, 0x0F, 0x0F, 0x0F, 0x0F, 0x0F, 0x00, 0x00, 0x0F, 0x0F, 0x0F, 0x0F, 0x0F, 0x0F, 0x0F,
	0x0F, 0x0F, 0x0F, 0x0F, 0x0F, 0x0F, 0x0F, 0x0F, 0x0F, 0x0F, 0x0F, 0x0F, 0x0F, 0x0F, 0x0F, 0x0F,
	0x0F, 0x0F, 0x0F, 0x0F, 0x0F, 0x0F, 0x0F, 0x0F, 0x0F, 0x0F, 0x0F, 0x0F, 0x0F, 0x0F, 0x0F, 0x0F,
	0x0F, 0x0F, 0x0F, 0x0F, 0x0F, 0x0F, 0x0F, 0x0F, 0x0F, 0x0F, 0x0F, 0x0F, 0x0F, 0x0F, 0x00, 0x00,
	0x00, 0x00, 0x00, 0x00, 0x00, 0x00, 0x00, 0x00, 0x00, 0x00, 0x0F, 0x0F, 0x0F, 0x00, 0x00, 0x00,
	0x00, 0x00, 0x00, 0x0F, 0x0F, 0x0F, 0x0F, 0x0F, 0x0F, 0x0F, 0x0F, 0x00, 0x00, 0x00, 0x00, 0x00,
	0x00, 0x00, 0x00, 0x0F, 0x0F, 0x00, 0x00, 0x00, 0x00, 0x00, 0x00, 0x00, 0x0F, 0x0F, 0x0F, 0x0F,
	0x0F, 0x0F, 0x0F, 0x0F, 0x0F, 0x0F, 0x0F, 0x0F, 0x0F, 0x0F, 0x0F, 0x0F, 0x0F, 0x0F, 0x0F, 0x0F,
	0x0F, 0x0F, 0x0F, 0x0F, 0x0F, 0x0F, 0x0F, 0x0F, 0x0F, 0x0F, 0x00, 0x00, 0x00, 0x00, 0x0F, 0x0F,
	0x0F, 0x0F, 0x0F, 0x0F, 0x0F, 0x0F, 0x0F, 0x0F, 0x0F, 0x0F, 0x0F, 0x00, 0x00, 0x00, 0x00, 0x00,
	0x00, 0x0F, 0x0F, 0x0F, 0x0F, 0x0F, 0x0F, 0x0F, 0x0F, 0x0F, 0x0F, 0x0F, 0x0F, 0x0F, 0x0F, 0x0F,
	0x0F, 0x0F, 0x0F, 0x0F, 0x0F, 0x0F, 0x0F, 0x0F, 0x0F, 0x0F, 0x0F, 0x0F, 0x0F, 0x0F, 0x0F, 0x0F,
	0x0F, 0x0F, 0x0F, 0x0F, 0x0F, 0x0F, 0x0F, 0x0F, 0x0F, 0x0F, 0x0F, 0x0F, 0x0F, 0x0F, 0x0F, 0x0F,
	0x0F, 0x0F, 0x0F, 0x0F, 0x0F, 0x0F, 0x0F, 0x0F, 0x0F, 0x0F, 0x0F, 0x0F, 0x0F, 0x0F, 0x0F, 0x0F,
	0x0F, 0x0F, 0x0F, 0x0F, 0x0F, 0x0F, 0x0F, 0x0F, 0x0F, 0x0F, 0x0F, 0x0F, 0x0F, 0x0F, 0x0F, 0x0F,
	0x0F, 0x0F, 0x0F, 0x0F, 0x0F, 0x0F, 0x0F, 0x0F, 0x0F, 0x0F, 0x0F, 0x0F, 0x0F, 0x0F, 0x0F, 0x0F,
	0x0F, 0x0F, 0x0F, 0x0F, 0x0F, 0x0F, 0x0F, 0x0F, 0x0F, 0x0F, 0x0F, 0x0F, 0x0F, 0x0F, 0x0F, 0x0F,
	0x0F, 0x0F, 0x0F, 0x0F, 0x0F, 0x0F, 0x0F, 0x0F, 0x0F, 0x0F, 0x0F, 0x0F, 0x0F, 0x0F, 0x0F, 0x0F,
	0x0F, 0x0F, 0x00, 0x00, 0x00, 0x0F, 0x0F, 0x0F, 0x0F, 0x0F, 0x0F, 0x0F, 0x0F, 0x0F, 0x0F, 0x0F,
	0x00, 0x00, 0x00, 0x0F, 0x0F, 0x0F, 0x0F, 0x0F, 0x0F, 0x0F, 0x0F, 0x00, 0x00, 0x0F, 0x0F, 0x00,
	0x0F, 0x0F, 0x0F, 0x0F, 0x0F, 0x0F, 0x0F, 0x0F, 0x0F, 0x0F, 0x0F, 0x0F, 0x0F, 0x0F, 0x0F, 0x0F,
	0x0F, 0x0F, 0x0F, 0x0F, 0x0F, 0x0F, 0x0F, 0x0F, 0x0F, 0x0F, 0x0F, 0x0F, 0x0F, 0x0F, 0x0F, 0x0F,
	0x00, 0x00, 0x0F, 0x0F, 0x0F, 0x0F, 0x0F, 0x0F, 0x0F, 0x0F, 0x0F, 0x0F, 0x0F, 0x0F, 0x0F, 0x0F,
	0x0F, 0x0F, 0x0F, 0x0F, 0x0F, 0x0F, 0x0F, 0x0F, 0x0F, 0x0F, 0x0F, 0x0F, 0x0F, 0x0F, 0x0F, 0x0F,
	0x0F, 0x0F, 0x0F, 0x0F, 0x0F, 0x0F, 0x0F, 0x0F, 0x0F, 0x0F, 0x0F, 0x0F, 0x0F, 0x0F, 0x0F, 0x0F,
	0x0F, 0x0F, 0x0F, 0x0F, 0x0F, 0x0F, 0x0F, 0x0F, 0x0F, 0x0F, 0x0F, 0x0F, 0x0F, 0x0F, 0x0F, 0x0F,
	0x0F, 0x0F, 0x0F, 0x0F, 0x0F, 0x0F, 0x0F, 0x0F, 0x0F, 0x0F, 0x0F, 0x0F, 0x0F, 0x0F, 0x0F, 0x0F,
	0x0F, 0x0F, 0x0F, 0x0F, 0x0F, 0x0F, 0x0F, 0x0F, 0x0F, 0x0F, 0x0F, 0x0F, 0x0F, 0x0F, 0x0F, 0x0F,
	0x0F, 0x0F, 0x0F, 0x0F, 0x0F, 0x0F, 0x0F, 0x0F, 0x0F, 0x0F, 0x0F, 0x0F, 0x0F, 0x0F, 0x0F, 0x0F,
	0x0F, 0x0F, 0x0F, 0x0F, 0x0F, 0x0F, 0x0F, 0x0F, 0x0F, 0x0F, 0x0F, 0x0F, 0x0F, 0x0F, 0x0F, 0x0F,
	0x03, 0x03, 0x03, 0x03, 0x03, 0x03, 0x03, 0x03, 0x03, 0x03, 0x03, 0x03, 0x03, 0x03, 0x03, 0x03,
	0x03, 0x03, 0x03, 0x03, 0x03, 0x03, 0x03, 0x03, 0x03, 0x03, 0x03, 0x03, 0x03, 0x03, 0x03, 0x03,
	0x03, 0x03, 0x03, 0x03, 0x03, 0x03, 0x03, 0x03, 0x03, 0x03, 0x03, 0x03, 0x03, 0x03, 0x03, 0x03,
	0x03, 0x03, 0x03, 0x03, 0x03, 0x03, 0x03, 0x03, 0x03, 0x03, 0x03, 0x03, 0x03, 0x03, 0x03, 0x03,
	0x03, 0x03, 0x03, 0x03, 0x03, 0x03, 0x03, 0x03, 0x03, 0x03, 0x03, 0x03, 0x03, 0x03, 0x03, 0x03,
	0x03, 0x03, 0x03, 0x03, 0x03, 0x0F, 0x03, 0x03, 0x03, 0x03, 0x03, 0x03, 0x03, 0x03, 0x03, 0x03,
	0x03, 0x03, 0x03, 0x03, 0x03, 0x03, 0x03, 0x03, 0x03, 0x03, 0x03, 0x03, 0x03, 0x03, 0x03, 0x03,
	0x03, 0x03, 0x03, 0x03, 0x03, 0x03, 0x03, 0x03, 0x03, 0x03, 0x03, 0x03, 0x03, 0x03, 0x03, 0x03,
	0x03, 0x03, 0x03, 0x03, 0x03, 0x03, 0x03, 0x03, 0x03, 0x03, 0x03, 0x03, 0x03, 0x03, 0x03, 0x03,
	0x03, 0x03, 0x03, 0x03, 0x03, 0x03, 0x03, 0x03, 0x03, 0x03, 0x03, 0x03, 0x03, 0x0F, 0x03, 0x03,
	0x0F, 0x0F, 0x03, 0x0F, 0x0F, 0x03, 0x03, 0x0F, 0x0F, 0x03, 0x03, 0x03, 0x03, 0x0F, 0x03, 0x03,
	0x03, 0x03, 0x03, 0x03, 0x03, 0x03, 0x03, 0x03, 0x03, 0x03, 0x0F, 0x03, 0x0F, 0x03, 0x03, 0x03,
	0x03, 0x03, 0x03, 0x03, 0x0F, 0x03, 0x03, 0x03, 0x03, 0x03, 0x03, 0x03, 0x03, 0x03, 0x03, 0x03,
	0x03, 0x03, 0x03, 0x03, 0x03, 0x03, 0x03, 0x03, 0x03, 0x03, 0x03, 0x03, 0x03, 0x03, 0x03, 0x03,
	0x03, 0x03, 0x03, 0x03, 0x03, 0x03, 0x03, 0x03, 0x03, 0x03, 0x03, 0x03, 0x03, 0x03, 0x03, 0x03,
	0x03, 0x03, 0x03, 0x03, 0x03, 0x03, 0x03, 0x03, 0x03, 0x03, 0x03, 0x03, 0x03, 0x03, 0x03, 0x03,
	0x03, 0x03, 0x03, 0x03, 0x03, 0x03, 0x0F, 0x03, 0x03, 0x03, 0x03, 0x0F, 0x0F, 0x03, 0x03, 0x03,
	0x03, 0x03, 0x03, 0x03, 0x03, 0x0F, 0x03, 0x03, 0x03, 0x03, 0x03, 0x03, 0x03, 0x0F, 0x03, 0x03,
	0x03, 0x03, 0x03, 0x03, 0x03, 0x03, 0x03, 0x03, 0x03, 0x03, 0x03, 0x03, 0x03, 0x03, 0x03, 0x03,
	0x03, 0x03, 0x03, 0x03, 0x03, 0x03, 0x03, 0x03, 0x03, 0x03, 0x0F, 0x03, 0x03, 0x03, 0x03, 0x0F,
	0x03, 0x03, 0x03, 0x03, 0x03, 0x0F, 0x03, 0x0F, 0x0F, 0x0F, 0x03, 0x03, 0x03, 0x03, 0x03, 0x03,
	0x03, 0x0F, 0x03, 0x03, 0x03, 0x03, 0x03, 0x03, 0x03, 0x03, 0x03, 0x03, 0x03, 0x03, 0x03, 0x03,
	0x03, 0x03, 0x03, 0x03, 0x03, 0x03, 0x03, 0x03, 0x03, 0x03, 0x03, 0x03, 0x03, 0x03, 0x03, 0x03,
	0x03, 0x03, 0x03, 0x03, 0x03, 0x03, 0x03, 0x03, 0x03, 0x03, 0x03, 0x03, 0x03, 0x03, 0x03, 0x03,
	0x03, 0x03, 0x03, 0x03, 0x03, 0x03, 0x03, 0x03, 0x03, 0x03, 0x03, 0x03, 0x03, 0x03, 0x03, 0x03,
	0x03, 0x03, 0x03, 0x03, 0x03, 0x03, 0x03, 0x03, 0x03, 0x03, 0x03, 0x03, 0x03, 0x03, 0x03, 0x03,
	0x03, 0x03, 0x03, 0x03, 0x03, 0x03, 0x03, 0x03, 0x03, 0x03, 0x03, 0x03, 0x03, 0x03, 0x03, 0x03,
	0x03, 0x03, 0x03, 0x03, 0x03, 0x03, 0x03, 0x03, 0x03, 0x03, 0x03, 0x03, 0x03, 0x03, 0x03, 0x03,
	0x03, 0x03, 0x03, 0x03, 0x03, 0x03, 0x03, 0x03, 0x03, 0x03, 0x03, 0x03, 0x03, 0x03, 0x03, 0x03,
	0x03, 0x03, 0x03, 0x03, 0x03, 0x03, 0x03, 0x03, 0x03, 0x03, 0x03, 0x03, 0x03, 0x03, 0x03, 0x03,
	0x03, 0x03, 0x03, 0x03, 0x03, 0x03, 0x03, 0x03, 0x03, 0x03, 0x03, 0x03, 0x03, 0x03, 0x03, 0x03,
	0x03, 0x03, 0x03, 0x03, 0x03, 0x03, 0x03, 0x03, 0x03, 0x03, 0x03, 0x03, 0x03, 0x03, 0x03, 0x03,
	0x03, 0x03, 0x03, 0x03, 0x03, 0x03, 0x03, 0x03, 0x03, 0x03, 0x03, 0x03, 0x03, 0x03, 0x03, 0x03,
	0x03, 0x03, 0x03, 0x03, 0x03, 0x03, 0x03, 0x03, 0x03, 0x03, 0x03, 0x03, 0x03, 0x03, 0x03, 0x03,
	0x03, 0x03, 0x03, 0x03, 0x03, 0x03, 0x03, 0x03, 0x03, 0x03, 0x03, 0x03, 0x03, 0x03, 0x03, 0x03,
	0x03, 0x03, 0x03, 0x03, 0x03, 0x03, 0x03, 0x03, 0x03, 0x03, 0x03, 0x03, 0x03, 0x03, 0x03, 0x03,
	0x03, 0x03, 0x03, 0x03, 0x03, 0x03, 0x03, 0x03, 0x03, 0x03, 0x03, 0x03, 0x03, 0x03, 0x03, 0x03,
	0x03, 0x03, 0x03, 0x03, 0x03, 0x03, 0x03, 0x03, 0x03, 0x03, 0x03, 0x03, 0x03, 0x03, 0x03, 0x03,
	0x03, 0x03, 0x03, 0x03, 0x03, 0x03, 0x03, 0x03, 0x03, 0x03, 0x03, 0x03, 0x03, 0x03, 0x03, 0x03,
	0x03, 0x03, 0x03, 0x03, 0x03, 0x03, 0x03, 0x03, 0x03, 0x03, 0x03, 0x03, 0x03, 0x03, 0x03, 0x03,
	0x03, 0x03, 0x03, 0x03, 0x03, 0x03, 0x03, 0x03, 0x03, 0x03, 0x03, 0x03, 0x03, 0x03, 0x03, 0x03,
	0x03, 0x03, 0x03, 0x03, 0x03, 0x03, 0x03, 0x03, 0x03, 0x03, 0x03, 0x03, 0x03, 0x03, 0x03, 0x03,
	0x03, 0x03, 0x03, 0x03, 0x03, 0x03, 0x03, 0x0F, 0x03, 0x03, 0x03, 0x03, 0x03, 0x03, 0x03, 0x03,
	0x03, 0x03, 0x03, 0x03, 0x03, 0x03, 0x03, 0x03, 0x03, 0x03, 0x03, 0x03, 0x03, 0x03, 0x03, 0x03,
	0x03, 0x03, 0x03, 0x03, 0x03, 0x03, 0x03, 0x03, 0x03, 0x03, 0x03, 0x03, 0x03, 0x03, 0x03, 0x03,
	0x03, 0x03, 0x03, 0x03, 0x03, 0x03, 0x03, 0x03, 0x03, 0x03, 0x03, 0x03, 0x03, 0x03, 0x03, 0x03,
	0x03, 0x03, 0x03, 0x03, 0x03, 0x03, 0x03, 0x03, 0x03, 0x03, 0x03, 0x03, 0x03, 0x03, 0x03, 0x03,
	0x03, 0x03, 0x03, 0x03, 0x03, 0x03, 0x03, 0x03, 0x03, 0x03, 0x03, 0x03, 0x03, 0x03, 0x03, 0x03,
	0x03, 0x03, 0x03, 0x03, 0x03, 0x03, 0x03, 0x03, 0x03, 0x03, 0x03, 0x03, 0x03, 0x03, 0x03, 0x03,
	0x03, 0x03, 0x03, 0x03, 0x03, 0x03, 0x03, 0x03, 0x03, 0x03, 0x03, 0x03, 0x03, 0x03, 0x03, 0x03,
	0x03, 0x03, 0x03, 0x03, 0x03, 0x03, 0x03, 0x03, 0x03, 0x03, 0x03, 0x03, 0x03, 0x03, 0x03, 0x03,
	0x03, 0x03, 0x03, 0x03, 0x03, 0x03, 0x03, 0x03, 0x03, 0x03, 0x03, 0x03, 0x03, 0x03, 0x03, 0x03,
	0x03, 0x03, 0x03, 0x03, 0x03, 0x03, 0x03, 0x03, 0x03, 0x03, 0x03, 0x03, 0x03, 0x03, 0x03, 0x03,
	0x03, 0x03, 0x03, 0x03, 0x03, 0x03, 0x03, 0x03, 0x03, 0x03, 0x03, 0x03, 0x03, 0x03, 0x03, 0x03,
	0x03, 0x03, 0x03, 0x03, 0x03, 0x03, 0x03, 0x03, 0x03, 0x03, 0x03, 0x03, 0x03, 0x03, 0x03, 0x03,
	0x03, 0x03, 0x03, 0x03, 0x03, 0x03, 0x03, 0x03, 0x03, 0x03, 0x03, 0x03, 0x03, 0x03, 0x03, 0x03,
	0x03, 0x03, 0x03, 0x03, 0x03, 0x03, 0x03, 0x03, 0x03, 0x03, 0x03, 0x03, 0x03, 0x03, 0x03, 0x03,
	0x03, 0x03, 0x03, 0x03, 0x03, 0x03, 0x03, 0x03, 0x03, 0x03, 0x03, 0x03, 0x03, 0x03, 0x03, 0x03,
	0x03, 0x03, 0x03, 0x03, 0x03, 0x03, 0x03, 0x03, 0x03, 0x03, 0x03, 0x03, 0x03, 0x03, 0x03, 0x03,
	0x03, 0x03, 0x03, 0x03, 0x03, 0x03, 0x03, 0x03, 0x03, 0x03, 0x03, 0x03, 0x03, 0x03, 0x03, 0x03,
	0x03, 0x03, 0x03, 0x03, 0x03, 0x03, 0x03, 0x03, 0x03, 0x03, 0x03, 0x03, 0x0F, 0x0F, 0x03, 0x03,
	0x03, 0x03, 0x03, 0x03, 0x03, 0x03, 0x03, 0x03, 0x03, 0x03, 0x03, 0x03, 0x03, 0x03, 0x03, 0x03,
	0x03, 0x03, 0x03, 0x03, 0x03, 0x03, 0x03, 0x03, 0x03, 0x03, 0x03, 0x03, 0x03, 0x03, 0x03, 0x03,
	0x03, 0x03, 0x03, 0x03, 0x03, 0x03, 0x03, 0x03, 0x03, 0x03, 0x03, 0x03, 0x03, 0x03, 0x03, 0x03,
	0x0F, 0x0F, 0x0F, 0x0F, 0x0F, 0x0F, 0x0F, 0x0F, 0x0F, 0x0F, 0x0F, 0x0F, 0x0F, 0x0F, 0x0F, 0x0F,
	0x0F, 0x0F, 0x0F, 0x0F, 0x0F, 0x0F, 0x0F, 0x0F, 0x0F, 0x0F, 0x0F, 0x0F, 0x0F, 0x0F, 0x0F, 0x0F,
	0x0F, 0x0F, 0x0F, 0x0F, 0x0F, 0x0F, 0x0F, 0x0F, 0x0F, 0x0F, 0x0F, 0x0F, 0x0F, 0x0F, 0x0F, 0x0F,
	0x0F, 0x0F, 0x0F, 0x0F, 0x0F, 0x0F, 0x0F, 0x0F, 0x0F, 0x0F, 0x0F, 0x0F, 0x0F, 0x0F, 0x0F, 0x0F,
	0x0F, 0x0F, 0x0F, 0x0F, 0x0F, 0x0F, 0x0F, 0x0F, 0x0F, 0x0F, 0x0F, 0x0F, 0x0F, 0x0F, 0x0F, 0x0F,
	0x0F, 0x0F, 0x0F, 0x0F, 0x0F, 0x0F, 0x0F, 0x0F, 0x0F, 0x0F, 0x0F, 0x0F, 0x0F, 0x0F, 0x0F, 0x0F,
	0x0F, 0x0F, 0x0F, 0x0F, 0x0F, 0x0F, 0x0F, 0x0F, 0x0F, 0x0F, 0x0F, 0x0F, 0x0F, 0x0F, 0x0F, 0x0F,
	0x0F, 0x0F, 0x0F, 0x0F, 0x0F, 0x0F, 0x0F, 0x0F, 0x0F, 0x0F, 0x0F, 0x0F, 0x0F, 0x0F, 0x0F, 0x0F,
	0x0F, 0x0F, 0x0F, 0x0F, 0x0F, 0x0F, 0x0F, 0x0F, 0x0F, 0x0F, 0x0F, 0x0F, 0x0F, 0x0F, 0x0F, 0x0F,
	0x0F, 0x0F, 0x0F, 0x0F, 0x0F, 0x03, 0x0F, 0x0F, 0x0F, 0x0F, 0x0F, 0x0F, 0x0F, 0x0F, 0x0F, 0x0F,
	0x0F, 0x0F, 0x0F, 0x0F, 0x0F, 0x0F, 0x0F, 0x0F, 0x0F, 0x0F, 0x0F, 0x0F, 0x0F, 0x0F, 0x0F, 0x0F,
	0x0F, 0x0F, 0x0F, 0x0F, 0x0F, 0x0F, 0x0F, 0x0F, 0x0F, 0x0F, 0x0F, 0x0F, 0x0F, 0x0F, 0x0F, 0x0F,
	0x0F, 0x0F, 0x0F, 0x0F, 0x0F, 0x0F, 0x0F, 0x0F, 0x0F, 0x0F, 0x0F, 0x0F, 0x0F, 0x03, 0x03, 0x03,
	0x03, 0x03, 0x03, 0x03, 0x03, 0x03, 0x03, 0x03, 0x03, 0x03, 0x03, 0x03, 0x03, 0x03, 0x03, 0x03,
	0x03, 0x03, 0x03, 0x03, 0x03, 0x03, 0x03, 0x03, 0x03, 0x03, 0x03, 0x03, 0x03, 0x03, 0x03, 0x03,
	0x03, 0x03, 0x03, 0x03, 0x03, 0x03, 0x03, 0x03, 0x03, 0x03, 0x03, 0x03, 0x03, 0x03, 0x03, 0x03,
	0x00, 0x00, 0x00, 0x00, 0x00, 0x00, 0x00, 0x0F, 0x00, 0x00, 0x00, 0x00, 0x00, 0x00, 0x00, 0x00,
	0x00, 0x00, 0x00, 0x00, 0x00, 0x00, 0x00, 0x00, 0x00, 0x0F, 0x0F, 0x00, 0x00, 0x00, 0x00, 0x00,
	0x00, 0x00, 0x0F, 0x00, 0x00, 0x0F, 0x00, 0x00, 0x00, 0x00, 0x00, 0x0F, 0x0F, 0x0F, 0x0F, 0x0F,
	0x03, 0x03, 0x03, 0x03, 0x03, 0x03, 0x03, 0x03, 0x03, 0x03, 0x03, 0x03, 0x03, 0x03, 0x03, 0x03,
	0x03, 0x03, 0x03, 0x03, 0x03, 0x03, 0x03, 0x03, 0x03, 0x03, 0x03, 0x03, 0x03, 0x03, 0x03, 0x03,
	0x03, 0x03, 0x03, 0x03, 0x03, 0x03, 0x03, 0x03, 0x03, 0x03, 0x03, 0x03, 0x03, 0x03, 0x03, 0x03,
	0x03, 0x03, 0x03, 0x03, 0x03, 0x03, 0x03, 0x03, 0x03, 0x03, 0x03, 0x03, 0x03, 0x03, 0x0F, 0x0F,
	0x0F, 0x0F, 0x0F, 0x0F, 0x0F, 0x0F, 0x0F, 0x0F, 0x0F, 0x0F, 0x0F, 0x0F, 0x0F, 0x0F, 0x0F, 0x0F,
	0x0F, 0x0F, 0x0F, 0x0F, 0x0F, 0x0F, 0x0F, 0x0F, 0x0F, 0x0F, 0x0F, 0x0F, 0x0F, 0x0F, 0x0F, 0x00,
	0x0F, 0x0F, 0x0F, 0x0F, 0x0F, 0x0F, 0x0F, 0x0F, 0x0F, 0x0F, 0x0F, 0x0F, 0x0F, 0x0F, 0x0F, 0x0F,
	0x0F, 0x0F, 0x0F, 0x0F, 0x0F, 0x0F, 0x0F, 0x0F, 0x0F, 0x0F, 0x0F, 0x0F, 0x0F, 0x0F, 0x0F, 0x0F,
	0x0F, 0x0F, 0x0F, 0x0F, 0x0F, 0x0F, 0x0F, 0x0F, 0x0F, 0x0F, 0x0F, 0x0F, 0x0F, 0x0F, 0x0F, 0x0F,
	0x0F, 0x0F, 0x0F, 0x0F, 0x0F, 0x0F, 0x0F, 0x0F, 0x0F, 0x0F, 0x0F, 0x0F, 0x0F, 0x0F, 0x0F, 0x0F,
	0x0F, 0x0F, 0x0F, 0x0F, 0x0F, 0x0F, 0x0F, 0x0F, 0x0F, 0x0F, 0x0F, 0x0F, 0x0F, 0x0F, 0x0F, 0x0F,
	0x0F, 0x0F, 0x0F, 0x0F, 0x0F, 0x0F, 0x0F, 0x0F, 0x0F, 0x0F, 0x0F, 0x0F, 0x0F, 0x0F, 0x0F, 0x0F,
	0x0F, 0x0F, 0x0F, 0x0F, 0x0F, 0x0F, 0x0F, 0x0F, 0x0F, 0x0F, 0x0F, 0x0F, 0x0F, 0x0F, 0x0F, 0x0F,
	0x0F, 0x0F, 0x0F, 0x0F, 0x0F, 0x0F, 0x0F, 0x0F, 0x0F, 0x0F, 0x0F, 0x0F, 0x0F, 0x0F, 0x0F, 0x0F,
	0x0F, 0x0F, 0x0F, 0x0F, 0x0F, 0x0F, 0x0F, 0x0F, 0x0F, 0x0F, 0x0F, 0x0F, 0x0F, 0x0F, 0x0F, 0x0F,
	0x0F, 0x0F, 0x0F, 0x0F, 0x0F, 0x0F, 0x0F, 0x0F, 0x0F, 0x0F, 0x0F, 0x0F, 0x0F, 0x0F, 0x0F, 0x0F,
	0x0F, 0x0F, 0x0F, 0x0F, 0x0F, 0x0F, 0x0F, 0x0F, 0x0F, 0x0F, 0x0F, 0x0F, 0x0F, 0x0F, 0x0F, 0x0F,
	0x0F, 0x0F, 0x0F, 0x0F, 0x0F, 0x0F, 0x0F, 0x0F, 0x0F, 0x0F, 0x0F, 0x0F, 0x0F, 0x0F, 0x0F, 0x0F,
	0x0F, 0x0F, 0x0F, 0x0F, 0x0F, 0x0F, 0x0F, 0x0F, 0x0F, 0x0F, 0x0F, 0x0F, 0x0F, 0x0F, 0x0F, 0x0F,
	0x0F, 0x0F, 0x0F, 0x0F, 0x0F, 0x0F, 0x0F, 0x0F, 0x0F, 0x0F, 0x0F, 0x0F, 0x0F, 0x0F, 0x0F, 0x0F,
	0x0F, 0x0F, 0x0F, 0x0F, 0x0F, 0x0F, 0x0F, 0x0F, 0x0F, 0x0F, 0x0F, 0x0F, 0x0F, 0x0F, 0x0F, 0x0F,
	0x0F, 0x0F, 0x0F, 0x0F, 0x0F, 0x0F, 0x0F, 0x0F, 0x0F, 0x0F, 0x0F, 0x0F, 0x0F, 0x0F, 0x0F, 0x0F,
	0x0F, 0x0F, 0x0F, 0x0F, 0x0F, 0x0F, 0x0F, 0x0F, 0x0F, 0x0F, 0x0F, 0x0F, 0x0F, 0x0F, 0x0F, 0x0F,
	0x0F, 0x0F, 0x0F, 0x0F, 0x0F, 0x0F, 0x0F, 0x0F, 0x0F, 0x0F, 0x0F, 0x0F, 0x0F, 0x0F, 0x00, 0x0F,
	0x0F, 0x0F, 0x0F, 0x0F, 0x0F, 0x0F, 0x0F, 0x0F, 0x0F, 0x0F, 0x0F, 0x0F, 0x0F, 0x0F, 0x0F, 0x0F,
	0x0F, 0x0F, 0x0F, 0x0F, 0x0F, 0x0F, 0x0F, 0x0F, 0x0F, 0x0F, 0x0F, 0x0F, 0x0F, 0x0F, 0x0F, 0x0F,
	0x0F, 0x0F, 0x0F, 0x0F, 0x0F, 0x0F, 0x0F, 0x0F, 0x0F, 0x0F, 0x0F, 0x0F, 0x0F, 0x0F, 0x0F, 0x0F,
	0x0F, 0x0F, 0x0F, 0x0F, 0x0F, 0x0F, 0x0F, 0x0F, 0x0F, 0x0F, 0x0F, 0x0F, 0x00, 0x00, 0x00, 0x00,
	0x0F, 0x0F, 0x0F, 0x0F, 0x0F, 0x0F, 0x0F, 0x0F, 0x0F, 0x0F, 0x0F, 0x0F, 0x0F, 0x0F, 0x0F, 0x0F,
	0x0F, 0x0F, 0x0F, 0x0F, 0x0F, 0x0F, 0x0F, 0x0F, 0x0F, 0x0F, 0x0F, 0x0F, 0x0F, 0x0F, 0x0F, 0x0F,
	0x0F, 0x0F, 0x0F, 0x0F, 0x0F, 0x0F, 0x0F, 0x0F, 0x0F, 0x0F, 0x0F, 0x0F, 0x0F, 0x0F, 0x0F, 0x0F,
	0x0F, 0x0F, 0x0F, 0x0F, 0x0F, 0x0F, 0x0F, 0x0F, 0x0F, 0x0F, 0x0F, 0x0F, 0x0F, 0x0F, 0x0F, 0x0F,
	0x0F, 0x0F, 0x0F, 0x0F, 0x0F, 0x0F, 0x0F, 0x0F, 0x0F, 0x0F, 0x0F, 0x0F, 0x0F, 0x0F, 0x0F, 0x0F,
	0x0F, 0x0F, 0x0F, 0x0F, 0x0F, 0x0F, 0x0F, 0x0F, 0x0F, 0x0F, 0x0F, 0x0F, 0x0F, 0x0F, 0x0F, 0x0F,
	0x0F, 0x0F, 0x0F, 0x0F, 0x0F, 0x0F, 0x0F, 0x0F, 0x0F, 0x0F, 0x0F, 0x0F, 0x0F, 0x0F, 0x0F, 0x0F,
	0x0F, 0x0F, 0x0F, 0x0F, 0x0F, 0x0F, 0x0F, 0x0F, 0x0F, 0x0F, 0x0F, 0x0F, 0x0F, 0x0F, 0x0F, 0x0F,
	0x0F, 0x0F, 0x0F, 0x0F, 0x0F, 0x0F, 0x0F, 0x0F, 0x0F, 0x0F, 0x0F, 0x0F, 0x0F, 0x0F, 0x0F, 0x0F,
	0x0F, 0x0F, 0x0F, 0x0F, 0x0F, 0x0F, 0x0F, 0x0F, 0x0F, 0x0F, 0x0F, 0x0F, 0x0F, 0x0F, 0x0F, 0x0F,
	0x0F, 0x0F, 0x0F, 0x0F, 0x0F, 0x0F, 0x0F, 0x0F, 0x0F, 0x0F, 0x0F, 0x0F, 0x0F, 0x0F, 0x0F, 0x0F,
	0x0F, 0x0F, 0x0F, 0x0F, 0x0F, 0x0F, 0x0F, 0x0F, 0x0F, 0x0F, 0x0F, 0x0F, 0x0F, 0x0F, 0x0F, 0x0F,
	0x0F, 0x0F, 0x0F, 0x0F, 0x0F, 0x0F, 0x0F, 0x0F, 0x0F, 0x0F, 0x0F, 0x0F, 0x0F, 0x0F, 0x0F, 0x0F,
	0x0F, 0x0F, 0x0F, 0x0F, 0x0F, 0x0F, 0x0F, 0x0F, 0x0F, 0x0F, 0x0F, 0x0F, 0x0F, 0x0F, 0x0F, 0x0F,
	0x0F, 0x0F, 0x0F, 0x0F, 0x0F, 0x0F, 0x0F, 0x0F, 0x0F, 0x0F, 0x0F, 0x0F, 0x0F, 0x0F, 0x0F, 0x0F,
	0x0F, 0x0F, 0x0F, 0x0F, 0x0F, 0x0F, 0x0F, 0x0F, 0x0F, 0x0F, 0x0F, 0x0F, 0x00, 0x00, 0x00, 0x00,
	0x0F, 0x0F, 0x0F, 0x0F, 0x0F, 0x0F, 0x0F, 0x0F, 0x0F, 0x0F, 0x0F, 0x0F, 0x0F, 0x0F, 0x0F, 0x0F,
	0x0F, 0x0F, 0x0F, 0x0F, 0x0F, 0x0F, 0x0F, 0x0F, 0x0F, 0x0F, 0x0F, 0x0F, 0x0F, 0x0F, 0x0F, 0x0F,
	0x0F, 0x0F, 0x0F, 0x0F, 0x0F, 0x0F, 0x0F, 0x0F, 0x0F, 0x0F, 0x0F, 0x0F, 0x0F, 0x0F, 0x0F, 0x0F,
	0x0F, 0x0F, 0x0F, 0x0F, 0x0F, 0x0F, 0x0F, 0x0F, 0x0F, 0x0F, 0x0F, 0x0F, 0x0F, 0x0F, 0x0F, 0x0F,
	0x0F, 0x0F, 0x0F, 0x0F, 0x0F, 0x0F, 0x0F, 0x0F, 0x0F, 0x0F, 0x0F, 0x0F, 0x0F, 0x0F, 0x0F, 0x0F,
	0x0F, 0x0F, 0x0F, 0x0F, 0x0F, 0x0F, 0x0F, 0x0F, 0x0F, 0x0F, 0x0F, 0x0F, 0x0F, 0x0F, 0x0F, 0x0F,
	0x0F, 0x0F, 0x0F, 0x0F, 0x0F, 0x0F, 0x0F, 0x0F, 0x0F, 0x0F, 0x0F, 0x0F, 0x0F, 0x0F, 0x0F, 0x0F,
	0x0F, 0x0F, 0x0F, 0x0F, 0x0F, 0x0F, 0x0F, 0x0F, 0x0F, 0x0F, 0x0F, 0x0F, 0x0F, 0x0F, 0x0F, 0x0F,
	0x0F, 0x0F, 0x0F, 0x0F, 0x0F, 0x0F, 0x0F, 0x0F, 0x0F, 0x0F, 0x0F, 0x0F, 0x0F, 0x0F, 0x0F, 0x0F,
	0x0F, 0x0F, 0x0F, 0x0F, 0x0F, 0x0F, 0x0F, 0x0F, 0x0F, 0x0F, 0x0F, 0x0F, 0x0F, 0x0F, 0x0F, 0x0F,
	0x0F, 0x0F, 0x0F, 0x0F, 0x0F, 0x0F, 0x0F, 0x0F, 0x0F, 0x0F, 0x0F, 0x0F, 0x0F, 0x0F, 0x0F, 0x0F,
	0x0F, 0x0F, 0x0F, 0x0F, 0x0F, 0x0F, 0x0F, 0x0F, 0x0F, 0x0F, 0x0F, 0x0F, 0x0F, 0x0F, 0x0F, 0x0F,
	0x0F, 0x0F, 0x0F, 0x0F, 0x0F, 0x0F, 0x0F, 0x0F, 0x0F, 0x0F, 0x0F, 0x0F, 0x0F, 0x0F, 0x0F, 0x0F,
	0x0F, 0x0F, 0x0F, 0x0F, 0x0F, 0x0F, 0x0F, 0x0F, 0x0F, 0x0F, 0x0F, 0x0F, 0x0F, 0x0F, 0x0F, 0x0F,
	0x0F, 0x0F, 0x0F, 0x0F, 0x0F, 0x0F, 0x0F, 0x0F, 0x0F, 0x0F, 0x0F, 0x0F, 0x0F, 0x0F, 0x0F, 0x0F,
	0x0F, 0x0F, 0x0F, 0x0F, 0x0F, 0x0F, 0x0F, 0x0F, 0x0F, 0x0F, 0x0F, 0x0F, 0x0F, 0x0F, 0x00, 0x00,
	0x0F, 0x0F, 0x0F, 0x0F, 0x0F, 0x0F, 0x0F, 0x0F, 0x0F, 0x0F, 0x0F, 0x0F, 0x0F, 0x0F, 0x0F, 0x0F,
	0x0F, 0x0F, 0x0F, 0x0F, 0x0F, 0x0F, 0x0F, 0x0F, 0x0F, 0x0F, 0x0F, 0x0F, 0x0F, 0x0F, 0x0F, 0x0F,
	0x0F, 0x0F, 0x0F, 0x0F, 0x0F, 0x0F, 0x0F, 0x0F, 0x0F, 0x0F, 0x0F, 0x0F, 0x0F, 0x0F, 0x0F, 0x0F,
	0x0F, 0x0F, 0x0F, 0x0F, 0x0F, 0x0F, 0x0F, 0x0F, 0x0F, 0x0F, 0x0F, 0x0F, 0x0F, 0x0F, 0x0F, 0x0F,
	0x0F, 0x0F, 0x0F, 0x0F, 0x0F, 0x0F, 0x0F, 0x0F, 0x0F, 0x0F, 0x0F, 0x0F, 0x0F, 0x0F, 0x0F, 0x0F,
	0x0F, 0x0F, 0x0F, 0x0F, 0x0F, 0x0F, 0x0F, 0x0F, 0x0F, 0x0F, 0x0F, 0x0F, 0x0F, 0x0F, 0x0F, 0x0F,
	0x0F, 0x0F, 0x0F, 0x0F, 0x0F, 0x0F, 0x0F, 0x0F, 0x0F, 0x0F, 0x0F, 0x0F, 0x0F, 0x0F, 0x0F, 0x0F,
	0x0F, 0x0F, 0x0F, 0x0F, 0x0F, 0x0F, 0x0F, 0x0F, 0x0F, 0x0F, 0x0F, 0x0F, 0x0F, 0x0F, 0x0F, 0x0F,
	0x0F, 0x0F, 0x0F, 0x0F, 0x0F, 0x0F, 0x0F, 0x0F, 0x0F, 0x0F, 0x0F, 0x0F, 0x0F, 0x0F, 0x0F, 0x0F,
	0x0F, 0x0F, 0x0F, 0x0F, 0x0F, 0x0F, 0x0F, 0x0F, 0x0F, 0x0F, 0x0F, 0x0F, 0x0F, 0x0F, 0x0F, 0x0F,
	0x0F, 0x0F, 0x0F, 0x0F, 0x0F, 0x0F, 0x0F, 0x0F, 0x0F, 0x0F, 0x0F, 0x0F, 0x0F, 0x0F, 0x0F, 0x0F,
	0x0F, 0x0F, 0x0F, 0x0F, 0x0F, 0x0F, 0x0F, 0x0F, 0x0F, 0x0F, 0x0F, 0x0F, 0x0F, 0x0F, 0x0F, 0x0F,
	0x0F, 0x0F, 0x0F, 0x0F, 0x0F, 0x0F, 0x0F, 0x0F, 0x0F, 0x0F, 0x0F, 0x0F, 0x0F, 0x0F, 0x0F, 0x0F,
	0x0F, 0x0F, 0x0F, 0x0F, 0x0F, 0x0F, 0x0F, 0x0F, 0x0F, 0x0F, 0x0F, 0x0F, 0x0F, 0x0F, 0x0F, 0x0F,
	0x0F, 0x0F, 0x0F, 0x0F, 0x0F, 0x0F, 0x0F, 0x0F, 0x0F, 0x0F, 0x0F, 0x0F, 0x0F, 0x0F, 0x0F, 0x0F,
	0x0F, 0x0F, 0x0F, 0x00, 0x0F, 0x0F, 0x00, 0x0F, 0x0F, 0x0F, 0x0F, 0x0F, 0x0F, 0x0F, 0x00, 0x00,
	0x0F, 0x0F, 0x0F, 0x0F, 0x0F, 0x00, 0x0F, 0x0F, 0x0F, 0x0F, 0x0F, 0x0F, 0x0F, 0x0F, 0x0F, 0x0F,
	0x0F, 0x0F, 0x0F, 0x0F, 0x0F, 0x0F, 0x0F, 0x0F, 0x0F, 0x0F, 0x0F, 0x0F, 0x0F, 0x0F, 0x0F, 0x0F,
	0x0F, 0x0F, 0x0F, 0x0F, 0x0F, 0x0F, 0x0F, 0x0F, 0x0F, 0x0F, 0x0F, 0x0F, 0x0F, 0x0F, 0x0F, 0x0F,
	0x0F, 0x0F, 0x0F, 0x0F, 0x0F, 0x0F, 0x0F, 0x0F, 0x0F, 0x0F, 0x0F, 0x0F, 0x0F, 0x0F, 0x0F, 0x0F,
	0x0F, 0x0F, 0x0F, 0x0F, 0x0F, 0x0F, 0x0F, 0x0F, 0x0F, 0x0F, 0x0F, 0x0F, 0x0F, 0x0F, 0x0F, 0x0F,
	0x0F, 0x0F, 0x0F, 0x0F, 0x0F, 0x0F, 0x0F, 0x0F, 0x0F, 0x0F, 0x0F, 0x0F, 0x0F, 0x0F, 0x0F, 0x0F,
	0x0F, 0x0F, 0x0F, 0x0F, 0x0F, 0x0F, 0x0F, 0x0F, 0x0F, 0x0F, 0x0F, 0x0F, 0x0F, 0x0F, 0x0F, 0x0F,
	0x0F, 0x0F, 0x0F, 0x0F, 0x0F, 0x0F, 0x0F, 0x0F, 0x0F, 0x0F, 0x0F, 0x0F, 0x0F, 0x0F, 0x0F, 0x0F,
	0x0F, 0x0F, 0x0F, 0x0F, 0x0F, 0x0F, 0x0F, 0x0F, 0x0F, 0x0F, 0x0F, 0x0F, 0x0F, 0x0F, 0x0F, 0x0F,
	0x0F, 0x0F, 0x0F, 0x0F, 0x0F, 0x0F, 0x0F, 0x0F, 0x0F, 0x0F, 0x0F, 0x0F, 0x0F, 0x0F, 0x0F, 0x0F,
	0x0F, 0x0F, 0x0F, 0x0F, 0x0F, 0x0F, 0x0F, 0x0F, 0x0F, 0x0F, 0x0F, 0x0F, 0x0F, 0x0F, 0x0F, 0x0F,
	0x0F, 0x0F, 0x0F, 0x0F, 0x0F, 0x0F, 0x0F, 0x0F, 0x0F, 0x0F, 0x0F, 0x0F, 0x0F, 0x0F, 0x0F, 0x0F,
	0x0F, 0x0F, 0x0F, 0x0F, 0x0F, 0x0F, 0x0F, 0x0F, 0x0F, 0x0F, 0x0F, 0x0F, 0x0F, 0x0F, 0x0F, 0x0F,
	0x0F, 0x0F, 0x0F, 0x0F, 0x0F, 0x0F, 0x0F, 0x0F, 0x0F, 0x0F, 0x0F, 0x0F, 0x0F, 0x0F, 0x0F, 0x0F,
	0x00, 0x00, 0x00, 0x00, 0x00, 0x00, 0x00, 0x0F, 0x0F, 0x0F, 0x0F, 0x0F, 0x0F, 0x0F, 0x0F, 0x0F,
	0x0F, 0x0F, 0x0F, 0x0F, 0x0F, 0x0F, 0x0F, 0x0F, 0x0F, 0x0F, 0x0F, 0x0F, 0x0F, 0x0F, 0x0F, 0x0F,
	0x0F, 0x0F, 0x0F, 0x0F, 0x0F, 0x0F, 0x0F, 0x0F, 0x0F, 0x0F, 0x0F, 0x0F, 0x0F, 0x0F, 0x0F, 0x0F,
	0x0F, 0x0F, 0x0F, 0x0F, 0x0F, 0x0F, 0x0F, 0x0F, 0x0F, 0x0F, 0x0F, 0x0F, 0x0F, 0x0F, 0x0F, 0x0F,
	0x0F, 0x0F, 0x0F, 0x0F, 0x0F, 0x0F, 0x0F, 0x0F, 0x0F, 0x0F, 0x0F, 0x0F, 0x0F, 0x0F, 0x0F, 0x0F,
	0x0F, 0x0F, 0x0F, 0x0F, 0x0F, 0x0F, 0x0F, 0x0F, 0x0F, 0x0F, 0x0F, 0x0F, 0x0F, 0x0F, 0x0F, 0x0F,
	0x0F, 0x0F, 0x0F, 0x0F, 0x0F, 0x0F, 0x0F, 0x0F, 0x0F, 0x0F, 0x0F, 0x0F, 0x0F, 0x0F, 0x0F, 0x0F,
	0x0F, 0x0F, 0x0F, 0x0F, 0x00, 0x00, 0x00, 0x00, 0x00, 0x00, 0x00, 0x0F, 0x0F, 0x0F, 0x0F, 0x0F,
	0x0F, 0x0F, 0x0F, 0x0F, 0x0F, 0x0F, 0x0F, 0x0F, 0x0F, 0x0F, 0x0F, 0x0F, 0x0F, 0x0F, 0x0F, 0x0F,
	0x0F, 0x0F, 0x0F, 0x0F, 0x0F, 0x0F, 0x0F, 0x0F, 0x0F, 0x0F, 0x0F, 0x0F, 0x0F, 0x0F, 0x0F, 0x0F,
	0x0F, 0x0F, 0x0F, 0x0F, 0x0F, 0x0F, 0x0F, 0x0F, 0x0F, 0x0F, 0x0F, 0x0F, 0x0F, 0x0F, 0x0F, 0x0F,
	0x0F, 0x0F, 0x0F, 0x0F, 0x0F, 0x0F, 0x0F, 0x0F, 0x0F, 0x0F, 0x0F, 0x0F, 0x0F, 0x0F, 0x0F, 0x0F,
	0x0F, 0x0F, 0x0F, 0x0F, 0x0F, 0x0F, 0x0F, 0x0F, 0x0F, 0x0F, 0x0F, 0x0F, 0x0F, 0x0F, 0x0F, 0x0F,
	0x0F, 0x0F, 0x0F, 0x0F, 0x0F, 0x0F, 0x0F, 0x0F, 0x0F, 0x0F, 0x0F, 0x0F, 0x0F, 0x0F, 0x0F, 0x0F,
	0x0F, 0x0F, 0x0F, 0x0F, 0x0F, 0x0F, 0x0F, 0x0F, 0x0F, 0x0F, 0x0F, 0x0F, 0x0F, 0x0F, 0x0F, 0x0F,
	0x0F, 0x0F, 0x0F, 0x0F, 0x0F, 0x0F, 0x0F, 0x0F, 0x0F, 0x0F, 0x0F, 0x0F, 0x0F, 0x0F, 0x0F, 0x0F,
	0x0F, 0x0F, 0x0F, 0x0F, 0x0F, 0x0F, 0x0F, 0x0F, 0x0F, 0x0F, 0x0F, 0x0F, 0x0F, 0x0F, 0x0F, 0x0F,
	0x0F, 0x0F, 0x0F, 0x0F, 0x0F, 0x0F, 0x0F, 0x0F, 0x0F, 0x0F, 0x0F, 0x0F, 0x0F, 0x0F, 0x0F, 0x0F,
	0x0F, 0x0F, 0x0F, 0x0F, 0x0F, 0x0F, 0x0F, 0x0F, 0x0F, 0x0F, 0x0F, 0x0F, 0x0F, 0x0F, 0x0F, 0x0F,
	0x03, 0x03, 0x03, 0x03, 0x0F, 0x03, 0x03, 0x03, 0x03, 0x03, 0x03, 0x03, 0x03, 0x03, 0x03, 0x03,
	0x03, 0x03, 0x03, 0x03, 0x03, 0x03, 0x03, 0x03, 0x03, 0x03, 0x03, 0x03, 0x03, 0x03, 0x03, 0x03,
	0x0F, 0x03, 0x03, 0x0F, 0x03, 0x0F, 0x0F, 0x03, 0x0F, 0x03, 0x03, 0x03, 0x03, 0x03, 0x03, 0x03,
	0x03, 0x03, 0x03, 0x0F, 0x03, 0x03, 0x03, 0x03, 0x0F, 0x03, 0x0F, 0x03, 0x0F, 0x0F, 0x0F, 0x0F,
	0x0F, 0x0F, 0x03, 0x0F, 0x0F, 0x0F, 0x0F, 0x03, 0x0F, 0x03, 0x0F, 0x03, 0x0F, 0x03, 0x03, 0x03,
	0x0F, 0x03, 0x03, 0x0F, 0x03, 0x0F, 0x0F, 0x03, 0x0F, 0x03, 0x0F, 0x03, 0x0F, 0x03, 0x0F, 0x03,
	0x0F, 0x03, 0x03, 0x0F, 0x03, 0x0F, 0x0F, 0x03, 0x03, 0x03, 0x03, 0x0F, 0x03, 0x03, 0x03, 0x03,
	0x03, 0x03, 0x03, 0x0F, 0x03, 0x03, 0x03, 0x03, 0x0F, 0x03, 0x03, 0x03, 0x03, 0x0F, 0x03, 0x0F,
	0x03, 0x03, 0x03, 0x03, 0x03, 0x03, 0x03, 0x03, 0x03, 0x03, 0x0F, 0x03, 0x03, 0x03, 0x03, 0x03,
	0x03, 0x03, 0x03, 0x03, 0x03, 0x03, 0x03, 0x03, 0x03, 0x03, 0x03, 0x03, 0x0F, 0x0F, 0x0F, 0x0F,
	0x0F, 0x03, 0x03, 0x03, 0x0F, 0x03, 0x03, 0x03, 0x03, 0x03, 0x0F, 0x03, 0x03, 0x03, 0x03, 0x03,
	0x03, 0x03, 0x03, 0x03, 0x03, 0x03, 0x03, 0x03, 0x03, 0x03, 0x03, 0x03, 0x0F, 0x0F, 0x0F, 0x0F,
	0x0F, 0x0F, 0x0F, 0x0F, 0x0F, 0x0F, 0x0F, 0x0F, 0x0F, 0x0F, 0x0F, 0x0F, 0x0F, 0x0F, 0x0F, 0x0F,
	0x0F, 0x0F, 0x0F, 0x0F, 0x0F, 0x0F, 0x0F, 0x0F, 0x0F, 0x0F, 0x0F, 0x0F, 0x0F, 0x0F, 0x0F, 0x0F,
	0x0F, 0x0F, 0x0F, 0x0F, 0x0F, 0x0F, 0x0F, 0x0F, 0x0F, 0x0F, 0x0F, 0x0F, 0x0F, 0x0F, 0x0F, 0x0F,
	0x0F, 0x0F, 0x0F, 0x0F, 0x0F, 0x0F, 0x0F, 0x0F, 0x0F, 0x0F, 0x0F, 0x0F, 0x0F, 0x0F, 0x0F, 0x0F,
	0x03, 0x03, 0x03, 0x03, 0x03, 0x03, 0x03, 0x03, 0x03, 0x03, 0x03, 0x0F, 0x0F, 0x0F, 0x0F, 0x0F,
	0x03, 0x03, 0x03, 0x03, 0x03, 0x03, 0x03, 0x03, 0x03, 0x03, 0x03, 0x03, 0x03, 0x03, 0x03, 0x03,
	0x03, 0x03, 0x03, 0x03, 0x03, 0x03, 0x03, 0x03, 0x03, 0x03, 0x03, 0x03, 0x03, 0x03, 0x03, 0x0F,
	0x03, 0x03, 0x03, 0x03, 0x03, 0x03, 0x03, 0x03, 0x03, 0x03, 0x03, 0x03, 0x03, 0x03, 0x03, 0x03,
	0x03, 0x03, 0x03, 0x03, 0x03, 0x03, 0x03, 0x03, 0x03, 0x03, 0x03, 0x03, 0x03, 0x03, 0x03, 0x03,
	0x0F, 0x0F, 0x0F, 0x0F, 0x0F, 0x0F, 0x0F, 0x0F, 0x0F, 0x0F, 0x0F, 0x0F, 0x0F, 0x0F, 0x0F, 0x0F,
	0x0F, 0x0F, 0x0F, 0x0F, 0x0F, 0x0F, 0x0F, 0x0F, 0x0F, 0x0F, 0x03, 0x03, 0x03, 0x0F, 0x0F, 0x0F,
	0x0F, 0x0F, 0x0F, 0x0F, 0x0F, 0x0F, 0x0F, 0x0F, 0x0F, 0x0F, 0x0F, 0x0F, 0x0F, 0x0F, 0x0F, 0x0F,
	0x0F, 0x0F, 0x0F, 0x0F, 0x0F, 0x0F, 0x0F, 0x0F, 0x0F, 0x0F, 0x0F, 0x0F, 0x0F, 0x0F, 0x0F, 0x0F,
	0x03, 0x0F, 0x0F, 0x0F, 0x0F, 0x0F, 0x0F, 0x0F, 0x0F, 0x0F, 0x0F, 0x0F, 0x0F, 0x0F, 0x0F, 0x0F,
	0x0F, 0x0F, 0x0F, 0x0F, 0x0F, 0x0F, 0x0F, 0x0F, 0x0F, 0x0F, 0x0F, 0x0F, 0x0F, 0x0F, 0x0F, 0x0F,
	0x0F, 0x0F, 0x0F, 0x0F, 0x0F, 0x0F, 0x0F, 0x0F, 0x0F, 0x0F, 0x0F, 0x0F, 0x0F, 0x0F, 0x0F, 0x0F,
	0x0F, 0x0F, 0x0F, 0x0F, 0x0F, 0x0F, 0x0F, 0x0F, 0x0F, 0x0F, 0x0F, 0x0F, 0x0F, 0x0F, 0x0F, 0x0F,
	0x0F, 0x0F, 0x0F, 0x0F, 0x0F, 0x0F, 0x0F, 0x0F, 0x0F, 0x0F, 0x0F, 0x0F, 0x0F, 0x0F, 0x0F, 0x0F,
	0x0F, 0x0F, 0x0F, 0x0F, 0x0F, 0x0F, 0x0F, 0x0F, 0x0F, 0x0F, 0x0F, 0x0F, 0x0F, 0x0F, 0x0F, 0x0F,
	0x0F, 0x0F, 0x0F, 0x0F, 0x0F, 0x0F, 0x0F, 0x0F, 0x0F, 0x0F, 0x0F, 0x0F, 0x0F, 0x0F, 0x0F, 0x0F,
	0x03, 0x03, 0x03, 0x0F, 0x0F, 0x0F, 0x0F, 0x0F, 0x0F, 0x0F, 0x0F, 0x0F, 0x0F, 0x0F, 0x0F, 0x0F,
	0x03, 0x03, 0x03, 0x03, 0x03, 0x03, 0x03, 0x03, 0x03, 0x03, 0x03, 0x03, 0x03, 0x03, 0x03, 0x03,
	0x03, 0x03, 0x03, 0x03, 0x03, 0x03, 0x03, 0x03, 0x03, 0x03, 0x03, 0x03, 0x03, 0x03, 0x03, 0x03,
	0x03, 0x03, 0x03, 0x03, 0x03, 0x03, 0x03, 0x03, 0x03, 0x03, 0x03, 0x03, 0x0F, 0x0F, 0x0F, 0x0F,
	0x03, 0x03, 0x03, 0x03, 0x03, 0x03, 0x03, 0x03, 0x03, 0x0F, 0x0F, 0x0F, 0x0F, 0x0F, 0x0F, 0x0F,
	0x03, 0x03, 0x0F, 0x0F, 0x0F, 0x0F, 0x0F, 0x0F, 0x0F, 0x0F, 0x0F, 0x0F, 0x0F, 0x0F, 0x0F, 0x0F,
	0x0F, 0x0F, 0x0F, 0x0F, 0x0F, 0x0F, 0x0F, 0x0F, 0x0F, 0x0F, 0x0F, 0x0F, 0x0F, 0x0F, 0x0F, 0x0F,
	0x0F, 0x0F, 0x0F, 0x0F, 0x0F, 0x0F, 0x0F, 0x0F, 0x0F, 0x0F, 0x0F, 0x0F, 0x0F, 0x0F, 0x0F, 0x0F,
	0x0F, 0x0F, 0x0F, 0x0F, 0x0F, 0x0F, 0x0F, 0x0F, 0x0F, 0x0F, 0x0F, 0x0F, 0x0F, 0x0F, 0x0F, 0x0F,
	0x0F, 0x0F, 0x0F, 0x0F, 0x0F, 0x0F, 0x0F, 0x0F, 0x0F, 0x0F, 0x0F, 0x0F, 0x0F, 0x0F, 0x0F, 0x0F,
	0x0F, 0x0F, 0x0F, 0x0F, 0x0F, 0x0F, 0x0F, 0x0F, 0x0F, 0x0F, 0x0F, 0x0F, 0x0F, 0x0F, 0x0F, 0x0F,
	0x0F, 0x0F, 0x0F, 0x0F, 0x0F, 0x0F, 0x0F, 0x0F, 0x0F, 0x0F, 0x0F, 0x0F, 0x0F, 0x0F, 0x0F, 0x0F,
	0x0F, 0x0F, 0x0F, 0x0F, 0x0F, 0x0F, 0x0F, 0x0F, 0x0F, 0x0F, 0x0F, 0x0F, 0x0F, 0x0F, 0x0F, 0x0F,
	0x0F, 0x0F, 0x0F, 0x0F, 0x0F, 0x0F, 0x0F, 0x0F, 0x0F, 0x0F, 0x0F, 0x0F, 0x0F, 0x0F, 0x0F, 0x0F,
	0x0F, 0x0F, 0x0F, 0x0F, 0x0F, 0x0F, 0x0F, 0x0F, 0x0F, 0x0F, 0x0F, 0x0F, 0x0F, 0x0F, 0x0F, 0x0F,
	0x0F, 0x0F, 0x0F, 0x0F, 0x0F, 0x0F, 0x0F, 0x0F, 0x0F, 0x0F, 0x0F, 0x0F, 0x0F, 0x0F, 0x0F, 0x0F,
	0x0F, 0x0F, 0x0F, 0x0F, 0x0F, 0x0F, 0x0F, 0x0F, 0x0F, 0x0F, 0x0F, 0x0F, 0x0F, 0x0F, 0x0F, 0x0F,
	0x0F, 0x0F, 0x0F, 0x0F, 0x0F, 0x0F, 0x0F, 0x0F, 0x0F, 0x0F, 0x0F, 0x0F, 0x0F, 0x0F, 0x0F, 0x0F,
	0x0F, 0x0F, 0x0F, 0x0F, 0x0F, 0x0F, 0x0F, 0x0F, 0x0F, 0x0F, 0x0F, 0x0F, 0x0F, 0x0F, 0x0F, 0x0F,
	0x0F, 0x0F, 0x0F, 0x0F, 0x0F, 0x0F, 0x0F, 0x0F, 0x0F, 0x0F, 0x0F, 0x0F, 0x0F, 0x0F, 0x0F, 0x0F,
	0x0F, 0x0F, 0x0F, 0x0F, 0x0F, 0x0F, 0x0F, 0x0F, 0x0F, 0x0F, 0x0F, 0x0F, 0x0F, 0x0F, 0x0F, 0x0F,
	0x0F, 0x0F, 0x0F, 0x0F, 0x0F, 0x0F, 0x0F, 0x0F, 0x0F, 0x0F, 0x0F, 0x0F, 0x0F, 0x0F, 0x0F, 0x0F,
	0x0F, 0x0F, 0x0F, 0x0F, 0x0F, 0x0F, 0x0F, 0x0F, 0x0F, 0x0F, 0x0F, 0x0F, 0x0F, 0x0F, 0x0F, 0x0F,
	0x0F, 0x0F, 0x0F, 0x0F, 0x0F, 0x0F, 0x0F, 0x0F, 0x0F, 0x0F, 0x0F, 0x0F, 0x0F, 0x0F, 0x0F, 0x0F,
	0x0F, 0x0F, 0x0F, 0x0F, 0x0F, 0x0F, 0x0F, 0x0F, 0x0F, 0x0F, 0x0F, 0x0F, 0x0F, 0x0F, 0x0F, 0x0F,
	0x0F, 0x0F, 0x0F, 0x0F, 0x0F, 0x0F, 0x0F, 0x0F, 0x0F, 0x0F, 0x0F, 0x0F, 0x0F, 0x0F, 0x0F, 0x0F,
	0x0F, 0x0F, 0x0F, 0x0F, 0x0F, 0x0F, 0x0F, 0x0F, 0x0F, 0x0F, 0x0F, 0x0F, 0x0F, 0x0F, 0x0F, 0x0F,
	0x0F, 0x0F, 0x0F, 0x0F, 0x0F, 0x0F, 0x0F, 0x0F, 0x0F, 0x0F, 0x0F, 0x0F, 0x0F, 0x0F, 0x0F, 0x0F,
	0x0F, 0x0F, 0x0F, 0x0F, 0x0F, 0x0F, 0x0F, 0x0F, 0x0F, 0x0F, 0x0F, 0x0F, 0x0F, 0x0F, 0x0F, 0x0F,
	0x0F, 0x0F, 0x0F, 0x0F, 0x0F, 0x0F, 0x0F, 0x0F, 0x0F, 0x0F, 0x0F, 0x0F, 0x0F, 0x0F, 0x0F, 0x0F,
	0x0F, 0x0F, 0x0F, 0x0F, 0x0F, 0x0F, 0x0F, 0x0F, 0x0F, 0x0F, 0x0F, 0x0F, 0x0F, 0x0F, 0x0F, 0x0F,
	0x03, 0x03, 0x03, 0x03, 0x03, 0x03, 0x03, 0x03, 0x03, 0x03, 0x0F, 0x0F, 0x0F, 0x0F, 0x0F, 0x0F,
	0x00, 0x00, 0x00, 0x00, 0x00, 0x00, 0x00, 0x00, 0x00, 0x00, 0x00, 0x00, 0x00, 0x00, 0x00, 0x00,
	0x00, 0x00, 0x00, 0x00, 0x00, 0x00, 0x00, 0x00, 0x00, 0x00, 0x00, 0x00, 0x00, 0x00, 0x0F, 0x0F,
	0x0F, 0x0F, 0x0F, 0x0F, 0x0F, 0x0F, 0x0F, 0x0F, 0x0F, 0x0F, 0x0F, 0x0F, 0x0F, 0x0F, 0x0F, 0x0F,
	0x0F, 0x0F, 0x0F, 0x0F, 0x0F, 0x0F, 0x0F, 0x0F, 0x0F, 0x0F, 0x0F, 0x0F, 0x0F, 0x0F, 0x0F, 0x0F,
	0x0F, 0x0F, 0x0F, 0x0F, 0x0F, 0x0F, 0x0F, 0x0F, 0x0F, 0x0F, 0x0F, 0x0F, 0x0F, 0x0F, 0x0F, 0x0F,
	0x0F, 0x0F, 0x0F, 0x0F, 0x0F, 0x0F, 0x0F, 0x0F, 0x0F, 0x0F, 0x0F, 0x0F, 0x0F, 0x0F, 0x0F, 0x0F,
	0x0F, 0x0F, 0x0F, 0x0F, 0x0F, 0x0F, 0x0F, 0x0F, 0x0F, 0x0F, 0x0F, 0x0F, 0x0F, 0x0F, 0x0F, 0x0F,
	0x0F, 0x0F, 0x0F, 0x0F, 0x0F, 0x0F, 0x0F, 0x0F, 0x0F, 0x0F, 0x0F, 0x0F, 0x0F, 0x0F, 0x0F, 0x0F,
	0x0F, 0x0F, 0x0F, 0x0F, 0x0F, 0x0F, 0x0F, 0x0F, 0x0F, 0x0F, 0x0F, 0x0F, 0x0F, 0x0F, 0x0F, 0x0F,
	0x0F, 0x0F, 0x0F, 0x0F, 0x0F, 0x0F, 0x0F, 0x0F, 0x0F, 0x0F, 0x0F, 0x0F, 0x0F, 0x0F, 0x0F, 0x0F,
	0x0F, 0x0F, 0x0F, 0x0F, 0x0F, 0x0F, 0x0F, 0x0F, 0x0F, 0x0F, 0x0F, 0x0F, 0x0F, 0x0F, 0x0F, 0x0F,
	0x0F, 0x0F, 0x0F, 0x0F, 0x0F, 0x0F, 0x0F, 0x0F, 0x0F, 0x0F, 0x0F, 0x0F, 0x0F, 0x0F, 0x0F, 0x0F,
	0x0F, 0x0F, 0x0F, 0x0F, 0x0F, 0x0F, 0x0F, 0x0F, 0x0F, 0x0F, 0x0F, 0x0F, 0x0F, 0x0F, 0x0F, 0x0F,
	0x0F, 0x0F, 0x0F, 0x0F, 0x0F, 0x0F, 0x0F, 0x0F, 0x0F, 0x0F, 0x0F, 0x0F, 0x0F, 0x0F, 0x0F, 0x0F,
	0x0F, 0x0F, 0x0F, 0x0F, 0x0F, 0x0F, 0x0F, 0x0F, 0x0F, 0x0F, 0x0F, 0x0F, 0x0F, 0x0F, 0x0F, 0x0F,
	0x0F, 0x0F, 0x0F, 0x0F, 0x0F, 0x0F, 0x0F, 0x0F, 0x0F, 0x0F, 0x0F, 0x0F, 0x0F, 0x0F, 0x0F, 0x0F,
}

// scriptSpecificExclusions is CompositionExclusions.txt's script-specific exclusions, the
// composition eligibility UnicodeData.txt alone does not decide.
var scriptSpecificExclusions = []rune{
	0x0958,
	0x0959,
	0x095A,
	0x095B,
	0x095C,
	0x095D,
	0x095E,
	0x095F,
	0x09DC,
	0x09DD,
	0x09DF,
	0x0A33,
	0x0A36,
	0x0A59,
	0x0A5A,
	0x0A5B,
	0x0A5E,
	0x0B5C,
	0x0B5D,
	0x0F43,
	0x0F4D,
	0x0F52,
	0x0F57,
	0x0F5C,
	0x0F69,
	0x0F76,
	0x0F78,
	0x0F93,
	0x0F9D,
	0x0FA2,
	0x0FA7,
	0x0FAC,
	0x0FB9,
	0x2ADC,
	0xFB1D,
	0xFB1F,
	0xFB2A,
	0xFB2B,
	0xFB2C,
	0xFB2D,
	0xFB2E,
	0xFB2F,
	0xFB30,
	0xFB31,
	0xFB32,
	0xFB33,
	0xFB34,
	0xFB35,
	0xFB36,
	0xFB38,
	0xFB39,
	0xFB3A,
	0xFB3B,
	0xFB3C,
	0xFB3E,
	0xFB40,
	0xFB41,
	0xFB43,
	0xFB44,
	0xFB46,
	0xFB47,
	0xFB48,
	0xFB49,
	0xFB4A,
	0xFB4B,
	0xFB4C,
	0xFB4D,
	0xFB4E,
	0x1D15E,
	0x1D15F,
	0x1D160,
	0x1D161,
	0x1D162,
	0x1D163,
	0x1D164,
	0x1D1BB,
	0x1D1BC,
	0x1D1BD,
	0x1D1BE,
	0x1D1BF,
	0x1D1C0,
}

// For each form, the least code point that is not a starter or whose quick check for the
// form is not Yes. Text made only of code points below it is its own normalization in
// that form.
const (
	nfcTrivialLimit  = 0x0300
	nfdTrivialLimit  = 0x00C0
	nfkcTrivialLimit = 0x00A0
	nfkdTrivialLimit = 0x00A0
)

// longestDecomposition is the most code points one code point decomposes into fully, in any
// form: the room a decomposition is written into.
const longestDecomposition = 18

// mostMarksComposed is the most marks one starter composes with, one after another, in a
// composing form: of the marks held after a starter, no more than this many are gone from the
// answer.
const mostMarksComposed = 3
